seed,pitch_no,balls,strikes,runners,pitcher_intent,intent_zone,catcher_sign,sign_zone,final,final_zone,agreed,shake_offs,mph,rpm,axis_deg,sigma_m,plate_x,plate_z,swing,tipped,result,reasons,ev_mph,la_deg,play
0,1,0,0,000,CH,low_away,CH,low_away,CH,low_away,1,0,84.4,1367,102.2,0.12,-0.118,0.49,1,0,foul,투수 의도 반영 / 낮은 공 추격 / 오프스피드에 약함,59.1,71.6,foul
0,2,0,1,000,CH,low,CH,low_in,CH,low_in,1,0,84.4,1431,104.4,0.12,0.445,0.475,0,0,ball,투수 의도 반영 / 낮은 공 추격 / 오프스피드에 약함,,,
0,3,1,1,000,FF,high,FF,high_in,FF,high_in,1,0,93.8,2138,57.8,0.12,-0.003,1.143,0,0,ball,투수 의도 반영 / CH 뒤 터널링,,,
0,4,2,1,000,SI,low_away,SI,low_away,SI,low_away,1,0,92.9,2012,95.0,0.121,-0.149,0.664,1,0,foul,투수 의도 반영 / 낮은 공 추격,90.2,-13.2,foul
0,5,2,2,000,CH,chase_low,CH,chase_low,CH,chase_low,1,0,86.1,1471,104.4,0.121,-0.324,0.22,0,0,ball,투수 의도 반영 / SI 뒤 터널링 / 낮은 공 추격 / 오프스피드에 약함,,,
0,6,3,2,000,FF,chase_high,FF,chase_high,FF,chase_high,1,0,94.8,2233,57.8,0.12,0.003,1.084,0,0,ball,투수 의도 반영 / CH 뒤 터널링,,,
1,1,0,0,100,FF,high,SI,low_away,SI,low_away,0,0,92.9,1996,93.4,0.121,0.211,0.453,0,0,ball,도루 위협: 빠른 공,,,
1,2,1,0,100,FF,high,FF,high,FF,high,1,0,93.8,2110,58.2,0.121,0.075,0.962,1,0,foul,투수 의도 반영 / 도루 위협: 빠른 공,84.8,38.6,foul
1,3,1,1,100,CH,low,CH,low_away,CH,low_away,1,0,84.4,1409,109.8,0.121,0.258,0.546,1,0,in_play,투수 의도 반영 / FF 뒤 터널링,84.3,60.0,out
2,1,0,0,001,FF,high_in,FF,high,FF,high,1,0,93.8,2221,50.5,0.121,0.079,1.303,0,0,ball,투수 의도 반영,,,
2,2,1,0,001,FF,high_in,FF,high_in,FF,high_in,1,0,93.8,2200,55.0,0.122,-0.235,0.854,1,0,in_play,투수 의도 반영,88.7,-28.1,out
3,1,0,0,000,FF,high,SI,low,FF,high,0,1,93.8,2123,48.1,0.123,0.06,0.919,0,0,called_strike,투수 의도 반영,,,
3,2,0,1,000,CH,low,CH,low,CH,low,1,0,84.4,1365,101.5,0.122,-0.011,0.533,1,0,in_play,투수 의도 반영 / FF 뒤 터널링,94.4,32.7,out
4,1,0,0,000,CH,low,FF,high,FF,high,0,0,93.8,2198,57.6,0.122,-0.067,1.068,1,0,in_play,낮은 공 추격 / 오프스피드에 약함,91.3,42.3,out
5,1,0,0,100,FF,high,FF,high,FF,high,1,0,93.8,2217,56.6,0.123,0.234,1.064,0,0,called_strike,투수 의도 반영 / 도루 위협: 빠른 공,,,
5,2,0,1,100,CH,low_away,CH,low_away,CH,low_away,1,0,84.4,1384,102.6,0.123,0.244,0.572,0,0,ball,투수 의도 반영 / FF 뒤 터널링,,,
5,3,1,1,100,SL,low,SI,low_away,SL,low_away,0,1,84.4,2122,-30.7,0.145,0.227,0.388,0,0,ball,투수 의도 반영,,,
5,4,2,1,100,FF,high,FF,high,FF,high,1,0,93.8,2095,67.5,0.122,-0.177,1.037,1,0,swinging_strike,투수 의도 반영 / 도루 위협: 빠른 공 / SL 뒤 터널링,,,
5,5,2,2,100,SL,chase_low,SL,chase_low,SL,chase_low,1,0,86.1,2208,-33.1,0.146,0.141,0.386,0,0,ball,투수 의도 반영 / FF 뒤 터널링,,,
5,6,3,2,100,FF,chase_high,FF,chase_high,FF,chase_high,1,0,94.8,2180,46.1,0.121,-0.28,1.268,0,0,ball,투수 의도 반영 / 도루 위협: 빠른 공 / SL 뒤 터널링,,,
6,1,0,0,000,FF,high_in,FF,high_in,FF,high_in,1,0,93.8,2110,68.2,0.122,-0.139,0.794,0,0,called_strike,투수 의도 반영,,,
6,2,0,1,000,SL,away,SL,away,SL,away,1,0,84.4,1998,-40.4,0.147,-0.349,1.018,1,0,swinging_strike,투수 의도 반영 / FF 뒤 터널링,,,
6,3,0,2,000,SL,chase_low,SL,chase_low,SL,chase_low,1,0,86.1,2002,-44.1,0.146,-0.213,0.505,1,0,foul,투수 의도 반영 / 헛스윙 유도 구종 반복 / 낮은 공 추격,88.2,-30.1,foul
6,4,0,2,000,CH,chase_low,CH,chase_low,CH,chase_low,1,0,86.1,1451,99.5,0.124,-0.028,0.378,0,0,ball,투수 의도 반영 / 낮은 공 추격,,,
6,5,1,2,000,SL,chase_away,SL,chase_low,SL,chase_low,1,0,86.1,2081,-39.7,0.146,-0.331,0.256,1,0,foul,투수 의도 반영,66.5,78.9,foul
6,6,1,2,000,SL,chase_low,SL,chase_low,SL,chase_low,1,0,86.1,2200,-40.0,0.146,-0.172,0.526,1,0,swinging_strike,투수 의도 반영 / 낮은 공 추격,,,
7,1,0,0,000,FF,high,FF,high,FF,high,1,0,93.8,2192,58.8,0.121,-0.076,1.03,1,0,swinging_strike,투수 의도 반영,,,
7,2,0,1,000,CH,low,SL,low,SL,low,0,0,84.4,2149,-32.3,0.144,-0.468,0.473,0,0,ball,오늘 잘 통하는 구종 / FF 뒤 터널링,,,
7,3,1,1,000,CH,low,FF,high,FF,high,0,0,93.8,2172,59.5,0.12,-0.208,0.911,1,0,in_play,오늘 잘 통하는 구종 / SL 뒤 터널링,85.0,59.1,out
8,1,0,0,000,CH,low,FF,high_in,FF,high_in,0,0,93.8,2165,63.4,0.121,-0.14,0.872,1,0,foul,,72.5,-67.8,foul
8,2,0,1,000,CH,low,SL,low_away,SL,low_away,0,0,84.4,2094,-39.6,0.145,0.124,0.301,0,0,ball,FF 뒤 터널링,,,
8,3,1,1,000,CH,low,FF,high,CH,low,0,1,84.4,1412,97.1,0.124,0.122,0.564,1,0,foul,투수 의도 반영,95.4,-0.2,foul
8,4,1,2,000,SL,chase_low,SL,chase_low,SL,chase_low,1,0,86.1,2113,-37.0,0.146,0.029,0.26,0,0,ball,투수 의도 반영,,,
8,5,2,2,000,SL,chase_low,SL,chase_low,SL,chase_low,1,0,86.1,2137,-40.8,0.147,-0.012,0.077,0,0,ball,투수 의도 반영,,,
8,6,3,2,000,FF,chase_high,FF,chase_high,FF,chase_high,1,0,94.8,2147,57.4,0.121,-0.136,0.989,1,0,foul,투수 의도 반영 / SL 뒤 터널링,66.1,84.2,foul
8,7,3,2,000,FF,chase_high,FF,chase_high,FF,chase_high,1,0,94.8,2223,60.3,0.121,0.025,1.231,0,0,ball,투수 의도 반영,,,
9,1,0,0,101,FF,high,FF,high,FF,high,1,0,93.8,2282,56.9,0.122,0.224,1.07,0,0,called_strike,투수 의도 반영 / 도루 위협: 빠른 공,,,
9,2,0,1,101,CH,low,CH,low_away,CH,low_away,1,0,84.4,1275,104.9,0.124,-0.094,0.668,1,0,in_play,투수 의도 반영 / FF 뒤 터널링,98.1,10.4,single
10,1,0,0,000,FF,chase_high,FF,high,FF,high,1,0,93.8,2293,57.9,0.121,0.12,0.933,1,0,swinging_strike,투수 의도 반영 / 초구 스윙 성향,,,
10,2,0,1,000,CH,low,CH,low_in,CH,low_in,1,0,84.4,1410,104.8,0.125,-0.178,0.626,1,0,foul,투수 의도 반영 / FF 뒤 터널링,55.5,-56.8,foul
10,3,0,2,000,SL,chase_low,SL,chase_low,SL,chase_low,1,0,86.1,2127,-38.2,0.149,0.092,0.205,0,0,ball,투수 의도 반영,,,
10,4,1,2,000,SL,chase_low,SL,chase_low,SL,chase_low,1,0,86.1,2067,-41.0,0.15,-0.039,0.514,1,0,in_play,투수 의도 반영,79.7,66.6,out
11,1,0,0,000,FF,high,FF,high,FF,high,1,0,93.8,2193,63.8,0.12,-0.154,0.947,1,0,swinging_strike,투수 의도 반영 / 오늘 잘 통하는 구종,,,
11,2,0,1,000,CH,low,CH,low,CH,low,1,0,84.4,1484,104.6,0.125,0.087,0.667,1,0,swinging_strike,투수 의도 반영 / FF 뒤 터널링 / 낮은 공 추격,,,
11,3,0,2,000,SL,chase_low,CH,chase_low,CH,chase_low,0,0,86.1,1417,106.2,0.124,0.145,0.257,0,0,ball,헛스윙 유도 구종 반복 / 낮은 공 추격,,,
11,4,1,2,000,SL,chase_low,FF,chase_high,SL,chase_low,0,1,86.1,2006,-33.8,0.15,0.186,0.045,0,0,ball,투수 의도 반영 / 낮은 공 추격,,,
11,5,2,2,000,SL,chase_low,FF,chase_high,SL,chase_low,0,2,86.1,2057,-32.4,0.152,-0.028,0.159,0,0,ball,투수 의도 반영 / 낮은 공 추격,,,
11,6,3,2,000,FF,chase_high,FF,chase_high,FF,chase_high,1,0,94.8,2187,63.6,0.119,0.09,1.086,1,0,foul,투수 의도 반영 / 오늘 잘 통하는 구종 / SL 뒤 터널링,97.0,-7.2,foul
11,7,3,2,000,FF,chase_high,FF,chase_high,FF,chase_high,1,0,94.8,2134,52.2,0.119,0.027,1.152,0,0,ball,투수 의도 반영 / 오늘 잘 통하는 구종,,,
12,1,0,0,000,CH,low,FF,high,FF,high,0,0,93.8,2137,55.8,0.12,0.006,1.127,0,0,ball,오프스피드에 약함,,,
12,2,1,0,000,SI,low_away,FF,high,FF,high,0,0,93.8,2179,55.3,0.12,0.008,0.772,1,0,foul,,89.7,-34.8,foul
12,3,1,1,000,CH,low,CH,low,CH,low,1,0,84.4,1394,103.8,0.125,0.043,0.673,0,0,called_strike,투수 의도 반영 / FF 뒤 터널링 / 오프스피드에 약함,,,
12,4,1,2,000,SL,chase_low,CH,chase_low,SL,chase_low,0,1,86.1,2104,-31.8,0.153,-0.106,0.269,0,0,ball,투수 의도 반영 / 변화구 헛스윙 많음,,,
12,5,2,2,000,FF,chase_high,FF,chase_high,FF,chase_high,1,0,95.7,2177,54.1,0.12,0.101,1.162,1,1,swinging_strike,투수 의도 반영 / SL 뒤 터널링,,,
13,1,0,0,100,FF,high,FF,high_in,FF,high_in,1,0,93.8,2182,60.9,0.119,-0.241,1.247,0,0,ball,투수 의도 반영 / 오늘 잘 통하는 구종 / 도루 위협: 빠른 공,,,
13,2,1,0,100,FF,high_in,FF,high,FF,high,1,0,93.8,2233,57.7,0.12,-0.005,1.092,0,0,called_strike,투수 의도 반영 / 도루 위협: 빠른 공,,,
13,3,1,1,100,CH,low,CH,low,CH,low,1,0,84.4,1392,104.8,0.124,0.054,0.741,1,0,in_play,투수 의도 반영 / FF 뒤 터널링,95.2,-2.8,single
14,1,0,0,000,FF,high_in,FF,high_in,FF,high_in,1,0,93.8,2092,63.9,0.12,-0.116,1.178,0,0,ball,투수 의도 반영,,,
14,2,1,0,000,SI,low_away,FF,high_in,SI,in,0,1,92.9,2002,95.5,0.122,-0.185,0.908,1,0,in_play,투수 의도 반영,93.2,-10.4,single
15,1,0,0,000,CH,low,FF,high_in,FF,high_in,0,0,93.8,2228,67.7,0.12,0.255,1.188,0,0,ball,오프스피드에 약함,,,
15,2,1,0,000,SI,low,FF,high_in,SI,low,0,2,92.9,2046,91.0,0.123,-0.158,0.538,1,0,in_play,투수 의도 반영,98.8,9.6,single
16,1,0,0,001,FF,high_in,FF,high,FF,high,1,0,93.8,2156,51.3,0.122,0.057,1.038,0,0,called_strike,투수 의도 반영,,,
16,2,0,1,001,CH,low_away,CH,low_away,CH,low_away,1,0,84.4,1392,102.2,0.126,0.084,0.588,1,0,foul,투수 의도 반영 / FF 뒤 터널링,60.4,-63.3,foul
16,3,0,2,001,SL,chase_high,CH,chase_low,SL,chase_high,0,1,86.0,2104,-45.6,0.156,-0.151,1.175,0,0,ball,투수 의도 반영 / 변화구 헛스윙 많음,,,
16,4,1,2,001,CH,chase_low,CH,chase_low,CH,chase_low,1,0,86.0,1454,97.3,0.127,0.032,0.385,1,0,in_play,투수 의도 반영 / 3루 주자: 폭투 위험 회피,95.4,10.9,out
17,1,0,0,100,FF,chase_high,FF,high,FF,high,1,0,93.6,2144,60.7,0.123,0.024,1.028,0,0,called_strike,투수 의도 반영 / 도루 위협: 빠른 공,,,
17,2,0,1,100,SL,low_away,CH,low,SL,low,0,1,84.2,2023,-36.0,0.159,0.11,0.554,0,0,called_strike,투수 의도 반영 / FF 뒤 터널링,,,
17,3,0,2,100,CH,chase_low,CH,chase_low,CH,chase_low,1,0,85.9,1441,110.0,0.129,0.275,0.558,1,0,in_play,투수 의도 반영 / 오늘 감이 나쁜 구종,90.8,-23.1,out
18,1,0,0,000,FF,high_in,FF,high_in,FF,high_in,1,0,93.5,2120,58.8,0.124,0.169,1.005,1,0,in_play,투수 의도 반영,78.4,72.6,out
19,1,0,0,000,FF,high,FF,high,FF,high,1,0,93.5,2212,64.3,0.125,-0.066,1.118,0,0,ball,투수 의도 반영,,,
19,2,1,0,000,FF,high_in,FF,high_in,FF,high_in,1,0,93.4,2255,60.4,0.126,-0.091,1.088,0,0,ball,투수 의도 반영,,,
19,3,2,0,000,SI,low,SI,low,SI,low,1,0,92.5,1974,92.8,0.129,0.019,0.441,1,0,in_play,투수 의도 반영,87.6,52.2,out
20,1,0,0,000,FF,high_in,FF,high,FF,high,1,0,93.4,2171,51.2,0.128,-0.304,1.053,0,0,ball,투수 의도 반영,,,
20,2,1,0,000,FF,high,FF,high,FF,high,1,0,93.3,2152,59.8,0.13,-0.127,0.862,1,0,in_play,투수 의도 반영,85.2,-44.5,out
21,1,0,0,100,CH,low_in,SI,low,SI,low,0,0,92.4,2020,91.4,0.131,-0.181,0.584,1,0,in_play,도루 위협: 빠른 공 / 오늘 감이 나쁜 구종,81.7,58.1,out
22,1,0,0,000,FF,chase_high,FF,high,FF,high,1,0,93.2,2181,51.7,0.131,-0.089,1.103,1,0,swinging_strike,투수 의도 반영 / 초구 스윙 성향,,,
22,2,0,1,000,SL,away,CH,low,SL,in,0,1,83.9,2119,-33.2,0.164,-0.336,0.387,0,0,ball,투수 의도 반영 / FF 뒤 터널링 / 변화구 헛스윙 많음,,,
22,3,1,1,000,FF,high,FF,high_in,FF,high_in,1,0,93.2,2061,51.3,0.131,-0.263,0.924,0,0,ball,투수 의도 반영 / SL 뒤 터널링,,,
22,4,2,1,000,FF,high,FF,high,FF,high,1,0,93.1,2055,57.5,0.133,0.124,1.199,0,0,ball,투수 의도 반영,,,
22,5,3,1,000,SI,middle,SI,middle,SI,middle,1,0,91.2,1913,93.2,0.134,0.122,0.737,0,0,called_strike,투수 의도 반영,,,
22,6,3,2,000,FF,chase_high,FF,chase_high,FF,chase_high,1,0,94.0,2139,59.2,0.135,0.29,0.987,0,0,ball,투수 의도 반영,,,
23,1,0,0,001,FF,high,FF,high,FF,high,1,0,93.0,2023,57.9,0.136,-0.032,0.932,0,0,called_strike,투수 의도 반영 / 오늘 감이 나쁜 구종,,,
23,2,0,1,001,CH,in,CH,low,CH,low,1,0,83.7,1424,93.4,0.137,0.233,0.554,1,0,in_play,투수 의도 반영 / FF 뒤 터널링 / 오늘 감이 나쁜 구종,95.3,24.8,double
24,1,0,0,000,CH,low_away,FF,high_in,FF,high_in,0,0,92.9,2148,52.5,0.136,0.514,0.63,0,0,ball,오늘 감이 나쁜 구종 / 오프스피드에 약함,,,
24,2,1,0,000,FF,high,SI,low,SI,low,0,0,92.0,2037,94.2,0.136,-0.009,0.283,1,0,in_play,오늘 감이 나쁜 구종,86.5,-29.0,out
25,1,0,0,100,SI,low,SI,low_away,SI,low_away,1,0,92.9,1933,93.7,0.12,0.13,0.423,0,0,ball,투수 의도 반영 / 도루 위협: 빠른 공,,,
25,2,1,0,100,FF,high,FF,high,FF,high,1,0,93.8,2205,62.3,0.118,-0.052,1.094,0,0,ball,투수 의도 반영 / 도루 위협: 빠른 공,,,
25,3,2,0,100,FF,high,FF,high,FF,high,1,0,93.8,2014,52.1,0.119,0.006,0.909,0,0,called_strike,투수 의도 반영 / 도루 위협: 빠른 공,,,
25,4,2,1,100,SI,low_away,FF,high,SI,low,0,1,92.9,1973,96.6,0.121,-0.036,0.556,1,0,in_play,투수 의도 반영 / 도루 위협: 빠른 공,94.6,37.4,out
26,1,0,0,000,FF,high_in,FF,high_in,FF,high_in,1,0,93.8,2152,54.9,0.118,-0.252,1.175,0,0,ball,투수 의도 반영,,,
26,2,1,0,000,FF,high,FF,high_in,FF,high_in,1,0,93.8,2089,55.5,0.119,0.065,1.117,1,0,foul,투수 의도 반영,71.1,78.5,foul
26,3,1,1,000,SI,in,SL,away,SL,away,0,0,84.4,2060,-36.4,0.155,0.039,1.05,1,0,in_play,FF 뒤 터널링,94.4,29.1,double
27,1,0,0,000,FF,high_in,FF,high,FF,high,1,0,93.8,2050,57.3,0.119,-0.069,1.189,0,0,ball,투수 의도 반영,,,
27,2,1,0,000,FF,high_in,FF,high,FF,high,1,0,93.8,2178,61.6,0.12,-0.254,0.692,0,0,ball,투수 의도 반영,,,
27,3,2,0,000,SI,low_in,SI,low_in,SI,low_in,1,0,92.9,2033,88.1,0.122,0.14,0.692,1,0,in_play,투수 의도 반영,82.7,-42.6,single
28,1,0,0,000,FF,high_in,FF,high_in,FF,high_in,1,0,93.8,2017,68.8,0.121,-0.231,0.875,0,0,called_strike,투수 의도 반영,,,
28,2,0,1,000,SL,low_in,CH,low,SL,low,0,1,84.4,2105,-35.6,0.156,0.345,0.429,0,0,ball,투수 의도 반영 / FF 뒤 터널링,,,
28,3,1,1,000,FF,high,FF,high,FF,high,1,0,93.8,2219,58.3,0.12,-0.011,0.88,1,0,foul,투수 의도 반영 / SL 뒤 터널링,86.9,-43.5,foul
28,4,1,2,000,SL,chase_low,CH,chase_low,SL,chase_low,0,1,86.1,2026,-36.8,0.157,0.211,0.39,1,0,in_play,투수 의도 반영 / FF 뒤 터널링 / 오늘 감이 나쁜 구종,93.3,-15.3,single
29,1,0,0,100,FF,high,FF,high,FF,high,1,0,93.8,2147,56.5,0.12,0.165,1.144,0,0,ball,투수 의도 반영 / 도루 위협: 빠른 공,,,
29,2,1,0,100,FF,high,FF,high,FF,high,1,0,93.8,2189,56.7,0.121,-0.04,0.981,1,0,swinging_strike,투수 의도 반영 / 도루 위협: 빠른 공,,,
29,3,1,1,100,SI,low,CH,low_away,SI,low_away,0,1,92.9,1939,92.3,0.123,0.152,0.614,0,0,called_strike,투수 의도 반영 / 도루 위협: 빠른 공,,,
29,4,1,2,100,SL,chase_low,CH,chase_low,SL,chase_low,0,1,86.1,2032,-32.0,0.158,-0.008,0.335,0,1,ball,투수 의도 반영 / 오늘 감이 나쁜 구종,,,
29,5,2,2,100,FF,chase_high,FF,chase_high,FF,chase_high,1,0,95.7,2271,63.9,0.12,-0.056,1.332,0,0,ball,투수 의도 반영 / 도루 위협: 빠른 공 / SL 뒤 터널링,,,
29,6,3,2,100,FF,chase_high,FF,chase_high,FF,chase_high,1,0,94.8,2259,61.8,0.121,0.3,1.125,0,0,ball,투수 의도 반영 / 도루 위협: 빠른 공,,,
30,1,0,0,001,FF,high,FF,high_in,FF,high_in,1,0,93.8,2193,55.5,0.122,0.159,1.207,0,0,ball,투수 의도 반영 / 하이 패스트볼에 약함,,,
30,2,1,0,001,FF,high,FF,high,FF,high,1,0,93.8,2122,59.3,0.123,-0.145,1.148,0,0,ball,투수 의도 반영 / 하이 패스트볼에 약함,,,
30,3,2,0,001,SI,in,FF,high_in,SI,high_in,0,1,92.9,1960,89.1,0.122,0.033,0.952,1,0,in_play,투수 의도 반영,84.6,-8.4,out
31,1,0,0,000,FF,high_in,FF,high,FF,high,1,0,93.8,2132,57.2,0.124,-0.187,1.124,0,0,ball,투수 의도 반영,,,
31,2,1,0,000,FF,high_in,FF,high_in,FF,high_in,1,0,93.8,2230,63.6,0.124,-0.188,0.931,1,0,swinging_strike,투수 의도 반영,,,
31,3,1,1,000,SI,low_away,SI,low,SI,low,1,0,92.9,1893,93.8,0.123,0.187,0.692,1,0,foul,투수 의도 반영 / 낮은 공 강타자 회피,91.5,-27.7,foul
31,4,1,2,000,CH,chase_low,CH,chase_low,CH,chase_low,1,0,86.1,1325,99.6,0.137,0.15,0.227,0,0,ball,투수 의도 반영 / SI 뒤 터널링 / 오늘 감이 나쁜 구종,,,
31,5,2,2,000,FF,chase_high,FF,chase_high,FF,chase_high,1,0,95.7,2222,61.1,0.123,0.015,1.115,1,0,foul,투수 의도 반영 / CH 뒤 터널링,104.7,6.9,foul
31,6,2,2,000,FF,chase_high,FF,chase_high,FF,chase_high,1,0,95.7,2092,54.9,0.123,-0.145,1.005,1,0,in_play,투수 의도 반영,91.2,31.8,double
32,1,0,0,000,SI,low_away,SI,low_away,SI,low_away,1,0,92.9,1923,92.8,0.123,0.065,0.621,1,0,in_play,투수 의도 반영,83.8,-45.0,out
33,1,0,0,100,SI,low_away,FF,high,FF,high,0,0,93.8,2138,54.9,0.124,-0.06,1.117,0,0,ball,도루 위협: 빠른 공,,,
33,2,1,0,100,SI,low,FF,high,SI,low,0,1,92.9,2000,99.7,0.123,0.308,0.535,0,0,ball,투수 의도 반영 / 도루 위협: 빠른 공,,,
33,3,2,0,100,FF,high,FF,high,FF,high,1,0,93.8,2149,59.2,0.125,0.11,0.938,1,0,in_play,투수 의도 반영 / 도루 위협: 빠른 공,90.8,40.3,double
34,1,0,0,000,FF,high_in,FF,high_in,FF,high_in,1,0,93.8,2225,61.1,0.125,-0.045,0.959,1,0,in_play,투수 의도 반영 / 오늘 감이 나쁜 구종,95.1,-18.0,single
35,1,0,0,000,SI,low,FF,high_in,FF,high_in,0,0,93.8,2248,58.2,0.126,0.018,1.057,0,0,called_strike,,,,
35,2,0,1,000,CH,low,CH,low,CH,low,1,0,84.4,1354,102.1,0.138,-0.056,0.384,1,0,swinging_strike,투수 의도 반영 / FF 뒤 터널링 / 오늘 감이 나쁜 구종,,,
35,3,0,2,000,SL,chase_low,SL,chase_low,SL,chase_low,1,0,86.1,2021,-31.5,0.159,0.345,0.46,1,0,in_play,투수 의도 반영 / 오늘 감이 나쁜 구종 / 변화구 헛스윙 많음,99.0,20.5,double
36,1,0,0,000,FF,high,FF,high_in,FF,high_in,1,0,93.8,2198,60.4,0.125,0.131,1.001,0,0,called_strike,투수 의도 반영 / 오늘 감이 나쁜 구종,,,
36,2,0,1,000,SL,low_in,CH,low_away,SL,low,0,1,84.4,2151,-42.9,0.16,-0.066,0.577,1,0,in_play,투수 의도 반영 / FF 뒤 터널링 / 오늘 감이 나쁜 구종,91.6,43.3,out
37,1,0,0,101,FF,high,FF,high,FF,high,1,0,93.8,2208,63.0,0.125,-0.058,1.083,1,0,in_play,투수 의도 반영 / 도루 위협: 빠른 공,79.5,48.4,out
38,1,0,0,000,FF,high_in,FF,high,FF,high,1,0,93.8,2080,54.5,0.125,-0.24,1.288,0,0,ball,투수 의도 반영 / 오늘 감이 나쁜 구종,,,
38,2,1,0,000,FF,high_in,FF,high_in,FF,high_in,1,0,93.8,2259,53.4,0.126,-0.146,0.993,1,0,in_play,투수 의도 반영 / 오늘 감이 나쁜 구종,88.0,13.6,single
39,1,0,0,000,SI,low_in,FF,high,FF,high,0,0,93.8,2142,54.8,0.127,0.105,0.866,0,0,called_strike,,,,
39,2,0,1,000,CH,low_in,CH,low,CH,low,1,0,84.4,1411,99.6,0.137,0.178,0.325,0,0,ball,투수 의도 반영 / FF 뒤 터널링 / 낮은 공 강타자 회피 / 오늘 감이 나쁜 구종,,,
39,3,1,1,000,FF,high_in,FF,high_in,FF,high_in,1,0,93.8,2186,57.6,0.126,0.13,1.074,1,0,in_play,투수 의도 반영 / CH 뒤 터널링 / 오늘 감이 나쁜 구종,101.0,2.4,single
40,1,0,0,000,FF,high,CH,low_away,FF,high,0,1,93.8,2248,60.5,0.127,0.126,0.949,0,0,called_strike,투수 의도 반영 / 오늘 감이 나쁜 구종,,,
40,2,0,1,000,SL,low,CH,low,SL,low,0,1,84.4,2123,-36.7,0.161,0.017,0.477,1,0,in_play,투수 의도 반영 / FF 뒤 터널링 / 오늘 감이 나쁜 구종,97.4,1.5,single
41,1,0,0,100,FF,high_in,FF,high,FF,high,1,0,93.8,2232,56.3,0.126,0.008,1.011,1,0,foul,투수 의도 반영 / 도루 위협: 빠른 공 / 오늘 감이 나쁜 구종,63.8,79.0,foul
41,2,0,1,100,CH,away,CH,low_away,CH,low_away,1,0,84.4,1445,105.2,0.137,0.331,0.781,0,0,ball,투수 의도 반영 / FF 뒤 터널링 / 오늘 감이 나쁜 구종 / 오프스피드에 약함,,,
41,3,1,1,100,SI,low_away,FF,high,SI,low_away,0,1,92.9,1934,88.7,0.124,0.125,0.531,1,0,swinging_strike,투수 의도 반영 / 도루 위협: 빠른 공 / CH 뒤 터널링,,,
41,4,1,2,100,CH,low_away,CH,chase_low,CH,chase_low,1,0,86.1,1412,105.2,0.138,-0.276,0.455,1,0,in_play,투수 의도 반영 / SI 뒤 터널링 / 오늘 감이 나쁜 구종 / 오프스피드에 약함,89.2,-0.9,out
42,1,0,0,000,FF,high,FF,high_in,FF,high_in,1,0,93.8,2174,64.9,0.126,0.106,0.885,1,0,in_play,투수 의도 반영 / 오늘 감이 나쁜 구종,91.7,41.0,out
43,1,0,0,000,FF,high,FF,high,FF,high,1,0,93.8,2127,50.8,0.127,-0.094,1.167,0,0,ball,투수 의도 반영 / 오늘 감이 나쁜 구종,,,
43,2,1,0,000,FF,high,SI,low_in,SI,low_in,0,0,92.9,2013,86.2,0.123,-0.247,0.577,0,0,ball,오늘 감이 나쁜 구종,,,
43,3,2,0,000,FF,high_in,FF,high_in,FF,high_in,1,0,93.8,2033,56.6,0.128,-0.105,0.961,1,0,foul,투수 의도 반영 / 오늘 감이 나쁜 구종,75.9,10.1,foul
43,4,2,1,000,FF,high,FF,high,FF,high,1,0,93.8,2213,60.2,0.128,-0.141,1.196,0,0,ball,투수 의도 반영 / 오늘 감이 나쁜 구종,,,
43,5,3,1,000,SI,middle,SI,middle,SI,middle,1,0,91.9,2026,90.2,0.124,-0.068,0.86,0,1,called_strike,투수 의도 반영,,,
43,6,3,2,000,FF,chase_high,FF,chase_high,FF,chase_high,1,0,94.8,2256,56.3,0.129,0.132,1.094,1,0,in_play,투수 의도 반영 / 오늘 감이 나쁜 구종,96.8,-1.0,out
44,1,0,0,001,FF,high_in,SI,low_in,FF,high,0,1,93.8,2106,58.3,0.129,0.175,1.235,0,0,ball,투수 의도 반영 / 오늘 감이 나쁜 구종,,,
44,2,1,0,001,SI,low_away,SI,low_in,SI,low_in,1,0,92.9,1969,96.0,0.123,0.002,0.563,1,0,foul,투수 의도 반영,61.5,50.6,foul
44,3,1,1,001,FF,high,CH,low_away,FF,high,0,1,93.8,2172,59.2,0.13,-0.042,0.913,1,0,in_play,투수 의도 반영 / 오늘 감이 나쁜 구종,88.8,48.6,out
45,1,0,0,100,SI,low,SI,low,SI,low,1,0,92.8,1962,88.5,0.124,0.113,0.432,0,0,ball,투수 의도 반영 / 도루 위협: 빠른 공,,,
45,2,1,0,100,FF,high,SI,low,SI,low,0,0,92.8,1971,89.8,0.125,0.04,0.561,0,0,called_strike,도루 위협: 빠른 공 / 오늘 감이 나쁜 구종,,,
45,3,1,1,100,SL,low,CH,low,SL,low,0,2,84.3,2092,-34.1,0.163,-0.119,0.417,0,0,ball,투수 의도 반영 / 오늘 감이 나쁜 구종,,,
45,4,2,1,100,FF,high,FF,high,FF,high,1,0,93.7,2102,60.5,0.133,0.204,0.881,0,0,called_strike,투수 의도 반영 / 도루 위협: 빠른 공 / SL 뒤 터널링 / 오늘 감이 나쁜 구종,,,
45,5,2,2,100,SL,chase_away,CH,chase_low,SI,chase_high,0,1,94.5,1975,89.5,0.126,-0.045,0.911,1,0,foul,도루 위협: 빠른 공 / 오늘 감이 나쁜 구종,65.0,71.3,foul
45,6,2,2,100,SL,low_away,SI,chase_high,SI,chase_high,0,0,94.5,2039,89.0,0.126,0.063,1.051,1,0,swinging_strike,도루 위협: 빠른 공 / 오늘 감이 나쁜 구종,,,
46,1,0,0,000,SI,low,SI,low,SI,low,1,0,92.6,1927,93.4,0.126,0.162,0.603,1,0,swinging_strike,투수 의도 반영 / 오늘 잘 통하는 구종 / 낮은 공 강타자 회피,,,
46,2,0,1,000,CH,low,CH,low_in,CH,low_in,1,0,84.2,1381,106.6,0.143,-0.119,0.619,1,0,in_play,투수 의도 반영 / SI 뒤 터널링 / 낮은 공 강타자 회피 / 오늘 감이 나쁜 구종,96.7,-1.5,out
47,1,0,0,000,FF,high,SI,low_in,SI,low_in,0,0,92.5,2033,98.9,0.125,-0.182,0.57,0,0,called_strike,오늘 잘 통하는 구종 / 오늘 감이 나쁜 구종,,,
47,2,0,1,000,SL,in,CH,low,CH,low,0,0,84.1,1393,107.6,0.145,0.018,0.561,1,0,swinging_strike,SI 뒤 터널링 / 오늘 감이 나쁜 구종,,,
47,3,0,2,000,SL,chase_low,CH,chase_low,SL,chase_low,0,1,85.7,2166,-27.4,0.17,0.032,0.402,0,0,ball,투수 의도 반영 / 오늘 감이 나쁜 구종,,,
47,4,1,2,000,CH,chase_low,CH,chase_low,CH,chase_low,1,0,85.7,1387,104.0,0.145,0.106,0.328,1,0,foul,투수 의도 반영 / 오늘 감이 나쁜 구종,96.4,6.3,foul
47,5,1,2,000,SL,chase_low,CH,chase_low,CH,chase_low,0,0,85.7,1407,98.6,0.146,0.222,0.123,0,1,ball,오늘 감이 나쁜 구종,,,
47,6,2,2,000,SL,chase_low,SI,chase_high,SL,chase_low,0,2,85.6,2170,-27.2,0.173,0.312,0.339,1,0,swinging_strike,투수 의도 반영 / 오늘 감이 나쁜 구종,,,
48,1,0,0,000,SI,low_in,SI,low_in,SI,low_in,1,0,92.3,1994,92.8,0.128,0.067,0.898,0,0,called_strike,투수 의도 반영 / 오늘 잘 통하는 구종,,,
48,2,0,1,000,SL,low_away,CH,low,SL,low_in,0,1,83.9,2008,-42.0,0.172,-0.047,0.274,0,0,ball,투수 의도 반영 / 오늘 감이 나쁜 구종 / 낮은 공 추격,,,
48,3,1,1,000,SI,low_away,SI,low_away,SI,low_away,1,0,92.2,2015,97.9,0.128,-0.08,0.715,1,0,swinging_strike,투수 의도 반영 / 오늘 잘 통하는 구종 / 낮은 공 추격,,,
48,4,1,2,000,SL,chase_low,CH,chase_low,SL,chase_low,0,1,85.5,2180,-37.7,0.175,-0.022,0.369,1,0,in_play,투수 의도 반영 / 오늘 감이 나쁜 구종 / 낮은 공 추격,94.1,-9.1,out
49,1,0,0,100,SI,low,SI,low_away,SI,low_away,1,0,92.2,1942,85.8,0.128,0.346,0.426,0,0,ball,투수 의도 반영 / 오늘 잘 통하는 구종 / 도루 위협: 빠른 공 / 낮은 공 추격,,,
49,2,1,0,100,SI,low,SI,low_away,SI,low_away,1,0,92.1,1907,92.3,0.129,0.018,0.474,1,0,in_play,투수 의도 반영 / 오늘 잘 통하는 구종 / 도루 위협: 빠른 공 / 낮은 공 추격,91.8,-20.1,single
50,1,0,0,000,FF,high,FF,high,FF,high,1,0,93.8,2112,57.4,0.117,-0.131,0.891,1,0,in_play,투수 의도 반영,90.6,-34.9,out
51,1,0,0,001,FF,chase_high,SI,low_in,FF,high_in,0,1,93.8,2292,58.4,0.118,-0.046,0.88,0,0,called_strike,투수 의도 반영 / 초구 스윙 성향,,,
51,2,0,1,001,SL,low,CH,low_in,CH,low_in,0,0,84.4,1360,103.2,0.13,-0.014,0.779,0,0,called_strike,FF 뒤 터널링 / 오늘 감이 좋은 구종,,,
51,3,0,2,001,SL,chase_low,SL,chase_low,SL,chase_low,1,0,86.1,2000,-41.6,0.144,0.078,0.3,0,0,ball,투수 의도 반영 / 3루 주자: 폭투 위험 회피 / 오늘 감이 좋은 구종,,,
51,4,1,2,001,SL,chase_away,CH,chase_low,SL,chase_away,0,1,86.1,2060,-37.8,0.146,-0.091,0.335,0,0,ball,투수 의도 반영,,,
51,5,2,2,001,FF,chase_high,FF,chase_high,FF,chase_high,1,0,95.7,2282,60.2,0.117,-0.017,0.992,1,1,in_play,투수 의도 반영 / SL 뒤 터널링,71.7,-15.4,out
52,1,0,0,000,FF,high,FF,high_in,FF,high_in,1,0,93.8,2187,63.0,0.118,-0.068,0.853,1,0,swinging_strike,투수 의도 반영,,,
52,2,0,1,000,SL,low,CH,low,SL,in,0,1,84.4,2033,-36.2,0.147,-0.22,0.503,0,0,called_strike,투수 의도 반영 / FF 뒤 터널링,,,
52,3,0,2,000,SL,chase_low,SL,chase_low,SL,chase_low,1,0,86.1,2050,-41.2,0.146,0.117,0.552,1,0,in_play,투수 의도 반영,78.3,71.0,out
53,1,0,0,100,FF,high,FF,high,FF,high,1,0,93.8,2301,54.8,0.116,-0.034,1.137,0,0,ball,투수 의도 반영 / 도루 위협: 빠른 공,,,
53,2,1,0,100,FF,high,FF,high,FF,high,1,0,93.8,2087,58.5,0.117,0.218,0.992,1,0,in_play,투수 의도 반영 / 도루 위협: 빠른 공,99.9,-1.6,out
54,1,0,0,000,FF,high,FF,high,FF,high,1,0,93.8,2159,51.0,0.118,-0.216,1.115,0,0,ball,투수 의도 반영,,,
54,2,1,0,000,FF,high_in,FF,high_in,FF,high_in,1,0,93.8,2186,54.4,0.119,0.034,1.26,0,0,ball,투수 의도 반영,,,
54,3,2,0,000,SI,in,SI,low_in,SI,low_in,1,0,92.9,1908,94.2,0.124,0.034,0.521,1,0,swinging_strike,투수 의도 반영,,,
54,4,2,1,000,FF,high_in,SI,low_away,FF,high_in,0,1,93.8,2186,54.4,0.12,0.225,1.06,1,0,in_play,투수 의도 반영,90.6,33.9,double
55,1,0,0,000,FF,high,SI,low,SI,low,0,0,92.9,1925,85.5,0.123,-0.046,0.578,0,0,called_strike,오늘 잘 통하는 구종,,,
55,2,0,1,000,CH,low_in,CH,low_in,CH,low_in,1,0,84.4,1482,105.7,0.13,-0.074,0.405,1,0,in_play,투수 의도 반영 / SI 뒤 터널링 / 오늘 감이 나쁜 구종,83.1,-38.7,out
56,1,0,0,000,FF,high,FF,high_in,FF,high_in,1,0,93.8,2092,53.0,0.12,-0.045,0.986,0,0,called_strike,투수 의도 반영,,,
56,2,0,1,000,CH,low,CH,low,CH,low,1,0,84.4,1448,108.8,0.13,0.139,0.736,1,0,in_play,투수 의도 반영 / FF 뒤 터널링 / 오늘 감이 나쁜 구종 / 낮은 공 추격,94.5,15.1,single
57,1,0,0,100,SI,low,SI,low,SI,low,1,0,92.9,1986,87.6,0.122,0.063,0.616,0,0,called_strike,투수 의도 반영 / 오늘 잘 통하는 구종 / 도루 위협: 빠른 공 / 낮은 공 추격,,,
57,2,0,1,100,SL,away,CH,low_away,SL,away,0,1,84.4,2187,-40.1,0.147,-0.195,0.719,1,0,swinging_strike,투수 의도 반영,,,
57,3,0,2,100,SL,chase_low,SL,chase_low,SL,chase_low,1,0,86.1,2150,-39.1,0.145,-0.044,0.328,0,0,ball,투수 의도 반영 / 헛스윙 유도 구종 반복 / 낮은 공 추격,,,
57,4,1,2,100,CH,low_away,SL,chase_low,SL,chase_low,0,0,86.1,2143,-38.2,0.146,-0.07,0.598,1,0,in_play,오늘 감이 나쁜 구종 / 낮은 공 추격,94.0,25.0,out
58,1,0,0,001,FF,high,FF,high,FF,high,1,0,93.8,2296,60.1,0.12,0.062,1.022,0,0,called_strike,투수 의도 반영,,,
58,2,0,1,001,SL,away,SL,in,SL,in,1,0,84.4,1979,-35.2,0.147,-0.005,0.779,1,0,swinging_strike,투수 의도 반영 / FF 뒤 터널링,,,
58,3,0,2,001,SL,chase_high,SL,chase_high,SL,chase_high,1,0,86.1,2172,-37.4,0.146,0.043,0.951,1,0,swinging_strike,투수 의도 반영 / 헛스윙 유도 구종 반복,,,
59,1,0,0,000,FF,high,SI,low,FF,high,0,1,93.8,2149,57.9,0.119,-0.056,1.075,0,0,called_strike,투수 의도 반영,,,
59,2,0,1,000,SL,low_in,SL,low_in,SL,low_in,1,0,84.4,2216,-38.7,0.144,-0.184,0.82,1,0,in_play,투수 의도 반영 / 오늘 잘 통하는 구종 / FF 뒤 터널링 / 오늘 감이 좋은 구종,95.8,-6.1,single
60,1,0,0,000,FF,chase_high,SI,low,SI,low,0,0,92.9,2028,92.6,0.121,0.261,0.601,1,0,foul,오늘 잘 통하는 구종 / 초구 스윙 성향,76.7,-18.5,foul
60,2,0,1,000,SL,low_in,CH,low,SL,low_in,0,1,84.4,2125,-40.9,0.145,0.122,0.821,0,0,called_strike,투수 의도 반영,,,
60,3,0,2,000,SL,chase_low,SL,chase_low,SL,chase_low,1,0,86.1,2151,-40.0,0.144,-0.198,0.049,0,0,ball,투수 의도 반영 / 오늘 감이 좋은 구종,,,
60,4,1,2,000,CH,low_in,SL,chase_low,SL,chase_low,0,0,86.1,2175,-44.5,0.145,0.029,0.264,1,0,in_play,오늘 감이 나쁜 구종,97.3,26.5,double
61,1,0,0,100,FF,high,SI,low,FF,high,0,1,93.8,2129,61.9,0.118,0.237,1.028,0,0,called_strike,투수 의도 반영 / 도루 위협: 빠른 공,,,
61,2,0,1,100,CH,low_away,CH,low_away,CH,low_away,1,0,84.4,1454,92.1,0.131,0.351,0.465,0,0,ball,투수 의도 반영 / FF 뒤 터널링 / 오늘 감이 나쁜 구종,,,
61,3,1,1,100,FF,high,FF,high,FF,high,1,0,93.8,2289,58.4,0.118,-0.047,0.919,1,0,in_play,투수 의도 반영 / 도루 위협: 빠른 공 / CH 뒤 터널링,84.4,-29.9,out
62,1,0,0,000,FF,high,FF,high,FF,high,1,0,93.8,2227,58.4,0.118,-0.054,1.049,0,0,called_strike,투수 의도 반영,,,
62,2,0,1,000,SL,high_in,SL,high_in,SL,high_in,1,0,84.4,2088,-31.5,0.146,-0.352,0.887,1,0,in_play,투수 의도 반영 / FF 뒤 터널링,94.8,18.9,out
63,1,0,0,000,FF,high_in,FF,high_in,FF,high_in,1,0,93.8,2120,57.2,0.118,0.388,1.087,0,0,ball,투수 의도 반영,,,
63,2,1,0,000,SI,low,SI,low,SI,low,1,0,92.9,1920,94.9,0.121,0.22,0.67,1,0,in_play,투수 의도 반영 / 오늘 잘 통하는 구종 / 낮은 공 추격,88.8,53.5,out
64,1,0,0,000,FF,high,FF,high_in,FF,high_in,1,0,93.8,2098,57.9,0.119,-0.15,1.171,0,0,ball,투수 의도 반영,,,
64,2,1,0,000,SI,low_away,SI,low_away,SI,low_away,1,0,92.9,2027,86.4,0.122,0.3,0.179,0,0,ball,투수 의도 반영,,,
64,3,2,0,000,FF,high_in,FF,high_in,FF,high_in,1,0,93.8,2139,55.0,0.12,-0.193,0.777,1,0,foul,투수 의도 반영,60.7,71.9,foul
64,4,2,1,000,SI,low_away,SI,low_away,SI,low_away,1,0,92.9,1992,98.2,0.123,0.344,0.505,0,0,ball,투수 의도 반영,,,
64,5,3,1,000,FF,high,FF,high,FF,high,1,0,92.9,2101,63.9,0.12,0.141,0.809,1,0,in_play,투수 의도 반영,94.1,15.0,double
65,1,0,0,101,SI,low,FF,high,SI,low,0,1,92.9,2023,83.8,0.124,-0.078,0.406,0,0,ball,투수 의도 반영 / 도루 위협: 빠른 공,,,
65,2,1,0,101,FF,high,FF,high,FF,high,1,0,93.8,2174,59.1,0.12,-0.142,0.928,1,0,in_play,투수 의도 반영 / 도루 위협: 빠른 공,68.4,-5.2,out
66,1,0,0,000,FF,high_in,FF,high,FF,high,1,0,93.8,2172,49.2,0.121,0.038,1.058,0,0,called_strike,투수 의도 반영,,,
66,2,0,1,000,SL,low,SL,in,SL,in,1,0,84.4,2090,-39.1,0.147,0.091,0.675,1,0,foul,투수 의도 반영 / FF 뒤 터널링,63.0,82.9,foul
66,3,0,2,000,SL,chase_low,SL,chase_low,SL,chase_low,1,0,86.1,2120,-35.6,0.147,-0.056,0.122,0,0,ball,투수 의도 반영,,,
66,4,1,2,000,CH,low,SL,chase_low,CH,chase_low,0,1,86.1,1425,105.4,0.132,-0.02,0.272,0,0,ball,투수 의도 반영 / 오늘 감이 나쁜 구종,,,
66,5,2,2,000,FF,chase_high,FF,chase_high,FF,chase_high,1,0,95.7,2155,59.6,0.12,0.037,1.089,0,0,called_strike,투수 의도 반영 / CH 뒤 터널링,,,
67,1,0,0,000,FF,high,FF,high,FF,high,1,0,93.8,2134,61.2,0.12,0.067,1.16,0,0,ball,투수 의도 반영,,,
67,2,1,0,000,FF,high_in,FF,high_in,FF,high_in,1,0,93.8,2105,57.4,0.121,-0.02,0.964,1,0,in_play,투수 의도 반영,83.6,46.4,out
68,1,0,0,000,FF,high_in,FF,high,FF,high,1,0,93.8,2140,58.5,0.121,0.163,0.81,1,0,swinging_strike,투수 의도 반영,,,
68,2,0,1,000,SL,away,SL,low_away,SL,low_away,1,0,84.4,2068,-33.6,0.148,-0.039,0.816,1,0,swinging_strike,투수 의도 반영 / FF 뒤 터널링 / 변화구 헛스윙 많음,,,
68,3,0,2,000,SL,chase_low,SL,chase_low,SL,chase_low,1,0,86.1,2096,-31.9,0.146,0.034,0.002,0,0,ball,투수 의도 반영 / 헛스윙 유도 구종 반복 / 변화구 헛스윙 많음,,,
68,4,1,2,000,CH,low_away,CH,chase_low,CH,chase_low,1,0,86.1,1436,110.5,0.133,0.242,0.434,0,0,ball,투수 의도 반영 / 오늘 감이 나쁜 구종,,,
68,5,2,2,000,SL,chase_low,FF,chase_high,FF,chase_high,0,0,95.7,2151,57.4,0.12,-0.021,1.145,0,0,ball,CH 뒤 터널링 / 변화구 헛스윙 많음,,,
68,6,3,2,000,FF,chase_high,FF,chase_high,FF,chase_high,1,0,94.8,2276,65.5,0.121,0.124,1.155,0,1,ball,투수 의도 반영,,,
69,1,0,0,100,FF,chase_high,FF,high,FF,high,1,0,93.8,2166,59.1,0.122,0.05,1.098,0,0,ball,투수 의도 반영 / 도루 위협: 빠른 공 / 초구 스윙 성향,,,
69,2,1,0,100,SI,low_away,FF,high,FF,high,0,0,93.8,2126,56.5,0.123,-0.225,0.967,1,0,foul,도루 위협: 빠른 공 / 바깥쪽 추격,98.4,20.5,foul
69,3,1,1,100,CH,low_away,CH,low_away,CH,low_away,1,0,84.4,1474,104.9,0.134,-0.243,0.528,0,0,called_strike,투수 의도 반영 / FF 뒤 터널링 / 오늘 감이 나쁜 구종 / 바깥쪽 추격,,,
69,4,1,2,100,SL,chase_low,SL,chase_low,SL,chase_low,1,0,86.1,2237,-34.2,0.149,-0.26,0.513,0,0,ball,투수 의도 반영,,,
69,5,2,2,100,SL,chase_low,SL,chase_low,SL,chase_low,1,0,86.0,2228,-35.4,0.15,-0.282,0.387,1,0,in_play,투수 의도 반영,71.0,51.7,out
70,1,0,0,000,FF,high,FF,high,FF,high,1,0,93.7,2138,58.4,0.125,0.138,1.016,1,0,foul,투수 의도 반영,100.3,12.2,foul
70,2,0,1,000,SL,in,SL,away,SL,away,1,0,84.3,2028,-36.4,0.152,0.315,0.648,0,0,ball,투수 의도 반영 / FF 뒤 터널링 / 변화구 헛스윙 많음,,,
70,3,1,1,000,FF,high_in,FF,high_in,FF,high_in,1,0,93.6,2155,53.7,0.126,-0.158,0.972,1,0,in_play,투수 의도 반영 / SL 뒤 터널링,87.8,24.2,double
71,1,0,0,000,FF,high_in,FF,high_in,FF,high_in,1,0,93.5,2185,54.0,0.127,-0.115,0.888,1,0,in_play,투수 의도 반영,89.6,8.0,single
72,1,0,0,001,FF,chase_high,FF,high,FF,high,1,0,93.5,2178,59.8,0.128,-0.006,0.952,1,0,swinging_strike,투수 의도 반영 / 초구 스윙 성향,,,
72,2,0,1,001,CH,low_in,CH,low_away,CH,low_away,1,0,84.1,1354,99.3,0.138,-0.207,0.438,0,0,ball,투수 의도 반영 / FF 뒤 터널링 / 오늘 감이 나쁜 구종,,,
72,3,1,1,001,FF,high_in,FF,high,FF,high,1,0,93.4,2144,55.1,0.128,-0.376,0.812,1,0,foul,투수 의도 반영 / CH 뒤 터널링,63.0,44.0,foul
72,4,1,2,001,SL,chase_low,SL,chase_low,SL,chase_low,1,0,85.7,2029,-37.1,0.157,-0.175,0.498,1,0,in_play,투수 의도 반영 / 3루 주자: 폭투 위험 회피 / FF 뒤 터널링,96.7,20.2,out
73,1,0,0,100,SL,low,FF,high,SI,low_away,0,1,92.4,1879,94.6,0.131,0.039,0.277,0,0,ball,도루 위협: 빠른 공,,,
73,2,1,0,100,FF,high,FF,high,FF,high,1,0,93.3,2197,55.9,0.129,0.066,0.695,0,0,called_strike,투수 의도 반영 / 도루 위협: 빠른 공,,,
73,3,1,1,100,SL,low,FF,high,SL,low_away,0,1,84.0,2132,-40.2,0.16,0.188,0.896,1,0,in_play,투수 의도 반영 / FF 뒤 터널링,92.6,-23.6,out
74,1,0,0,000,FF,high,FF,high,FF,high,1,0,93.2,2206,52.8,0.129,0.067,1.085,0,0,ball,투수 의도 반영,,,
74,2,1,0,000,FF,high_in,FF,high_in,FF,high_in,1,0,93.2,2190,55.1,0.131,-0.089,1.078,0,0,ball,투수 의도 반영,,,
74,3,2,0,000,SI,low_in,SI,low_in,SI,low_in,1,0,92.2,2000,99.5,0.134,-0.219,0.575,1,0,in_play,투수 의도 반영 / 낮은 공 강타자 회피 / 오늘 감이 나쁜 구종,96.9,-3.4,out
75,1,0,0,000,CH,low_in,CH,low_in,CH,low_in,1,0,84.4,1391,101.7,0.117,0.266,0.389,0,0,ball,투수 의도 반영,,,
75,2,1,0,000,SI,low_in,FF,high,FF,high,0,0,93.8,2060,59.6,0.128,0.05,0.858,1,0,in_play,CH 뒤 터널링,79.4,-47.5,out
76,1,0,0,000,SI,low_away,FF,high_in,FF,high_in,0,0,93.8,2126,66.8,0.129,0.087,0.916,0,0,called_strike,낮은 공 강타자 회피,,,
76,2,0,1,000,CH,low,CH,low_away,CH,low_away,1,0,84.4,1354,105.6,0.118,0.357,0.325,0,0,ball,투수 의도 반영 / FF 뒤 터널링 / 낮은 공 강타자 회피,,,
76,3,1,1,000,SL,away,FF,high_in,FF,high_in,0,0,93.8,2202,56.3,0.128,-0.318,1.01,0,0,ball,CH 뒤 터널링,,,
76,4,2,1,000,SI,in,FF,high_in,SI,low_in,0,1,92.9,2019,94.9,0.118,-0.112,0.332,0,0,ball,투수 의도 반영,,,
76,5,3,1,000,FF,middle,FF,high,FF,high,1,0,92.9,2160,58.6,0.129,0.004,1.182,0,0,ball,투수 의도 반영 / 오늘 감이 나쁜 구종 / 제구 불안: 존 안으로,,,
77,1,0,0,100,CH,low_away,SI,low,CH,low_away,0,1,84.4,1399,101.1,0.119,0.191,0.716,1,0,foul,투수 의도 반영 / 낮은 공 추격 / 오프스피드에 약함,66.4,86.7,foul
77,2,0,1,100,CH,low_away,CH,low_away,CH,low_away,1,0,84.4,1367,98.7,0.119,0.159,0.367,0,0,ball,투수 의도 반영 / 낮은 공 추격 / 오프스피드에 약함,,,
77,3,1,1,100,SL,low,SI,low,SI,low,0,0,92.9,1918,85.2,0.118,-0.045,0.343,0,0,ball,도루 위협: 빠른 공 / CH 뒤 터널링 / 낮은 공 추격,,,
77,4,2,1,100,SI,low_away,FF,high,SI,low,0,1,92.9,1988,87.9,0.119,-0.071,0.724,1,0,in_play,투수 의도 반영 / 도루 위협: 빠른 공 / 낮은 공 추격,82.2,-44.9,out
78,1,0,0,000,FF,high_in,FF,high_in,FF,high_in,1,0,93.8,2074,59.0,0.13,0.219,1.043,0,0,called_strike,투수 의도 반영 / 오늘 감이 나쁜 구종,,,
78,2,0,1,000,SL,away,CH,low_away,SL,away,0,1,84.4,2114,-32.3,0.147,-0.059,1.001,1,0,in_play,투수 의도 반영 / FF 뒤 터널링,94.6,-4.3,out
79,1,0,0,001,CH,low_in,CH,low_in,CH,low_in,1,0,84.4,1421,102.3,0.12,-0.105,0.732,0,0,called_strike,투수 의도 반영,,,
79,2,0,1,001,SL,low_in,CH,low_in,CH,low_in,0,0,84.4,1363,102.8,0.119,-0.093,0.595,1,0,foul,,55.9,63.6,foul
79,3,0,2,001,SL,chase_low,SL,chase_low,SL,chase_low,1,0,86.1,2143,-34.9,0.148,0.161,0.481,1,0,foul,투수 의도 반영 / 3루 주자: 폭투 위험 회피,79.9,65.3,foul
79,4,0,2,001,CH,chase_low,CH,chase_low,CH,chase_low,1,0,86.1,1395,101.8,0.119,-0.043,0.4,1,0,in_play,투수 의도 반영 / 3루 주자: 폭투 위험 회피,73.1,76.7,out
80,1,0,0,000,CH,low,CH,low,CH,low,1,0,84.4,1467,112.9,0.12,-0.053,0.234,0,0,ball,투수 의도 반영,,,
80,2,1,0,000,SI,low_away,FF,high,SI,low_away,0,1,92.9,1953,94.1,0.12,0.295,0.495,1,0,in_play,투수 의도 반영 / CH 뒤 터널링,94.5,41.3,out
81,1,0,0,100,SI,low_away,FF,high,FF,high,0,0,93.8,2190,53.3,0.13,0.121,0.977,1,0,foul,도루 위협: 빠른 공,69.4,76.4,foul
81,2,0,1,100,CH,low_away,CH,low,CH,low,1,0,84.4,1351,103.7,0.121,0.138,0.391,1,0,in_play,투수 의도 반영 / FF 뒤 터널링,83.6,-13.7,out
82,1,0,0,000,CH,low_away,CH,low,CH,low,1,0,84.4,1360,98.6,0.121,0.111,0.677,1,0,in_play,투수 의도 반영 / 낮은 공 강타자 회피,93.5,37.4,out
83,1,0,0,000,CH,low,FF,high,FF,high,0,0,93.8,2220,59.4,0.13,0.163,0.92,1,0,foul,,62.6,45.2,foul
83,2,0,1,000,CH,low_in,CH,low,CH,low,1,0,84.4,1421,99.7,0.122,0.021,0.536,1,0,in_play,투수 의도 반영 / FF 뒤 터널링,82.3,63.0,out
84,1,0,0,000,SL,low,FF,high,SL,low,0,1,84.4,2164,-40.6,0.148,-0.077,0.571,0,0,called_strike,투수 의도 반영,,,
84,2,0,1,000,CH,low,CH,low,CH,low,1,0,84.4,1388,102.9,0.123,-0.089,0.43,1,0,foul,투수 의도 반영,71.7,-51.6,foul
84,3,0,2,000,SL,chase_low,SL,chase_low,SL,chase_low,1,0,86.1,2136,-40.5,0.147,-0.006,0.114,0,0,ball,투수 의도 반영,,,
84,4,1,2,000,SL,chase_low,SL,chase_low,SL,chase_low,1,0,86.1,2112,-37.1,0.148,-0.241,0.387,1,1,foul,투수 의도 반영,86.2,-25.6,foul
84,5,1,2,000,CH,low_away,CH,chase_low,CH,chase_low,1,0,86.1,1357,110.8,0.123,-0.092,0.211,0,0,ball,투수 의도 반영,,,
84,6,2,2,000,SL,chase_low,SL,chase_low,SL,chase_low,1,0,86.1,2133,-35.5,0.148,0.015,0.153,0,0,ball,투수 의도 반영,,,
84,7,3,2,000,SI,middle,FF,chase_high,SI,middle,0,1,93.8,1990,89.8,0.121,0.225,0.673,1,0,in_play,투수 의도 반영,81.6,-48.6,out
85,1,0,0,100,SL,low,SI,low_away,SI,low_away,0,0,92.9,2076,90.9,0.121,0.126,0.571,1,0,swinging_strike,도루 위협: 빠른 공,,,
85,2,0,1,100,SL,low,CH,low,CH,low,0,0,84.4,1343,100.0,0.124,-0.074,0.611,1,0,in_play,SI 뒤 터널링,92.3,-12.9,out
86,1,0,0,001,SL,away,SI,away,SI,away,0,0,92.9,2101,97.5,0.12,0.211,0.734,0,0,called_strike,,,,
86,2,0,1,001,CH,low,CH,low_away,CH,low_away,1,0,84.4,1435,99.7,0.124,-0.076,0.736,1,0,foul,투수 의도 반영 / SI 뒤 터널링 / 낮은 공 강타자 회피,64.2,82.0,foul
86,3,0,2,001,SL,chase_low,SL,chase_low,SL,chase_low,1,0,86.1,2132,-35.2,0.149,0.069,0.21,0,0,ball,투수 의도 반영,,,
86,4,1,2,001,CH,chase_low,SL,chase_low,SL,chase_low,0,0,86.1,2166,-33.2,0.15,0.082,0.345,1,0,swinging_strike,,,,
87,1,0,0,000,CH,low_in,SI,low,SI,low,0,0,92.9,2025,97.3,0.119,-0.029,0.731,1,0,in_play,,88.5,-15.9,single
88,1,0,0,000,SI,low,CH,low,CH,low,0,0,84.4,1377,102.1,0.124,0.076,0.665,1,0,foul,,95.2,-12.7,foul
88,2,0,1,000,CH,low_in,CH,low_in,CH,low_in,1,0,84.4,1388,104.8,0.124,-0.13,0.68,1,0,in_play,투수 의도 반영,97.8,2.7,out
89,1,0,0,100,CH,low_away,FF,high,FF,high,0,0,93.8,2131,53.8,0.13,-0.158,0.942,1,0,in_play,도루 위협: 빠른 공,97.1,20.3,out
90,1,0,0,000,CH,low,FF,high,SL,away,0,1,84.4,2077,-34.5,0.149,-0.048,0.93,1,0,in_play,낮은 공 강타자 회피,97.7,5.3,single
91,1,0,0,000,SI,low_in,FF,high_in,FF,high_in,0,0,93.8,2228,60.2,0.13,-0.099,1.071,0,0,called_strike,,,,
91,2,0,1,000,SL,low_in,CH,low_in,SL,low_in,0,1,84.4,2090,-43.8,0.15,-0.146,0.725,1,0,in_play,투수 의도 반영 / FF 뒤 터널링,84.7,57.1,out
92,1,0,0,000,SI,low,SI,low,SI,low,1,0,92.9,1925,93.3,0.12,0.054,0.494,1,0,swinging_strike,투수 의도 반영,,,
92,2,0,1,000,SL,low_away,CH,low_away,CH,low_away,0,0,84.4,1402,97.6,0.125,0.116,0.595,0,0,called_strike,SI 뒤 터널링,,,
92,3,0,2,000,SL,chase_high,SL,chase_low,SL,chase_low,1,0,86.1,2138,-32.4,0.15,-0.039,0.554,1,0,in_play,투수 의도 반영,98.5,17.2,out
93,1,0,0,101,SI,low_in,SI,low_away,SI,low_away,1,0,92.9,1996,90.7,0.119,-0.184,0.624,1,0,in_play,투수 의도 반영 / 도루 위협: 빠른 공,99.1,13.4,double
94,1,0,0,000,SI,high,FF,high_in,SI,high,0,1,92.9,1996,93.3,0.119,0.173,0.999,1,0,foul,투수 의도 반영,83.8,-43.7,foul
94,2,0,1,000,SL,in,CH,low_away,CH,low_away,0,0,84.4,1363,98.6,0.124,0.041,0.5,1,0,foul,SI 뒤 터널링 / 낮은 공 강타자 회피,58.9,73.1,foul
94,3,0,2,000,SL,chase_low,SL,chase_low,SL,chase_low,1,0,86.1,2162,-36.4,0.151,0.21,0.485,1,0,in_play,투수 의도 반영,92.9,-16.1,out
95,1,0,0,000,CH,low,CH,low,CH,low,1,0,84.4,1372,105.4,0.124,0.153,0.752,0,0,called_strike,투수 의도 반영,,,
95,2,0,1,000,SL,low_in,CH,low,SL,in,0,1,84.4,2070,-38.6,0.152,-0.026,1.112,0,0,ball,투수 의도 반영,,,
95,3,1,1,000,CH,low,FF,high_in,CH,low,0,1,84.4,1391,103.5,0.124,0.058,0.409,0,0,ball,투수 의도 반영,,,
95,4,2,1,000,FF,high,FF,high,FF,high,1,0,93.8,2114,55.8,0.13,0.026,1.067,1,0,swinging_strike,투수 의도 반영 / CH 뒤 터널링 / 오늘 감이 나쁜 구종,,,
95,5,2,2,000,SL,chase_low,CH,chase_low,SL,chase_low,0,1,86.1,2280,-43.1,0.153,0.268,0.328,1,0,swinging_strike,투수 의도 반영 / FF 뒤 터널링,,,
96,1,0,0,000,FF,high_in,FF,high_in,FF,high_in,1,0,93.8,2181,60.1,0.128,-0.144,0.98,0,0,called_strike,투수 의도 반영 / 오늘 감이 나쁜 구종,,,
96,2,0,1,000,CH,low_away,CH,low_away,CH,low_away,1,0,84.4,1407,106.6,0.125,-0.131,0.621,1,0,in_play,투수 의도 반영 / FF 뒤 터널링,92.7,41.5,double
97,1,0,0,100,SI,low,FF,high,SI,low,0,1,92.9,2021,89.4,0.119,-0.062,0.876,0,0,called_strike,투수 의도 반영 / 도루 위협: 빠른 공,,,
97,2,0,1,100,CH,low,CH,low_away,CH,low_away,1,0,84.4,1403,102.7,0.125,0.332,0.581,0,0,ball,투수 의도 반영 / SI 뒤 터널링,,,
97,3,1,1,100,CH,low_away,FF,high,SL,low,0,2,84.4,2081,-34.0,0.151,-0.38,0.667,0,0,ball,오늘 감이 나쁜 구종,,,
97,4,2,1,100,SI,low_away,FF,high,SI,low_away,0,1,92.8,1899,93.8,0.119,0.349,0.586,0,0,ball,투수 의도 반영 / 도루 위협: 빠른 공,,,
97,5,3,1,100,FF,middle,FF,middle,FF,middle,1,0,92.8,2168,61.2,0.129,-0.037,1.021,1,0,in_play,투수 의도 반영 / 오늘 잘 통하는 구종 / 도루 위협: 빠른 공 / 오늘 감이 나쁜 구종,97.2,-4.2,out
98,1,0,0,000,FF,high,FF,high,FF,high,1,0,93.7,2127,58.2,0.13,-0.016,1.0,1,0,in_play,투수 의도 반영 / 오늘 감이 나쁜 구종,70.0,77.6,out
99,1,0,0,000,SI,low_in,FF,high_in,FF,high_in,0,0,93.7,1992,62.6,0.131,-0.088,1.048,0,0,called_strike,,,,
99,2,0,1,000,CH,low,CH,low,CH,low,1,0,84.3,1365,100.8,0.129,-0.119,0.545,0,0,called_strike,투수 의도 반영 / FF 뒤 터널링 / 오늘 감이 나쁜 구종,,,
99,3,0,2,000,SL,chase_low,SL,chase_low,SL,chase_low,1,0,85.9,2099,-37.9,0.156,-0.021,0.051,0,0,ball,투수 의도 반영,,,
99,4,1,2,000,SL,chase_low,SL,chase_low,SL,chase_low,1,0,85.9,2019,-34.2,0.158,-0.167,0.189,0,0,ball,투수 의도 반영,,,
99,5,2,2,000,CH,chase_low,FF,chase_high,CH,chase_low,0,1,85.8,1364,100.7,0.129,0.106,0.283,0,0,ball,투수 의도 반영 / 오늘 감이 나쁜 구종,,,
99,6,3,2,000,SI,chase_high,FF,chase_high,SI,chase_high,0,1,93.5,2052,95.9,0.124,0.012,1.257,0,0,ball,투수 의도 반영 / CH 뒤 터널링,,,
100,1,0,0,001,SL,low,CH,low_in,SI,low_away,0,1,92.9,1956,87.5,0.118,0.192,0.706,1,0,in_play,오늘 감이 좋은 구종,78.6,46.1,out
101,1,0,0,100,CH,low_away,CH,low_away,CH,low_away,1,0,84.4,1467,104.8,0.116,0.094,0.634,0,0,called_strike,투수 의도 반영,,,
101,2,0,1,100,SL,low,CH,low,SL,low,0,1,84.4,2019,-36.5,0.143,-0.041,0.417,0,0,ball,투수 의도 반영 / 오늘 감이 좋은 구종,,,
101,3,1,1,100,CH,low_away,FF,high,CH,low_away,0,1,84.4,1435,104.5,0.116,0.249,0.474,0,0,called_strike,투수 의도 반영,,,
101,4,1,2,100,SL,chase_low,CH,chase_low,CH,chase_low,0,0,86.1,1382,103.1,0.115,0.165,0.403,0,0,ball,,,,
101,5,2,2,100,SL,chase_low,SL,chase_low,SL,chase_low,1,0,86.1,2035,-42.4,0.145,0.228,0.117,0,0,ball,투수 의도 반영,,,
101,6,3,2,100,CH,chase_low,FF,chase_high,SI,middle,0,1,93.8,2096,92.9,0.119,-0.048,0.948,1,0,in_play,도루 위협: 빠른 공,79.9,-50.9,single
102,1,0,0,000,FF,high_in,FF,high,FF,high,1,0,93.8,2202,58.3,0.129,-0.189,0.877,1,0,swinging_strike,투수 의도 반영 / 오늘 감이 나쁜 구종,,,
102,2,0,1,000,CH,low_in,CH,low_away,CH,low_away,1,0,84.4,1403,98.6,0.116,-0.115,0.414,0,0,ball,투수 의도 반영 / FF 뒤 터널링 / 낮은 공 강타자 회피,,,
102,3,1,1,000,FF,high_in,FF,high,FF,high,1,0,93.8,2085,57.4,0.128,0.029,1.075,0,0,ball,투수 의도 반영 / 오늘 잘 통하는 구종 / CH 뒤 터널링 / 오늘 감이 나쁜 구종,,,
102,4,2,1,000,SI,high_in,FF,high,FF,high,0,0,93.8,2231,54.2,0.128,0.023,0.928,1,0,in_play,,85.5,40.4,out
103,1,0,0,000,CH,low,FF,high_in,FF,high_in,0,0,93.8,2166,60.7,0.129,-0.159,0.971,0,0,called_strike,,,,
103,2,0,1,000,CH,low_in,CH,low,CH,low,1,0,84.4,1363,101.9,0.117,-0.141,0.544,0,0,called_strike,투수 의도 반영 / FF 뒤 터널링,,,
103,3,0,2,000,SL,chase_low,CH,chase_low,CH,chase_low,0,0,86.1,1526,106.3,0.116,0.088,0.107,1,0,swinging_strike,,,,
104,1,0,0,000,CH,low,FF,high_in,CH,low,0,1,84.4,1413,108.6,0.115,0.224,0.657,1,0,foul,투수 의도 반영 / 오늘 감이 좋은 구종,75.2,69.4,foul
104,2,0,1,000,SL,low_in,CH,low_in,CH,low_in,0,0,84.4,1408,105.4,0.115,-0.363,0.626,1,0,in_play,,94.6,31.2,double
105,1,0,0,100,CH,low_in,CH,low,CH,low,1,0,84.4,1291,100.0,0.116,0.016,0.587,1,0,in_play,투수 의도 반영,95.0,-10.9,out
106,1,0,0,000,CH,low,FF,high_in,CH,low_away,0,1,84.4,1394,109.3,0.116,0.2,0.588,1,0,swinging_strike,투수 의도 반영 / 낮은 공 강타자 회피,,,
106,2,0,1,000,CH,low_away,CH,away,CH,away,1,0,84.4,1362,102.2,0.115,0.084,0.848,1,0,in_play,투수 의도 반영 / 헛스윙 유도 구종 반복 / 오늘 감이 좋은 구종 / 낮은 공 강타자 회피,82.2,60.0,out
107,1,0,0,001,CH,chase_low,CH,low,CH,low,1,0,84.4,1400,99.3,0.116,-0.019,0.365,0,0,ball,투수 의도 반영 / 초구 스윙 성향,,,
107,2,1,0,001,SI,low,FF,high_in,SI,low,0,1,92.9,1977,99.7,0.12,0.054,0.624,1,0,in_play,투수 의도 반영 / CH 뒤 터널링,89.0,-29.0,out
108,1,0,0,000,CH,low_away,CH,low_away,CH,low_away,1,0,84.4,1416,107.8,0.117,-0.035,0.562,0,0,called_strike,투수 의도 반영 / 낮은 공 추격,,,
108,2,0,1,000,CH,low_away,CH,low_away,CH,low_away,1,0,84.4,1418,106.5,0.116,-0.033,0.605,0,0,called_strike,투수 의도 반영 / 낮은 공 추격,,,
108,3,0,2,000,SL,chase_low,SL,chase_low,SL,chase_low,1,0,86.1,2127,-37.5,0.146,0.0,0.279,0,0,ball,투수 의도 반영 / 낮은 공 추격,,,
108,4,1,2,000,CH,chase_low,CH,chase_low,CH,chase_low,1,0,86.1,1375,100.7,0.116,-0.186,0.295,0,0,ball,투수 의도 반영 / 오늘 감이 좋은 구종 / 낮은 공 추격,,,
108,5,2,2,000,CH,chase_low,CH,chase_low,CH,chase_low,1,0,86.1,1426,102.7,0.116,-0.182,0.462,0,0,called_strike,투수 의도 반영 / 낮은 공 추격,,,
109,1,0,0,100,CH,low,CH,low_away,CH,low_away,1,0,84.4,1387,102.1,0.116,0.177,0.461,0,0,called_strike,투수 의도 반영,,,
109,2,0,1,100,CH,low_away,CH,low,CH,low,1,0,84.4,1394,103.4,0.115,0.097,0.686,1,0,foul,투수 의도 반영 / 오늘 감이 좋은 구종,76.5,-50.4,foul
109,3,0,2,100,SL,chase_low,SL,chase_low,SL,chase_low,1,0,86.1,2151,-37.1,0.147,0.234,0.366,1,0,foul,투수 의도 반영,59.9,67.7,foul
109,4,0,2,100,CH,chase_low,CH,chase_low,CH,chase_low,1,0,86.1,1474,102.6,0.115,0.09,0.481,1,0,foul,투수 의도 반영 / 오늘 감이 좋은 구종,58.3,38.1,foul
109,5,0,2,100,SL,chase_low,CH,chase_low,CH,chase_low,0,0,86.1,1324,99.4,0.115,-0.133,0.304,0,0,ball,,,,
109,6,1,2,100,SL,chase_high,CH,chase_low,SL,chase_low,0,1,86.1,2167,-34.3,0.147,0.268,0.434,1,0,foul,투수 의도 반영,58.2,66.7,foul
109,7,1,2,100,CH,low_away,CH,chase_low,CH,chase_low,1,0,86.1,1325,101.4,0.116,0.151,0.249,0,0,ball,투수 의도 반영,,,
109,8,2,2,100,SL,chase_low,CH,chase_low,CH,chase_low,0,0,86.1,1513,106.3,0.117,0.151,0.245,0,0,ball,,,,
109,9,3,2,100,FF,chase_high,FF,chase_high,FF,chase_high,1,0,94.8,2067,66.9,0.128,0.055,0.933,1,0,swinging_strike,투수 의도 반영 / 도루 위협: 빠른 공 / CH 뒤 터널링 / 오늘 감이 나쁜 구종,,,
110,1,0,0,000,CH,low_in,FF,high,FF,high,0,0,93.8,2125,61.5,0.127,0.005,0.822,1,0,swinging_strike,오늘 잘 통하는 구종,,,
110,2,0,1,000,CH,low_away,CH,low,CH,low,1,0,84.4,1295,106.2,0.118,0.052,0.576,0,0,called_strike,투수 의도 반영 / FF 뒤 터널링 / 낮은 공 강타자 회피,,,
110,3,0,2,000,SL,chase_low,CH,chase_low,CH,chase_low,0,0,86.1,1379,107.5,0.117,0.049,0.351,0,0,ball,,,,
110,4,1,2,000,SL,chase_low,SL,chase_low,SL,chase_low,1,0,86.1,2150,-36.7,0.147,0.239,0.256,0,0,ball,투수 의도 반영,,,
110,5,2,2,000,SL,chase_low,SL,chase_low,SL,chase_low,1,0,86.1,2096,-29.7,0.148,0.027,0.192,0,0,ball,투수 의도 반영,,,
110,6,3,2,000,SI,middle,FF,chase_high,SI,middle,0,1,93.8,1955,91.0,0.12,0.037,0.775,1,0,in_play,투수 의도 반영,92.5,-12.1,single
111,1,0,0,000,CH,low_in,FF,high_in,FF,high_in,0,0,93.8,2078,50.5,0.126,0.058,1.143,0,0,ball,오늘 잘 통하는 구종,,,
111,2,1,0,000,FF,high,FF,high,FF,high,1,0,93.8,2110,58.8,0.127,0.114,0.828,0,0,called_strike,투수 의도 반영 / 오늘 잘 통하는 구종 / 오늘 감이 나쁜 구종 / 하이 패스트볼에 약함,,,
111,3,1,1,000,CH,low,CH,low,CH,low,1,0,84.4,1338,99.7,0.118,0.05,0.575,1,0,in_play,투수 의도 반영 / FF 뒤 터널링,89.6,47.3,out
112,1,0,0,000,FF,high,FF,high,FF,high,1,0,93.8,2134,57.2,0.126,0.21,0.953,1,0,in_play,투수 의도 반영 / 오늘 잘 통하는 구종 / 오늘 감이 나쁜 구종 / 하이 패스트볼에 약함,97.2,9.5,single
113,1,0,0,100,FF,high,FF,high,FF,high,1,0,93.8,2147,59.8,0.127,-0.076,0.955,0,0,called_strike,투수 의도 반영 / 도루 위협: 빠른 공 / 오늘 감이 나쁜 구종 / 하이 패스트볼에 약함,,,
113,2,0,1,100,CH,low_away,CH,low,CH,low,1,0,84.4,1389,103.5,0.119,-0.106,0.569,1,0,swinging_strike,투수 의도 반영 / FF 뒤 터널링,,,
113,3,0,2,100,SL,chase_low,CH,chase_low,SL,chase_low,0,1,86.1,2067,-36.3,0.149,0.0,0.345,0,0,ball,투수 의도 반영,,,
113,4,1,2,100,CH,chase_low,CH,chase_low,CH,chase_low,1,0,86.1,1405,98.5,0.118,0.23,0.237,0,0,ball,투수 의도 반영,,,
113,5,2,2,100,CH,chase_low,FF,chase_high,CH,chase_low,0,1,86.1,1447,99.1,0.119,0.113,0.28,0,0,ball,투수 의도 반영,,,
113,6,3,2,100,FF,chase_high,FF,chase_high,FF,chase_high,1,0,94.8,2242,63.1,0.126,-0.181,1.106,0,0,ball,투수 의도 반영 / 도루 위협: 빠른 공 / CH 뒤 터널링 / 오늘 감이 나쁜 구종,,,
114,1,0,0,001,CH,low_away,FF,high_in,FF,high_in,0,0,93.8,2182,59.6,0.127,0.157,0.96,0,0,called_strike,,,,
114,2,0,1,001,CH,low,CH,low_away,CH,low_away,1,0,84.4,1360,103.5,0.12,-0.159,0.982,1,0,in_play,투수 의도 반영 / FF 뒤 터널링 / 낮은 공 강타자 회피,94.3,-18.3,out
115,1,0,0,000,CH,low,FF,high,FF,high,0,0,93.8,2221,63.8,0.127,0.041,1.091,0,0,ball,,,,
115,2,1,0,000,SI,low_in,FF,high,FF,high,0,0,93.8,2162,56.1,0.128,-0.114,0.975,1,0,swinging_strike,,,,
115,3,1,1,000,CH,low,CH,low,CH,low,1,0,84.4,1358,100.7,0.12,0.028,0.433,0,0,called_strike,투수 의도 반영 / FF 뒤 터널링,,,
115,4,1,2,000,SL,chase_low,SL,chase_low,SL,chase_low,1,0,86.1,2007,-31.3,0.15,-0.044,0.189,0,0,ball,투수 의도 반영,,,
115,5,2,2,000,FF,chase_high,FF,chase_high,FF,chase_high,1,0,95.7,2191,51.8,0.126,0.04,1.29,0,0,ball,투수 의도 반영 / SL 뒤 터널링 / 오늘 감이 나쁜 구종,,,
115,6,3,2,000,SI,middle,FF,chase_high,FF,chase_high,0,0,94.8,2169,59.9,0.127,0.253,1.174,0,0,ball,,,,
116,1,0,0,000,CH,low_away,CH,low_away,CH,low_away,1,0,84.4,1443,95.8,0.12,0.168,0.586,0,0,called_strike,투수 의도 반영,,,
116,2,0,1,000,CH,low_away,CH,low_in,CH,low_in,1,0,84.4,1452,97.4,0.119,-0.199,0.551,1,0,swinging_strike,투수 의도 반영,,,
116,3,0,2,000,SL,chase_high,SL,chase_low,SL,chase_low,1,0,86.1,2153,-41.1,0.152,-0.112,0.225,0,0,ball,투수 의도 반영,,,
116,4,1,2,000,SL,chase_low,CH,chase_low,CH,chase_low,0,0,86.1,1377,98.3,0.119,0.019,0.233,0,0,ball,,,,
116,5,2,2,000,SL,chase_away,CH,chase_low,CH,chase_low,0,0,86.0,1426,103.5,0.12,0.288,0.155,0,0,ball,,,,
116,6,3,2,000,SI,chase_high,FF,chase_high,FF,chase_high,0,0,94.6,2145,53.1,0.13,-0.031,1.188,0,0,ball,CH 뒤 터널링,,,
117,1,0,0,100,SI,low_in,FF,high,CH,low,0,1,84.3,1449,101.1,0.122,-0.128,0.586,0,0,called_strike,,,,
117,2,0,1,100,SL,low,CH,low,SL,low,0,1,84.2,1971,-38.1,0.156,-0.305,0.464,1,0,foul,투수 의도 반영,91.7,39.1,foul
117,3,0,2,100,CH,chase_low,CH,chase_low,CH,chase_low,1,0,85.9,1400,100.8,0.122,-0.001,0.341,0,0,ball,투수 의도 반영,,,
117,4,1,2,100,CH,chase_low,CH,chase_low,CH,chase_low,1,0,85.8,1440,103.2,0.124,-0.07,0.352,0,0,ball,투수 의도 반영,,,
117,5,2,2,100,SL,chase_low,SL,chase_low,SL,chase_low,1,0,85.8,2072,-37.3,0.158,-0.069,0.36,0,0,ball,투수 의도 반영,,,
117,6,3,2,100,FF,chase_high,FF,chase_high,FF,chase_high,1,0,94.4,2139,56.3,0.134,0.167,1.043,1,0,foul,투수 의도 반영 / 도루 위협: 빠른 공 / SL 뒤 터널링 / 오늘 감이 나쁜 구종,67.0,67.0,foul
117,7,3,2,100,SI,middle,CH,chase_low,CH,chase_low,0,0,84.9,1372,93.1,0.126,-0.285,0.549,1,0,foul,FF 뒤 터널링,98.3,26.1,foul
117,8,3,2,100,SI,chase_high,FF,chase_high,SI,chase_high,0,1,93.4,1864,91.5,0.127,-0.066,1.349,0,0,ball,투수 의도 반영 / 도루 위협: 빠른 공 / CH 뒤 터널링,,,
118,1,0,0,000,SI,low,CH,low_away,CH,low_away,0,0,84.0,1353,100.3,0.127,0.158,0.523,1,0,swinging_strike,,,,
118,2,0,1,000,CH,low_in,CH,low,CH,low,1,0,84.0,1365,103.2,0.126,-0.141,0.542,0,0,called_strike,투수 의도 반영 / 헛스윙 유도 구종 반복,,,
118,3,0,2,000,SL,chase_low,CH,chase_low,CH,chase_low,0,0,85.6,1465,107.1,0.126,0.241,0.541,1,0,swinging_strike,,,,
119,1,0,0,000,CH,low_in,CH,low_in,CH,low_in,1,0,83.9,1433,109.0,0.125,-0.072,0.693,1,0,in_play,투수 의도 반영 / 오늘 잘 통하는 구종 / 낮은 공 강타자 회피,86.1,52.0,out
120,1,0,0,000,CH,low_in,CH,low_in,CH,low_in,1,0,83.9,1353,105.9,0.126,0.125,0.561,0,0,called_strike,투수 의도 반영,,,
120,2,0,1,000,CH,low_in,CH,low,CH,low,1,0,83.8,1462,90.9,0.126,0.0,0.573,0,0,called_strike,투수 의도 반영 / 오늘 잘 통하는 구종,,,
120,3,0,2,000,SL,chase_low,SL,chase_low,SL,chase_low,1,0,85.5,2069,-34.9,0.165,0.135,0.404,0,0,ball,투수 의도 반영,,,
120,4,1,2,000,CH,chase_low,CH,chase_low,CH,chase_low,1,0,85.4,1481,108.1,0.126,-0.105,0.371,0,0,ball,투수 의도 반영 / 오늘 잘 통하는 구종,,,
120,5,2,2,000,CH,chase_low,CH,chase_low,CH,chase_low,1,0,85.4,1420,101.7,0.128,-0.072,0.391,0,0,ball,투수 의도 반영,,,
120,6,3,2,000,FF,chase_high,FF,chase_high,FF,chase_high,1,0,93.9,2249,58.1,0.14,0.15,0.97,1,0,foul,투수 의도 반영 / CH 뒤 터널링 / 오늘 감이 나쁜 구종,72.2,-57.4,foul
120,7,3,2,000,SI,chase_high,CH,chase_low,CH,chase_low,0,0,84.5,1368,100.8,0.13,0.035,0.397,1,1,in_play,FF 뒤 터널링,89.9,21.2,out
121,1,0,0,101,CH,low,FF,high,CH,low,0,1,83.6,1324,104.9,0.131,-0.054,0.622,0,0,called_strike,투수 의도 반영 / 3루 주자: 폭투 위험 회피,,,
121,2,0,1,101,CH,low,CH,low,CH,low,1,0,83.6,1382,101.6,0.131,0.18,0.882,1,0,foul,투수 의도 반영 / 3루 주자: 폭투 위험 회피,64.2,83.3,foul
121,3,0,2,101,SL,chase_away,SL,chase_low,SL,chase_low,1,0,85.2,1979,-41.4,0.171,0.239,0.258,0,0,ball,투수 의도 반영 / 3루 주자: 폭투 위험 회피,,,
121,4,1,2,101,CH,chase_high,CH,chase_low,CH,chase_low,1,0,85.2,1394,93.4,0.132,-0.089,0.21,0,0,ball,투수 의도 반영 / 3루 주자: 폭투 위험 회피,,,
121,5,2,2,101,SL,chase_high,CH,chase_low,CH,chase_low,0,0,85.2,1491,105.7,0.133,-0.11,0.162,0,0,ball,3루 주자: 폭투 위험 회피,,,
121,6,3,2,101,FF,chase_high,FF,chase_high,FF,chase_high,1,0,93.7,2102,53.5,0.144,0.021,1.245,0,0,ball,투수 의도 반영 / 도루 위협: 빠른 공 / CH 뒤 터널링 / 오늘 감이 나쁜 구종,,,
122,1,0,0,000,CH,low_away,CH,low_away,CH,low_away,1,0,83.4,1361,98.5,0.135,0.067,0.326,0,0,ball,투수 의도 반영,,,
122,2,1,0,000,SI,high,FF,high,SI,low,0,1,91.7,1961,92.3,0.137,-0.236,0.612,0,0,called_strike,투수 의도 반영 / CH 뒤 터널링,,,
122,3,1,1,000,CH,low,CH,low,CH,low,1,0,83.3,1403,102.1,0.137,-0.133,0.334,0,0,ball,투수 의도 반영 / SI 뒤 터널링,,,
122,4,2,1,000,SI,low,FF,high,SI,low,0,1,91.5,1850,93.2,0.137,0.206,0.744,1,0,in_play,투수 의도 반영 / CH 뒤 터널링,74.4,-60.8,single
123,1,0,0,000,FF,high,FF,high,FF,high,1,0,92.4,1997,51.1,0.148,0.053,0.971,0,0,called_strike,투수 의도 반영 / 오늘 감이 나쁜 구종,,,
123,2,0,1,000,CH,away,CH,low_away,CH,low_away,1,0,83.0,1398,105.7,0.14,-0.183,0.573,0,0,called_strike,투수 의도 반영 / FF 뒤 터널링,,,
123,3,0,2,000,SL,chase_low,CH,chase_low,SL,chase_low,0,1,84.6,2170,-32.2,0.178,-0.14,0.323,0,0,ball,투수 의도 반영 / 낮은 공 추격,,,
123,4,1,2,000,SL,chase_low,CH,chase_low,SL,chase_low,0,1,84.6,2103,-35.9,0.18,-0.191,0.422,0,0,ball,투수 의도 반영 / 오늘 감이 나쁜 구종 / 낮은 공 추격,,,
123,5,2,2,000,CH,chase_high,CH,chase_low,CH,chase_low,1,0,84.5,1386,109.5,0.14,-0.291,0.434,1,0,swinging_strike,투수 의도 반영,,,
124,1,0,0,000,CH,low,CH,low,CH,low,1,0,82.7,1368,100.8,0.14,0.144,0.71,1,0,foul,투수 의도 반영,67.2,-49.8,foul
124,2,0,1,000,CH,low_in,CH,low_in,CH,low_in,1,0,82.7,1355,107.9,0.14,-0.051,0.384,0,0,ball,투수 의도 반영,,,
124,3,1,1,000,SI,low_away,FF,high,SI,low_in,0,1,90.8,2082,91.0,0.142,-0.122,0.681,1,0,in_play,투수 의도 반영 / CH 뒤 터널링,85.8,57.1,out
125,1,0,0,100,CH,low,CH,low_away,CH,low_away,1,0,84.4,1411,103.9,0.123,0.046,0.483,0,0,called_strike,투수 의도 반영 / 오프스피드에 약함,,,
125,2,0,1,100,CH,low,CH,low_away,CH,low_away,1,0,84.4,1362,105.5,0.123,0.363,0.672,1,0,foul,투수 의도 반영 / 오프스피드에 약함,93.1,-20.0,foul
125,3,0,2,100,SL,chase_low,SL,chase_low,SL,chase_low,1,0,86.1,2172,-33.0,0.152,-0.247,0.226,0,0,ball,투수 의도 반영,,,
125,4,1,2,100,CH,chase_low,CH,chase_low,CH,chase_low,1,0,86.1,1371,103.7,0.123,-0.036,0.416,0,0,ball,투수 의도 반영 / 오프스피드에 약함,,,
125,5,2,2,100,SL,chase_low,CH,chase_low,CH,chase_low,0,0,86.1,1436,107.4,0.124,0.049,0.127,0,1,ball,,,,
125,6,3,2,100,SL,chase_low,FF,chase_high,SL,chase_low,0,1,85.3,2102,-30.4,0.153,0.372,0.769,0,0,ball,투수 의도 반영,,,
126,1,0,0,000,SL,chase_low,FF,high_in,CH,chase_low,0,1,84.4,1356,103.6,0.125,-0.038,0.397,1,0,in_play,초구 스윙 성향,90.2,49.8,out
127,1,0,0,000,CH,low,CH,low,CH,low,1,0,84.4,1428,104.3,0.125,-0.127,0.379,1,0,in_play,투수 의도 반영 / 오프스피드에 약함,98.1,10.4,single
128,1,0,0,001,CH,low_in,CH,low_in,CH,low_in,1,0,84.4,1330,108.3,0.126,-0.266,0.629,1,0,in_play,투수 의도 반영 / 오늘 감이 나쁜 구종,97.3,13.3,single
129,1,0,0,100,CH,low,FF,high,CH,low,0,1,84.4,1338,94.8,0.126,-0.211,0.565,1,0,in_play,투수 의도 반영 / 오늘 감이 나쁜 구종,94.7,35.7,out
130,1,0,0,000,FF,high,FF,high,FF,high,1,0,93.8,2155,57.1,0.139,-0.221,1.195,1,0,in_play,투수 의도 반영 / 오늘 감이 나쁜 구종,97.9,-13.3,out
131,1,0,0,000,CH,low,FF,high_in,CH,low,0,1,84.4,1416,105.3,0.127,-0.257,0.805,0,0,ball,투수 의도 반영 / 오늘 감이 나쁜 구종,,,
131,2,1,0,000,FF,high_in,FF,high_in,FF,high_in,1,0,93.8,2117,60.5,0.139,-0.15,1.086,1,0,in_play,투수 의도 반영 / CH 뒤 터널링 / 오늘 감이 나쁜 구종,99.4,-1.8,single
132,1,0,0,000,CH,low_away,CH,low_away,CH,low_away,1,0,84.4,1451,100.4,0.128,-0.024,0.678,0,0,called_strike,투수 의도 반영 / 오늘 감이 나쁜 구종,,,
132,2,0,1,000,SL,low_in,CH,low_away,SL,low_away,0,1,84.4,2026,-42.0,0.155,-0.397,0.496,0,0,ball,투수 의도 반영,,,
132,3,1,1,000,CH,low_in,CH,low_away,CH,low_away,1,0,84.4,1438,104.4,0.127,-0.024,0.663,1,0,in_play,투수 의도 반영 / 오늘 감이 나쁜 구종,96.0,9.4,single
133,1,0,0,100,CH,low,FF,high,CH,low,0,1,84.4,1440,101.0,0.128,-0.043,0.619,1,0,in_play,투수 의도 반영 / 오늘 감이 나쁜 구종,95.6,26.4,out
134,1,0,0,000,SL,in,FF,high,SL,in,0,2,84.4,2039,-37.4,0.156,-0.127,0.678,1,0,in_play,투수 의도 반영,86.5,-24.0,single
135,1,0,0,001,CH,low,FF,high_in,FF,high_in,0,0,93.8,2100,56.1,0.14,0.093,0.962,0,0,called_strike,오늘 감이 나쁜 구종,,,
135,2,0,1,001,SL,low,CH,low_in,SL,low_in,0,1,84.4,2221,-31.9,0.156,0.254,0.332,0,0,ball,투수 의도 반영 / FF 뒤 터널링 / 변화구 헛스윙 많음,,,
135,3,1,1,001,CH,low,FF,high_in,CH,low_in,0,1,84.4,1445,102.9,0.129,0.298,0.609,0,0,ball,투수 의도 반영 / 오늘 감이 나쁜 구종,,,
135,4,2,1,001,FF,high,FF,high,FF,high,1,0,93.8,2192,57.8,0.139,0.311,1.091,1,0,foul,투수 의도 반영 / CH 뒤 터널링 / 오늘 감이 나쁜 구종,71.6,18.5,foul
135,5,2,2,001,SL,chase_low,CH,chase_low,CH,chase_low,0,0,86.1,1506,99.3,0.129,-0.214,0.428,1,1,foul,3루 주자: 폭투 위험 회피 / FF 뒤 터널링 / 오늘 감이 나쁜 구종 / 변화구 헛스윙 많음,87.1,-23.9,foul
135,6,2,2,001,SL,chase_low,SL,chase_away,SL,chase_away,1,0,86.1,2129,-35.4,0.158,-0.395,0.847,0,0,ball,투수 의도 반영 / 오늘 감이 나쁜 구종 / 변화구 헛스윙 많음,,,
135,7,3,2,001,FF,chase_high,FF,chase_high,FF,chase_high,1,0,94.8,2125,52.5,0.139,0.022,1.182,0,0,ball,투수 의도 반영 / SL 뒤 터널링 / 오늘 감이 나쁜 구종,,,
136,1,0,0,000,CH,low,FF,high_in,CH,low_away,0,1,84.4,1341,99.1,0.129,0.21,0.426,0,0,ball,투수 의도 반영 / 오늘 감이 나쁜 구종,,,
136,2,1,0,000,FF,high_in,FF,high,FF,high,1,0,93.8,2102,59.9,0.14,-0.062,1.089,0,0,called_strike,투수 의도 반영 / CH 뒤 터널링 / 오늘 감이 나쁜 구종,,,
136,3,1,1,000,CH,low_in,CH,low,CH,low,1,0,84.4,1387,100.2,0.13,-0.095,0.31,0,0,ball,투수 의도 반영 / FF 뒤 터널링 / 오늘 감이 나쁜 구종,,,
136,4,2,1,000,FF,high_in,FF,high_in,FF,high_in,1,0,93.8,2132,58.1,0.139,-0.187,1.019,0,0,called_strike,투수 의도 반영 / CH 뒤 터널링 / 오늘 감이 나쁜 구종,,,
136,5,2,2,000,CH,low_away,CH,chase_low,CH,chase_low,1,0,86.1,1372,106.2,0.131,-0.074,0.333,0,0,ball,투수 의도 반영 / FF 뒤 터널링 / 오늘 감이 나쁜 구종,,,
136,6,3,2,000,SI,middle,FF,chase_high,SI,middle,0,1,93.8,2014,81.9,0.14,-0.048,0.8,1,0,in_play,투수 의도 반영 / CH 뒤 터널링 / 오늘 감이 나쁜 구종,97.5,-8.7,single
137,1,0,0,100,CH,low_in,FF,high,CH,low_away,0,2,84.4,1364,102.5,0.132,0.017,0.65,0,0,called_strike,투수 의도 반영 / 오늘 감이 나쁜 구종 / 오프스피드에 약함,,,
137,2,0,1,100,CH,low_in,CH,low_away,CH,low_away,1,0,84.4,1436,106.5,0.132,0.297,0.534,0,0,ball,투수 의도 반영 / 오늘 감이 나쁜 구종 / 오프스피드에 약함,,,
137,3,1,1,100,SL,in,FF,high,FF,high,0,0,93.8,2124,59.6,0.139,-0.152,1.079,1,0,foul,도루 위협: 빠른 공 / CH 뒤 터널링 / 오늘 감이 나쁜 구종,58.5,67.2,foul
137,4,1,2,100,CH,low,CH,chase_low,CH,chase_low,1,0,86.1,1454,99.6,0.132,0.352,0.382,0,0,ball,투수 의도 반영 / FF 뒤 터널링 / 오늘 감이 나쁜 구종 / 오프스피드에 약함,,,
137,5,2,2,100,SL,chase_low,CH,chase_low,SL,chase_low,0,1,86.1,2060,-37.4,0.159,0.074,0.199,0,1,ball,투수 의도 반영 / 오늘 감이 나쁜 구종,,,
137,6,3,2,100,SI,middle,FF,chase_high,SI,middle,0,1,93.8,2066,93.9,0.141,-0.113,0.963,1,0,foul,투수 의도 반영 / 도루 위협: 빠른 공 / 오늘 감이 나쁜 구종,57.6,-77.0,foul
137,7,3,2,100,FF,middle,FF,chase_high,FF,chase_high,1,0,94.8,2183,60.1,0.139,-0.163,1.167,0,0,ball,투수 의도 반영 / 도루 위협: 빠른 공 / 오늘 감이 나쁜 구종,,,
138,1,0,0,000,SL,in,FF,high_in,SL,in,0,1,84.4,2100,-40.4,0.16,0.053,0.831,1,0,in_play,투수 의도 반영 / 오늘 감이 나쁜 구종,94.7,29.5,out
139,1,0,0,000,CH,low,CH,low,CH,low,1,0,84.4,1417,104.8,0.133,0.139,0.643,1,0,foul,투수 의도 반영 / 오늘 감이 나쁜 구종 / 오프스피드에 약함,70.6,79.4,foul
139,2,0,1,000,CH,low,CH,low,CH,low,1,0,84.4,1395,101.1,0.133,0.233,0.414,1,0,in_play,투수 의도 반영 / 오늘 감이 나쁜 구종 / 오프스피드에 약함,98.9,12.5,out
140,1,0,0,000,CH,low_in,FF,high_in,CH,low_in,0,1,84.4,1394,103.1,0.134,-0.046,0.586,1,0,in_play,투수 의도 반영 / 오늘 감이 나쁜 구종,94.1,33.3,double
141,1,0,0,100,FF,high,FF,high,FF,high,1,0,93.8,2136,53.8,0.14,-0.013,0.83,0,0,called_strike,투수 의도 반영 / 도루 위협: 빠른 공 / 오늘 감이 나쁜 구종,,,
141,2,0,1,100,CH,low_in,CH,low,CH,low,1,0,84.4,1384,108.4,0.135,0.056,0.523,1,0,in_play,투수 의도 반영 / FF 뒤 터널링 / 오늘 감이 나쁜 구종,95.2,32.7,double
142,1,0,0,001,FF,high,FF,high_in,FF,high_in,1,0,93.8,2168,57.0,0.139,-0.197,1.09,0,0,ball,투수 의도 반영 / 오늘 감이 나쁜 구종,,,
142,2,1,0,001,FF,high,FF,high,FF,high,1,0,93.8,2242,58.5,0.14,-0.067,1.026,1,0,in_play,투수 의도 반영 / 오늘 감이 나쁜 구종,93.1,26.8,out
143,1,0,0,000,FF,high,FF,high,FF,high,1,0,93.8,1994,63.2,0.141,-0.095,1.152,0,0,ball,투수 의도 반영 / 오늘 감이 나쁜 구종,,,
143,2,1,0,000,SI,low_in,FF,high,FF,high,0,0,93.8,2158,53.9,0.142,-0.023,0.983,0,0,called_strike,오늘 감이 나쁜 구종,,,
143,3,1,1,000,CH,low_in,CH,low_in,CH,low_in,1,0,84.4,1421,107.9,0.135,-0.185,0.528,0,0,called_strike,투수 의도 반영 / FF 뒤 터널링 / 오늘 감이 나쁜 구종,,,
143,4,1,2,000,SL,chase_low,CH,chase_low,SL,chase_low,0,1,86.1,2150,-40.4,0.161,0.041,0.095,1,1,in_play,투수 의도 반영 / 오늘 감이 나쁜 구종 / 낮은 공 추격,92.4,-11.7,single
144,1,0,0,000,CH,low,FF,high_in,CH,low,0,1,84.4,1383,107.1,0.135,0.163,0.438,1,0,swinging_strike,투수 의도 반영 / 오늘 감이 나쁜 구종,,,
144,2,0,1,000,SL,low,CH,low,SL,low_in,0,1,84.4,2202,-31.7,0.161,0.003,0.496,0,0,called_strike,투수 의도 반영 / 오늘 감이 나쁜 구종,,,
144,3,0,2,000,SL,chase_low,SL,chase_low,SL,chase_low,1,0,86.1,1971,-35.3,0.161,0.007,0.242,0,0,ball,투수 의도 반영 / 오늘 감이 나쁜 구종,,,
144,4,1,2,000,CH,low_in,CH,chase_low,CH,chase_low,1,0,86.1,1426,104.7,0.133,-0.342,0.141,0,0,ball,투수 의도 반영 / 오늘 감이 나쁜 구종,,,
144,5,2,2,000,SL,chase_low,CH,chase_low,SL,chase_low,0,1,86.1,2017,-34.0,0.162,-0.029,0.578,0,0,called_strike,투수 의도 반영 / 오늘 감이 나쁜 구종,,,
145,1,0,0,100,CH,low,FF,high,CH,low,0,1,84.4,1464,97.9,0.134,-0.224,0.413,0,0,ball,투수 의도 반영 / 오늘 감이 나쁜 구종,,,
145,2,1,0,100,SI,low,FF,high,SI,low,0,1,92.9,2094,90.7,0.141,0.056,0.501,0,0,called_strike,투수 의도 반영 / 도루 위협: 빠른 공 / CH 뒤 터널링 / 오늘 감이 나쁜 구종,,,
145,3,1,1,100,SL,low_away,CH,low,CH,low,0,0,84.4,1468,106.6,0.135,0.01,0.699,1,0,in_play,SI 뒤 터널링 / 오늘 감이 나쁜 구종,97.0,12.3,single
146,1,0,0,000,FF,high,FF,high,FF,high,1,0,93.8,2096,61.4,0.141,-0.176,0.941,1,0,foul,투수 의도 반영 / 오늘 감이 나쁜 구종,81.6,0.6,foul
146,2,0,1,000,CH,low_away,CH,low_away,CH,low_away,1,0,84.4,1364,98.9,0.136,0.177,0.833,1,0,foul,투수 의도 반영 / FF 뒤 터널링 / 낮은 공 강타자 회피 / 오늘 감이 나쁜 구종,78.9,64.1,foul
146,3,0,2,000,SL,chase_low,SL,chase_low,SL,chase_low,1,0,86.1,2166,-37.8,0.161,-0.212,0.381,0,0,ball,투수 의도 반영 / 오늘 감이 나쁜 구종,,,
146,4,1,2,000,SL,chase_low,CH,chase_low,SL,chase_low,0,1,86.1,2058,-47.1,0.163,0.228,0.312,0,0,ball,투수 의도 반영 / 오늘 감이 나쁜 구종,,,
146,5,2,2,000,CH,chase_low,FF,chase_high,CH,chase_low,0,1,86.1,1429,106.3,0.137,0.043,0.388,1,0,in_play,투수 의도 반영 / 오늘 감이 나쁜 구종,81.6,60.1,out
147,1,0,0,000,FF,high_in,FF,high,FF,high,1,0,93.7,2133,62.2,0.143,-0.201,1.016,0,0,called_strike,투수 의도 반영 / 오늘 감이 나쁜 구종,,,
147,2,0,1,000,SL,away,CH,low_in,SL,in,0,1,84.3,2019,-37.8,0.166,0.271,0.851,0,0,called_strike,투수 의도 반영 / FF 뒤 터널링 / 오늘 감이 나쁜 구종,,,
147,3,0,2,000,SL,chase_low,SL,chase_low,SL,chase_low,1,0,85.9,2161,-37.1,0.166,-0.359,0.328,0,0,ball,투수 의도 반영 / 오늘 감이 나쁜 구종,,,
147,4,1,2,000,CH,chase_low,CH,chase_low,CH,chase_low,1,0,85.9,1397,99.1,0.14,-0.271,0.374,0,0,ball,투수 의도 반영 / 오늘 감이 나쁜 구종,,,
147,5,2,2,000,SL,chase_low,FF,chase_high,SL,chase_low,0,1,85.9,2225,-39.5,0.168,-0.25,0.101,0,0,ball,투수 의도 반영 / 오늘 감이 나쁜 구종,,,
147,6,3,2,000,FF,chase_high,FF,chase_high,FF,chase_high,1,0,94.4,2204,59.8,0.145,0.039,1.205,0,0,ball,투수 의도 반영 / SL 뒤 터널링 / 오늘 감이 나쁜 구종,,,
148,1,0,0,000,FF,high_in,FF,high_in,FF,high_in,1,0,93.5,2208,54.7,0.146,-0.315,0.934,1,0,in_play,투수 의도 반영 / 오늘 감이 나쁜 구종,97.9,18.5,double
149,1,0,0,101,FF,high,SI,low,FF,high,0,1,93.4,2046,67.9,0.148,-0.167,0.826,1,0,foul,투수 의도 반영 / 도루 위협: 빠른 공 / 오늘 감이 나쁜 구종,61.6,48.1,foul
149,2,0,1,101,SL,low,CH,low_away,CH,low_away,0,0,84.1,1372,101.5,0.143,0.176,0.354,1,0,foul,FF 뒤 터널링 / 오늘 감이 나쁜 구종,67.9,-51.1,foul
149,3,0,2,101,SL,chase_low,SL,chase_low,SL,chase_low,1,0,85.7,2088,-31.2,0.173,-0.043,0.635,0,0,called_strike,투수 의도 반영 / 오늘 감이 나쁜 구종,,,
150,1,0,0,000,CH,low_in,FF,high_in,FF,high_in,0,0,93.8,2183,61.0,0.12,0.234,1.071,1,0,in_play,오늘 감이 좋은 구종,94.7,4.9,single
151,1,0,0,000,CH,low_in,CH,low_in,CH,low_in,1,0,84.4,1339,98.7,0.109,-0.146,0.399,1,0,in_play,투수 의도 반영 / 오늘 감이 좋은 구종,75.7,-50.1,out
152,1,0,0,000,CH,low_away,CH,low_in,CH,low_in,1,0,84.4,1354,98.6,0.109,-0.191,0.539,0,0,called_strike,투수 의도 반영 / 오늘 감이 좋은 구종 / 오프스피드에 약함,,,
152,2,0,1,000,CH,low_in,CH,low_in,CH,low_in,1,0,84.4,1437,101.3,0.109,-0.201,0.685,1,0,foul,투수 의도 반영 / 오늘 감이 좋은 구종 / 오프스피드에 약함,63.3,64.9,foul
152,3,0,2,000,SL,chase_low,SL,chase_low,SL,chase_low,1,0,86.1,2125,-34.1,0.147,0.087,0.415,1,0,swinging_strike,투수 의도 반영,,,
153,1,0,0,100,CH,low_in,FF,high,FF,high,0,0,93.8,2143,61.3,0.121,-0.078,1.072,0,0,called_strike,도루 위협: 빠른 공 / 오늘 감이 좋은 구종,,,
153,2,0,1,100,CH,low_away,CH,low,CH,low,1,0,84.4,1406,107.7,0.109,0.051,0.452,1,0,in_play,투수 의도 반영 / FF 뒤 터널링 / 오늘 감이 좋은 구종,77.7,-10.6,out
154,1,0,0,000,CH,low,FF,high,SI,away,0,1,92.9,1980,94.2,0.114,0.22,0.781,1,0,foul,오늘 감이 좋은 구종 / 낮은 공 강타자 회피,88.8,48.7,foul
154,2,0,1,000,CH,low_in,CH,in,CH,in,1,0,84.4,1389,106.8,0.109,-0.213,0.839,1,0,swinging_strike,투수 의도 반영 / SI 뒤 터널링 / 오늘 감이 좋은 구종 / 낮은 공 강타자 회피,,,
154,3,0,2,000,SL,chase_low,CH,chase_low,SL,chase_low,0,1,86.1,2083,-38.2,0.145,-0.123,0.251,1,0,swinging_strike,투수 의도 반영,,,
155,1,0,0,000,CH,low,CH,low,CH,low,1,0,84.4,1340,104.7,0.108,0.107,0.466,0,0,called_strike,투수 의도 반영 / 오늘 감이 좋은 구종,,,
155,2,0,1,000,CH,low,CH,low,CH,low,1,0,84.4,1405,98.5,0.108,-0.001,0.665,1,0,in_play,투수 의도 반영 / 오늘 감이 좋은 구종,97.6,3.0,out
156,1,0,0,001,CH,low,CH,low_in,CH,low_in,1,0,84.4,1358,99.7,0.108,0.097,0.699,1,0,in_play,투수 의도 반영 / 오늘 감이 좋은 구종,89.4,3.5,single
157,1,0,0,100,CH,low_away,FF,high,CH,low,0,1,84.4,1418,104.2,0.109,-0.115,0.583,0,0,called_strike,투수 의도 반영 / 오늘 감이 좋은 구종,,,
157,2,0,1,100,CH,low_away,CH,low_away,CH,low_away,1,0,84.4,1386,101.2,0.108,0.131,0.558,0,0,called_strike,투수 의도 반영 / 오늘 감이 좋은 구종,,,
157,3,0,2,100,SL,chase_low,SL,chase_low,SL,chase_low,1,0,86.1,2157,-29.0,0.144,-0.001,0.327,0,0,ball,투수 의도 반영 / 오늘 잘 통하는 구종 / 오늘 감이 좋은 구종,,,
157,4,1,2,100,CH,chase_low,CH,chase_low,CH,chase_low,1,0,86.1,1391,105.3,0.108,0.359,0.445,0,1,ball,투수 의도 반영 / 오늘 감이 좋은 구종,,,
157,5,2,2,100,CH,chase_low,SL,chase_low,FF,chase_high,0,1,95.7,2179,56.8,0.12,0.096,1.196,0,0,ball,도루 위협: 빠른 공 / CH 뒤 터널링 / 오늘 감이 좋은 구종,,,
157,6,3,2,100,FF,chase_high,FF,chase_high,FF,chase_high,1,0,94.8,2060,63.5,0.121,-0.001,1.291,0,1,ball,투수 의도 반영 / 도루 위협: 빠른 공,,,
158,1,0,0,000,CH,low_away,CH,low_away,CH,low_away,1,0,84.4,1448,105.5,0.108,0.109,0.567,0,0,called_strike,투수 의도 반영 / 오늘 감이 좋은 구종,,,
158,2,0,1,000,CH,low,CH,low_away,CH,low_away,1,0,84.4,1424,107.7,0.108,0.164,0.515,0,0,called_strike,투수 의도 반영 / 오늘 감이 좋은 구종,,,
158,3,0,2,000,SL,chase_low,SL,chase_low,SL,chase_low,1,0,86.1,2093,-34.4,0.145,-0.291,0.265,1,0,in_play,투수 의도 반영,85.7,51.3,out
159,1,0,0,000,CH,low,CH,low,CH,low,1,0,84.4,1374,101.7,0.107,0.107,0.308,0,0,ball,투수 의도 반영 / 오늘 감이 좋은 구종 / 낮은 공 강타자 회피,,,
159,2,1,0,000,FF,high,FF,high,FF,high,1,0,93.8,2191,66.4,0.122,-0.056,0.83,1,0,foul,투수 의도 반영 / CH 뒤 터널링,65.7,-61.2,foul
159,3,1,1,000,CH,low_away,CH,low_in,CH,low_in,1,0,84.4,1440,98.4,0.108,0.244,0.474,0,0,ball,투수 의도 반영 / FF 뒤 터널링 / 오늘 감이 좋은 구종 / 낮은 공 강타자 회피,,,
159,4,2,1,000,FF,high,FF,high,FF,high,1,0,93.8,2191,57.0,0.122,0.157,0.977,1,0,foul,투수 의도 반영 / CH 뒤 터널링,98.1,-21.0,foul
159,5,2,2,000,CH,chase_low,CH,chase_low,CH,chase_low,1,0,86.1,1444,101.5,0.109,-0.105,0.205,0,0,ball,투수 의도 반영 / FF 뒤 터널링 / 오늘 감이 좋은 구종,,,
159,6,3,2,000,FF,chase_high,FF,chase_high,FF,chase_high,1,0,94.8,2142,57.1,0.122,0.093,1.41,0,0,ball,투수 의도 반영 / CH 뒤 터널링,,,
160,1,0,0,000,CH,low_in,SI,low_in,SI,low_in,0,0,92.9,2011,92.7,0.114,-0.315,0.385,0,0,ball,오늘 감이 좋은 구종,,,
160,2,1,0,000,FF,high,FF,high,FF,high,1,0,93.8,2250,58.1,0.123,0.214,0.967,1,0,swinging_strike,투수 의도 반영,,,
160,3,1,1,000,CH,low_in,CH,low,CH,low,1,0,84.4,1459,97.7,0.11,0.103,0.449,1,0,in_play,투수 의도 반영 / FF 뒤 터널링 / 오늘 감이 좋은 구종,96.6,6.6,single
161,1,0,0,100,CH,low_away,FF,high,CH,low,0,2,84.4,1377,105.8,0.111,-0.048,0.706,0,0,called_strike,투수 의도 반영 / 오늘 감이 좋은 구종,,,
161,2,0,1,100,CH,low,CH,low,CH,low,1,0,84.4,1381,106.8,0.11,0.006,0.504,1,0,in_play,투수 의도 반영 / 오늘 감이 좋은 구종,95.8,27.9,out
162,1,0,0,000,FF,high,FF,high_in,FF,high_in,1,0,93.8,2095,56.5,0.121,0.052,0.931,1,0,in_play,투수 의도 반영,83.6,-1.2,out
163,1,0,0,001,CH,low,FF,high,FF,high,0,0,93.8,2029,52.9,0.122,-0.202,0.961,1,0,swinging_strike,오늘 감이 좋은 구종,,,
163,2,0,1,001,CH,low_away,CH,low_away,CH,low_away,1,0,84.4,1385,110.0,0.111,0.132,0.55,1,0,in_play,투수 의도 반영 / FF 뒤 터널링 / 오늘 감이 좋은 구종,88.3,51.1,out
164,1,0,0,000,CH,low_in,FF,high,FF,high,0,0,93.8,2219,62.1,0.121,0.096,1.207,0,0,ball,오늘 감이 좋은 구종,,,
164,2,1,0,000,SI,low_in,FF,high,FF,high,0,0,93.8,2156,61.5,0.122,0.173,1.099,1,0,foul,오늘 감이 좋은 구종,85.7,49.8,foul
164,3,1,1,000,CH,low_away,CH,low_away,CH,low_away,1,0,84.4,1375,104.9,0.111,0.088,0.422,1,0,in_play,투수 의도 반영 / FF 뒤 터널링 / 오늘 감이 좋은 구종,87.8,49.8,out
165,1,0,0,100,CH,low_away,SI,low,SI,low,0,0,92.9,2041,95.5,0.115,0.055,0.515,1,0,foul,도루 위협: 빠른 공 / 오늘 감이 좋은 구종,60.0,-57.6,foul
165,2,0,1,100,CH,low,CH,low,CH,low,1,0,84.4,1432,96.5,0.112,-0.095,0.544,1,0,swinging_strike,투수 의도 반영 / SI 뒤 터널링 / 오늘 감이 좋은 구종,,,
165,3,0,2,100,SL,chase_away,SL,chase_low,SL,chase_low,1,0,86.1,2163,-42.5,0.146,0.204,0.298,0,0,ball,투수 의도 반영,,,
165,4,1,2,100,CH,chase_low,CH,chase_low,CH,chase_low,1,0,86.1,1433,105.2,0.111,-0.081,0.507,1,0,in_play,투수 의도 반영 / 오늘 감이 좋은 구종,99.3,13.1,single
166,1,0,0,000,CH,low,FF,high,CH,low,0,1,84.4,1437,103.3,0.111,-0.004,0.492,0,0,called_strike,투수 의도 반영 / 오늘 감이 좋은 구종 / 낮은 공 추격,,,
166,2,0,1,000,CH,low_away,CH,low_away,CH,low_away,1,0,84.4,1422,97.5,0.111,0.262,0.544,0,0,ball,투수 의도 반영 / 오늘 감이 좋은 구종 / 낮은 공 추격,,,
166,3,1,1,000,SI,low,SI,low,SI,low,1,0,92.9,1961,95.7,0.115,-0.062,0.385,0,0,ball,투수 의도 반영 / CH 뒤 터널링 / 오늘 감이 좋은 구종 / 낮은 공 추격,,,
166,4,2,1,000,FF,high,FF,high,FF,high,1,0,93.8,2022,58.7,0.122,-0.101,0.895,1,0,in_play,투수 의도 반영,98.3,20.0,double
167,1,0,0,000,CH,low_in,FF,high,CH,low_away,0,1,84.4,1407,98.8,0.111,0.198,0.676,1,0,in_play,투수 의도 반영 / 오늘 감이 좋은 구종,96.2,-1.3,out
168,1,0,0,000,CH,low_away,CH,low_in,CH,low_in,1,0,84.4,1337,103.4,0.112,-0.034,0.409,0,0,ball,투수 의도 반영 / 오늘 감이 좋은 구종 / 오프스피드에 약함,,,
168,2,1,0,000,SI,low_away,FF,high,FF,high,0,0,93.8,2074,55.6,0.122,-0.115,0.916,1,0,swinging_strike,CH 뒤 터널링,,,
168,3,1,1,000,CH,low_in,CH,low_in,CH,low_in,1,0,84.4,1368,105.4,0.113,0.349,0.713,0,0,ball,투수 의도 반영 / FF 뒤 터널링 / 오늘 감이 좋은 구종 / 오프스피드에 약함,,,
168,4,2,1,000,SI,low,FF,high,FF,high,0,0,93.8,2100,56.4,0.121,0.108,1.097,0,0,ball,CH 뒤 터널링,,,
168,5,3,1,000,SI,low_in,FF,middle,FF,middle,0,0,92.9,2150,52.4,0.122,0.026,0.786,0,0,called_strike,,,,
168,6,3,2,000,SI,chase_high,SI,chase_high,SI,chase_high,1,0,93.8,1985,94.5,0.116,-0.089,1.022,1,1,in_play,투수 의도 반영,94.8,36.1,out
169,1,0,0,100,CH,low_away,FF,high,FF,high,0,0,93.8,2273,55.1,0.121,-0.129,1.028,0,0,called_strike,도루 위협: 빠른 공 / 오늘 감이 좋은 구종 / 바깥쪽 추격 / 오프스피드에 약함,,,
169,2,0,1,100,CH,low_away,CH,low,CH,low,1,0,84.4,1437,106.2,0.114,0.128,0.682,1,0,in_play,투수 의도 반영 / FF 뒤 터널링 / 오늘 감이 좋은 구종 / 바깥쪽 추격,93.4,-5.9,out
170,1,0,0,001,CH,low_away,FF,high_in,CH,low_in,0,2,84.4,1381,99.4,0.114,-0.216,0.65,0,0,called_strike,투수 의도 반영 / 오늘 감이 좋은 구종 / 바깥쪽 추격,,,
170,2,0,1,001,CH,low,CH,low_away,CH,low_away,1,0,84.4,1379,96.6,0.114,0.171,0.416,1,0,in_play,투수 의도 반영 / 오늘 감이 좋은 구종,94.0,5.6,single
171,1,0,0,000,CH,low_in,FF,high,FF,high,0,0,93.8,2121,63.7,0.121,0.188,1.001,0,0,called_strike,오늘 감이 좋은 구종,,,
171,2,0,1,000,CH,low,CH,low_away,CH,low_away,1,0,84.4,1437,101.7,0.114,-0.049,0.822,0,0,called_strike,투수 의도 반영 / FF 뒤 터널링 / 오늘 감이 좋은 구종,,,
171,3,0,2,000,SL,chase_low,CH,chase_low,CH,chase_low,0,0,86.1,1424,109.2,0.114,-0.043,0.415,1,0,in_play,변화구 헛스윙 많음,98.5,24.2,double
172,1,0,0,000,CH,low_in,FF,high_in,CH,low_in,0,1,84.4,1483,99.6,0.115,-0.144,0.546,0,0,called_strike,투수 의도 반영 / 오늘 감이 좋은 구종,,,
172,2,0,1,000,CH,low,CH,low_away,CH,low_away,1,0,84.4,1420,108.6,0.115,0.318,0.691,0,0,ball,투수 의도 반영 / 오늘 감이 좋은 구종,,,
172,3,1,1,000,FF,high,FF,high,FF,high,1,0,93.7,2172,58.1,0.122,0.318,1.023,0,0,ball,투수 의도 반영 / CH 뒤 터널링,,,
172,4,2,1,000,FF,high_in,FF,high_in,FF,high_in,1,0,93.7,2171,56.8,0.123,-0.213,1.088,1,1,foul,투수 의도 반영,79.5,-57.6,foul
172,5,2,2,000,CH,chase_low,CH,chase_low,CH,chase_low,1,0,85.9,1423,103.8,0.117,0.187,0.192,0,0,ball,투수 의도 반영 / FF 뒤 터널링 / 오늘 감이 좋은 구종,,,
172,6,3,2,000,FF,chase_high,FF,chase_high,FF,chase_high,1,0,94.5,2112,60.3,0.124,0.01,1.177,0,0,ball,투수 의도 반영 / CH 뒤 터널링,,,
173,1,0,0,100,CH,low,SI,low,CH,low,0,1,84.2,1421,109.1,0.119,-0.03,0.445,0,0,called_strike,투수 의도 반영,,,
173,2,0,1,100,SL,low_away,CH,low,SL,low_away,0,1,84.2,1949,-41.1,0.151,0.191,0.31,0,0,ball,투수 의도 반영,,,
173,3,1,1,100,CH,low_away,FF,high,CH,low_away,0,1,84.1,1465,105.1,0.119,0.193,0.655,1,0,foul,투수 의도 반영 / 오늘 감이 좋은 구종,65.7,77.8,foul
173,4,1,2,100,SL,chase_low,SL,chase_low,SL,chase_low,1,0,85.8,2157,-38.1,0.154,-0.009,0.596,1,0,in_play,투수 의도 반영,87.6,46.5,out
174,1,0,0,000,SI,low_away,FF,high,CH,low_away,0,1,84.1,1378,102.5,0.12,-0.243,0.599,1,0,swinging_strike,낮은 공 강타자 회피,,,
174,2,0,1,000,CH,low,CH,low,CH,low,1,0,84.0,1466,109.2,0.119,0.014,0.753,1,0,foul,투수 의도 반영 / 헛스윙 유도 구종 반복 / 낮은 공 강타자 회피 / 오늘 감이 좋은 구종,64.8,77.0,foul
174,3,0,2,000,SL,chase_low,SL,chase_low,SL,chase_low,1,0,85.7,2094,-41.8,0.156,-0.047,0.399,1,0,foul,투수 의도 반영,95.3,-14.8,foul
174,4,0,2,000,CH,chase_low,CH,chase_low,CH,chase_low,1,0,85.6,1364,97.1,0.12,-0.294,0.437,1,0,foul,투수 의도 반영 / 오늘 감이 좋은 구종,87.4,-32.8,foul
174,5,0,2,000,SL,chase_low,CH,chase_low,CH,chase_low,0,0,85.6,1393,93.1,0.121,-0.072,0.6,1,0,in_play,,97.9,28.5,HR
175,1,0,0,000,SI,low,FF,high_in,FF,high_in,0,0,93.8,2088,57.8,0.115,-0.379,0.867,0,0,ball,,,,
175,2,1,0,000,SI,low,FF,high_in,FF,high_in,0,0,93.8,2074,54.1,0.116,-0.06,1.061,1,0,swinging_strike,,,,
175,3,1,1,000,SL,low_in,CH,low,SL,low_in,0,1,84.4,2080,-35.8,0.139,-0.458,0.559,1,0,swinging_strike,투수 의도 반영 / FF 뒤 터널링 / 오늘 감이 좋은 구종,,,
175,4,1,2,000,SL,chase_low,SL,chase_low,SL,chase_low,1,0,86.1,2161,-40.4,0.138,0.151,0.391,0,0,ball,투수 의도 반영 / 헛스윙 유도 구종 반복 / 오늘 감이 좋은 구종,,,
175,5,2,2,000,CH,chase_low,FF,chase_high,FF,chase_high,0,0,95.7,2235,55.6,0.115,-0.015,1.425,0,0,ball,SL 뒤 터널링,,,
175,6,3,2,000,FF,chase_high,FF,chase_high,FF,chase_high,1,0,94.8,2238,66.4,0.116,-0.015,1.192,1,1,swinging_strike,투수 의도 반영,,,
176,1,0,0,000,FF,high_in,FF,high_in,FF,high_in,1,0,93.8,2043,65.8,0.115,0.012,0.978,0,0,called_strike,투수 의도 반영 / 오늘 감이 좋은 구종,,,
176,2,0,1,000,SL,low,CH,low_away,CH,low_away,0,0,84.4,1444,103.9,0.123,0.141,0.526,1,0,in_play,FF 뒤 터널링 / 오늘 감이 좋은 구종,97.1,21.1,out
177,1,0,0,101,SI,low,FF,high,FF,high,0,0,93.8,2238,54.6,0.114,0.065,1.035,0,0,called_strike,도루 위협: 빠른 공,,,
177,2,0,1,101,SL,low,CH,low_away,CH,low_away,0,0,84.4,1397,98.5,0.124,-0.245,0.442,1,0,in_play,FF 뒤 터널링 / 오늘 감이 좋은 구종,89.3,37.8,double
178,1,0,0,000,FF,high,FF,high,FF,high,1,0,93.8,2156,58.1,0.114,0.062,1.014,1,0,swinging_strike,투수 의도 반영 / 오늘 잘 통하는 구종 / 오늘 감이 좋은 구종,,,
178,2,0,1,000,CH,low,SL,away,CH,low_away,0,1,84.4,1372,99.4,0.125,0.187,0.548,1,0,in_play,투수 의도 반영 / FF 뒤 터널링 / 낮은 공 강타자 회피 / 오프스피드에 약함,96.6,25.1,out
179,1,0,0,000,SL,low,FF,high,SL,low,0,1,84.4,2012,-38.3,0.139,-0.054,0.514,1,0,in_play,투수 의도 반영 / 오늘 감이 좋은 구종,97.3,22.2,double
180,1,0,0,000,FF,high_in,FF,high_in,FF,high_in,1,0,93.8,2083,62.1,0.112,0.338,1.086,1,0,in_play,투수 의도 반영 / 오늘 잘 통하는 구종 / 오늘 감이 좋은 구종,77.2,2.9,single
181,1,0,0,100,FF,high,FF,high,FF,high,1,0,93.8,2173,54.0,0.113,-0.018,1.1,0,0,ball,투수 의도 반영 / 오늘 잘 통하는 구종 / 도루 위협: 빠른 공 / 오늘 감이 좋은 구종,,,
181,2,1,0,100,SI,low,FF,high,SI,low_away,0,1,92.9,1965,89.9,0.12,0.224,0.61,1,0,swinging_strike,투수 의도 반영 / 도루 위협: 빠른 공,,,
181,3,1,1,100,FF,high,FF,high,FF,high,1,0,93.8,2190,65.0,0.114,0.296,1.146,0,0,ball,투수 의도 반영 / 도루 위협: 빠른 공 / 오늘 감이 좋은 구종,,,
181,4,2,1,100,FF,high_in,FF,high,FF,high,1,0,93.8,2308,53.3,0.115,-0.125,0.989,1,0,foul,투수 의도 반영 / 도루 위협: 빠른 공 / 오늘 감이 좋은 구종,101.0,-0.4,foul
181,5,2,2,100,SL,chase_low,SL,chase_low,SL,chase_low,1,0,86.1,2246,-43.5,0.14,0.235,0.254,0,0,ball,투수 의도 반영 / FF 뒤 터널링 / 오늘 감이 좋은 구종,,,
181,6,3,2,100,FF,chase_high,FF,chase_high,FF,chase_high,1,0,94.8,2137,58.1,0.115,0.051,1.124,1,0,foul,투수 의도 반영 / 도루 위협: 빠른 공 / SL 뒤 터널링 / 오늘 감이 좋은 구종,72.7,66.1,foul
181,7,3,2,100,FF,chase_high,FF,chase_high,FF,chase_high,1,0,94.8,2225,60.2,0.115,-0.127,1.259,0,1,ball,투수 의도 반영 / 도루 위협: 빠른 공 / 오늘 감이 좋은 구종,,,
182,1,0,0,000,FF,high_in,FF,high,FF,high,1,0,93.8,2193,60.5,0.116,0.294,0.8,0,0,ball,투수 의도 반영,,,
182,2,1,0,000,FF,high_in,FF,high_in,FF,high_in,1,0,93.8,2101,53.7,0.117,-0.095,1.142,0,0,ball,투수 의도 반영,,,
182,3,2,0,000,SI,high,SI,high_in,SI,high_in,1,0,92.9,1970,95.8,0.118,-0.177,0.924,1,0,in_play,투수 의도 반영,89.9,22.9,double
183,1,0,0,000,FF,chase_high,SI,low,SI,low,0,0,92.9,2051,90.7,0.119,-0.175,0.458,1,0,in_play,초구 스윙 성향,98.6,28.4,HR
184,1,0,0,001,FF,high,FF,high_in,FF,high_in,1,0,93.8,2142,54.8,0.118,-0.05,1.214,0,0,ball,투수 의도 반영,,,
184,2,1,0,001,SI,low_in,SI,low_in,SI,low_in,1,0,92.9,2047,98.0,0.12,-0.178,0.453,1,0,in_play,투수 의도 반영,89.4,55.5,out
185,1,0,0,100,CH,low,CH,low,CH,low,1,0,84.4,1492,101.7,0.125,0.123,0.417,0,0,ball,투수 의도 반영 / 오프스피드에 약함,,,
185,2,1,0,100,FF,high,FF,high,FF,high,1,0,93.8,2110,64.9,0.119,0.088,1.146,0,0,ball,투수 의도 반영 / 도루 위협: 빠른 공 / CH 뒤 터널링,,,
185,3,2,0,100,FF,high,SI,low_away,SI,low_away,0,0,92.9,2012,95.2,0.12,0.254,0.648,1,0,swinging_strike,도루 위협: 빠른 공,,,
185,4,2,1,100,FF,high,SI,low_away,FF,high,0,1,93.8,2077,63.5,0.119,0.032,1.011,1,0,in_play,투수 의도 반영 / 도루 위협: 빠른 공,91.6,-28.7,out
186,1,0,0,000,SL,in,FF,high,FF,high,0,0,93.8,2276,59.0,0.12,0.047,0.965,1,0,foul,오늘 감이 좋은 구종,57.2,66.0,foul
186,2,0,1,000,SL,away,SL,chase_low,SL,chase_low,1,0,84.4,2166,-36.9,0.141,-0.419,0.164,1,0,foul,투수 의도 반영 / FF 뒤 터널링 / 오늘 감이 좋은 구종,94.9,19.3,foul
186,3,0,2,000,SL,chase_low,SL,chase_low,SL,chase_low,1,0,86.1,2168,-39.1,0.141,-0.154,0.086,0,0,ball,투수 의도 반영 / 오늘 감이 좋은 구종,,,
186,4,1,2,000,CH,chase_low,CH,chase_low,CH,chase_low,1,0,86.1,1393,99.5,0.126,-0.103,0.44,1,1,foul,투수 의도 반영 / 오늘 감이 나쁜 구종,80.6,-44.2,foul
186,5,1,2,000,SL,chase_away,SL,chase_low,SL,chase_low,1,0,86.1,2134,-33.7,0.142,-0.211,0.121,0,0,ball,투수 의도 반영 / 오늘 감이 좋은 구종,,,
186,6,2,2,000,SL,chase_low,FF,chase_high,FF,chase_high,0,0,95.7,2314,61.2,0.12,-0.009,1.46,0,0,ball,SL 뒤 터널링 / 오늘 감이 좋은 구종,,,
186,7,3,2,000,SL,chase_low,FF,chase_high,FF,chase_high,0,0,94.8,2199,53.0,0.121,-0.034,1.215,0,0,ball,오늘 감이 좋은 구종,,,
187,1,0,0,000,CH,low_in,SI,low_in,SI,low_in,0,0,92.9,1892,89.4,0.119,-0.075,0.626,1,0,swinging_strike,오늘 감이 나쁜 구종,,,
187,2,0,1,000,SL,in,CH,low,CH,low,0,0,84.4,1392,105.8,0.126,0.164,0.455,0,0,called_strike,SI 뒤 터널링 / 오늘 감이 좋은 구종,,,
187,3,0,2,000,SL,chase_low,SL,chase_low,SL,chase_low,1,0,86.1,2092,-36.6,0.143,-0.023,0.282,0,0,ball,투수 의도 반영 / 오늘 감이 좋은 구종 / 낮은 공 추격,,,
187,4,1,2,000,SL,chase_low,CH,chase_low,SL,chase_low,0,1,86.1,2169,-44.8,0.144,-0.163,0.302,1,0,in_play,투수 의도 반영 / 오늘 감이 좋은 구종 / 낮은 공 추격,89.3,52.1,out
188,1,0,0,000,SI,low_in,SI,low_in,SI,low_in,1,0,92.9,2033,98.3,0.118,-0.156,0.579,0,0,called_strike,투수 의도 반영 / 오늘 잘 통하는 구종,,,
188,2,0,1,000,SL,low,CH,low_away,CH,low_away,0,0,84.4,1359,94.8,0.125,0.252,0.824,1,0,in_play,SI 뒤 터널링 / 변화구 헛스윙 많음,95.6,-12.0,single
189,1,0,0,100,FF,high,SI,low,FF,high,0,1,93.8,2206,60.9,0.122,-0.042,0.823,0,0,called_strike,투수 의도 반영 / 도루 위협: 빠른 공,,,
189,2,0,1,100,CH,low,CH,low,CH,low,1,0,84.4,1433,102.3,0.126,0.162,0.351,1,0,in_play,투수 의도 반영 / FF 뒤 터널링 / 오늘 감이 나쁜 구종,89.7,22.3,out
190,1,0,0,000,SI,away,SI,away,SI,away,1,0,92.9,1946,88.6,0.117,0.207,0.681,1,0,in_play,투수 의도 반영 / 오늘 잘 통하는 구종,99.6,18.1,double
191,1,0,0,001,SI,low_away,SI,low,SI,low,1,0,92.9,1984,88.3,0.118,-0.096,0.562,1,0,in_play,투수 의도 반영,96.3,-15.7,single
192,1,0,0,000,SI,away,SI,low,SI,low,1,0,92.9,1974,97.6,0.118,-0.155,0.866,0,0,called_strike,투수 의도 반영,,,
192,2,0,1,000,SL,low,CH,low,SL,low_away,0,1,84.4,2028,-37.2,0.145,-0.295,0.293,1,0,foul,투수 의도 반영,73.6,66.9,foul
192,3,0,2,000,SL,chase_low,SL,chase_low,SL,chase_low,1,0,86.1,2137,-36.9,0.145,-0.101,0.245,1,0,in_play,투수 의도 반영,88.5,53.0,out
193,1,0,0,100,FF,chase_high,SI,low,FF,high,0,1,93.8,2000,56.3,0.121,0.028,0.907,0,0,called_strike,투수 의도 반영 / 도루 위협: 빠른 공 / 초구 스윙 성향,,,
193,2,0,1,100,CH,low,CH,low,CH,low,1,0,84.4,1425,98.6,0.127,0.086,0.202,0,0,ball,투수 의도 반영 / FF 뒤 터널링 / 오늘 감이 나쁜 구종,,,
193,3,1,1,100,SL,low_away,SI,low,FF,high,0,1,93.8,2168,54.7,0.121,0.106,1.132,1,0,foul,도루 위협: 빠른 공 / CH 뒤 터널링,70.8,20.1,foul
193,4,1,2,100,SL,chase_low,SL,chase_low,SL,chase_low,1,0,86.1,2132,-30.2,0.146,0.033,0.612,1,0,swinging_strike,투수 의도 반영 / FF 뒤 터널링,,,
194,1,0,0,000,FF,in,FF,high_in,FF,high_in,1,0,93.8,2166,55.4,0.121,-0.138,1.133,0,0,ball,투수 의도 반영,,,
194,2,1,0,000,SI,high_in,SI,in,SI,in,1,0,92.9,1855,96.7,0.118,-0.116,0.743,1,0,swinging_strike,투수 의도 반영,,,
194,3,1,1,000,SL,in,SI,low_in,FF,high,0,1,93.8,2229,59.4,0.122,0.22,0.973,0,0,called_strike,오늘 감이 좋은 구종 / 변화구 헛스윙 많음,,,
194,4,1,2,000,SL,chase_low,SL,chase_low,SL,chase_low,1,0,86.1,2111,-40.4,0.144,0.102,0.165,0,0,ball,투수 의도 반영 / FF 뒤 터널링 / 오늘 감이 좋은 구종 / 변화구 헛스윙 많음,,,
194,5,2,2,000,FF,chase_high,FF,chase_high,FF,chase_high,1,0,95.7,2183,61.8,0.121,0.082,1.04,1,0,swinging_strike,투수 의도 반영 / SL 뒤 터널링,,,
195,1,0,0,000,FF,high_in,FF,high_in,FF,high_in,1,0,93.8,2156,57.4,0.12,0.082,1.13,1,0,in_play,투수 의도 반영,83.7,55.0,out
196,1,0,0,000,FF,high,FF,high,FF,high,1,0,93.8,2195,59.2,0.121,0.008,0.839,1,0,in_play,투수 의도 반영,97.8,-0.9,out
197,1,0,0,100,SI,low_away,SI,low_away,SI,low_away,1,0,92.8,2064,94.1,0.117,0.044,0.517,0,0,called_strike,투수 의도 반영 / 오늘 잘 통하는 구종 / 도루 위협: 빠른 공,,,
197,2,0,1,100,SL,low,CH,low,SL,low,0,1,84.3,2088,-36.9,0.147,-0.202,0.525,1,0,swinging_strike,투수 의도 반영,,,
197,3,0,2,100,SL,chase_low,SL,chase_low,SL,chase_low,1,0,86.0,2167,-35.4,0.146,-0.078,0.534,1,0,in_play,투수 의도 반영 / 헛스윙 유도 구종 반복 / 오늘 감이 좋은 구종,97.4,14.3,double
198,1,0,0,001,SI,low,SI,low,SI,low,1,0,92.7,2052,87.9,0.118,0.039,0.658,0,0,called_strike,투수 의도 반영 / 오늘 잘 통하는 구종,,,
198,2,0,1,001,SL,low_away,CH,low_away,SL,low_away,0,1,84.2,2033,-32.3,0.148,-0.096,0.479,1,0,in_play,투수 의도 반영,95.8,0.9,single
199,1,0,0,000,CH,low_away,SI,low_in,SI,low_in,0,0,92.6,2003,83.0,0.119,-0.246,0.339,1,0,in_play,오늘 잘 통하는 구종 / 오늘 감이 나쁜 구종 / 오프스피드에 약함,85.8,-38.0,out
200,1,0,0,000,FF,high,FF,high,FF,high,1,0,93.8,2098,56.3,0.118,-0.102,1.009,1,0,swinging_strike,투수 의도 반영,,,
200,2,0,1,000,CH,low,CH,low,CH,low,1,0,84.4,1347,102.2,0.118,0.051,0.695,0,0,called_strike,투수 의도 반영 / FF 뒤 터널링 / 오프스피드에 약함,,,
200,3,0,2,000,CH,chase_high,SL,chase_low,SL,chase_low,0,0,86.1,2036,-38.0,0.155,-0.177,0.43,1,0,in_play,오프스피드에 약함,67.4,-63.7,out
201,1,0,0,100,FF,high,FF,high,FF,high,1,0,93.8,2184,64.3,0.117,0.139,1.067,1,0,in_play,투수 의도 반영 / 도루 위협: 빠른 공,94.5,-3.6,out
202,1,0,0,000,FF,high,FF,high,FF,high,1,0,93.8,2162,59.5,0.118,-0.076,1.193,0,0,ball,투수 의도 반영,,,
202,2,1,0,000,FF,high_in,FF,high_in,FF,high_in,1,0,93.8,2157,62.9,0.118,-0.029,0.92,0,0,called_strike,투수 의도 반영,,,
202,3,1,1,000,CH,in,CH,low,CH,low,1,0,84.4,1339,100.4,0.118,-0.037,0.758,0,0,called_strike,투수 의도 반영 / FF 뒤 터널링 / 낮은 공 강타자 회피,,,
202,4,1,2,000,CH,chase_low,CH,chase_low,CH,chase_low,1,0,86.1,1417,99.7,0.117,0.249,0.132,0,1,ball,투수 의도 반영,,,
202,5,2,2,000,FF,chase_high,FF,chase_high,FF,chase_high,1,0,95.7,2091,56.8,0.118,0.136,1.142,1,0,foul,투수 의도 반영 / CH 뒤 터널링,70.6,71.2,foul
202,6,2,2,000,SL,chase_low,SL,chase_low,SL,chase_low,1,0,86.1,2245,-31.6,0.156,0.087,0.339,0,0,ball,투수 의도 반영 / FF 뒤 터널링,,,
202,7,3,2,000,FF,chase_high,FF,chase_high,FF,chase_high,1,0,94.8,2095,63.0,0.118,0.158,1.286,0,1,ball,투수 의도 반영 / SL 뒤 터널링,,,
203,1,0,0,000,FF,high_in,FF,high_in,FF,high_in,1,0,93.8,2226,58.3,0.119,0.035,1.043,1,0,in_play,투수 의도 반영,87.7,-40.4,single
204,1,0,0,000,CH,low_away,FF,high_in,FF,high_in,0,0,93.8,2231,59.9,0.119,0.006,0.933,1,0,in_play,바깥쪽 추격,72.9,-40.9,out
205,1,0,0,101,FF,high,FF,high,FF,high,1,0,93.8,2188,65.8,0.12,0.256,0.995,0,0,ball,투수 의도 반영 / 도루 위협: 빠른 공,,,
205,2,1,0,101,FF,high,SI,high_in,FF,high_in,0,1,93.8,2053,55.2,0.121,-0.175,1.051,0,0,called_strike,투수 의도 반영 / 도루 위협: 빠른 공,,,
205,3,1,1,101,CH,low_in,CH,low_in,CH,low_in,1,0,84.4,1331,108.8,0.118,-0.173,0.784,1,0,in_play,투수 의도 반영 / FF 뒤 터널링 / 낮은 공 강타자 회피,62.1,58.9,out
206,1,0,0,000,CH,low_away,SI,low,SI,low,0,0,92.9,1970,90.8,0.124,0.053,0.268,0,0,ball,낮은 공 추격,,,
206,2,1,0,000,FF,high_in,FF,high_in,FF,high_in,1,0,93.8,2206,57.9,0.12,-0.345,0.872,1,0,swinging_strike,투수 의도 반영,,,
206,3,1,1,000,CH,low,FF,high_in,CH,low,0,1,84.4,1413,99.9,0.119,0.018,0.594,0,0,called_strike,투수 의도 반영 / FF 뒤 터널링 / 낮은 공 추격,,,
206,4,1,2,000,CH,chase_low,SL,chase_low,SL,chase_low,0,0,86.1,2105,-33.7,0.157,-0.074,0.1,0,0,ball,낮은 공 추격,,,
206,5,2,2,000,CH,chase_low,FF,chase_high,CH,chase_low,0,1,86.1,1440,101.7,0.118,0.134,0.29,0,0,ball,투수 의도 반영 / 낮은 공 추격,,,
206,6,3,2,000,FF,chase_high,FF,chase_high,FF,chase_high,1,0,94.8,2183,57.2,0.119,0.108,1.301,0,0,ball,투수 의도 반영 / CH 뒤 터널링,,,
207,1,0,0,000,FF,high_in,FF,high_in,FF,high_in,1,0,93.8,2300,61.9,0.12,-0.003,0.685,0,0,called_strike,투수 의도 반영,,,
207,2,0,1,000,CH,low_in,CH,low_in,CH,low_in,1,0,84.4,1449,98.6,0.119,0.095,0.554,1,0,swinging_strike,투수 의도 반영 / FF 뒤 터널링,,,
207,3,0,2,000,CH,chase_low,CH,chase_low,CH,chase_low,1,0,86.1,1481,102.6,0.118,-0.127,0.224,0,0,ball,투수 의도 반영 / 헛스윙 유도 구종 반복,,,
207,4,1,2,000,SL,chase_low,CH,chase_low,SL,chase_low,0,1,86.1,2030,-36.8,0.158,-0.209,0.213,0,0,ball,투수 의도 반영 / 오늘 감이 나쁜 구종,,,
207,5,2,2,000,FF,chase_high,FF,chase_high,FF,chase_high,1,0,95.7,2174,60.1,0.119,0.287,1.322,0,0,ball,투수 의도 반영 / SL 뒤 터널링,,,
207,6,3,2,000,FF,chase_high,FF,chase_high,FF,chase_high,1,0,94.8,2202,55.8,0.12,0.046,0.893,1,0,in_play,투수 의도 반영,85.9,57.1,out
208,1,0,0,000,FF,high_in,FF,high,FF,high,1,0,93.8,2266,61.3,0.121,-0.004,1.203,0,0,ball,투수 의도 반영,,,
208,2,1,0,000,FF,high_in,SI,low_in,FF,high,0,1,93.8,2058,54.6,0.122,-0.059,1.034,0,0,called_strike,투수 의도 반영,,,
208,3,1,1,000,CH,low_away,CH,low_away,CH,low_away,1,0,84.4,1368,98.1,0.119,0.285,0.494,0,0,ball,투수 의도 반영 / FF 뒤 터널링,,,
208,4,2,1,000,FF,high_in,FF,high,FF,high,1,0,93.8,2055,56.5,0.121,-0.153,0.759,1,0,foul,투수 의도 반영 / CH 뒤 터널링,75.1,-59.7,foul
208,5,2,2,000,CH,chase_low,CH,chase_low,CH,chase_low,1,0,86.1,1410,100.3,0.12,0.134,0.307,0,0,ball,투수 의도 반영 / FF 뒤 터널링,,,
208,6,3,2,000,FF,chase_high,FF,chase_high,FF,chase_high,1,0,94.8,2092,52.5,0.121,0.075,1.228,0,0,ball,투수 의도 반영 / CH 뒤 터널링,,,
209,1,0,0,100,CH,low_away,SI,low_away,SI,low_away,0,0,92.9,1938,87.2,0.124,0.121,0.419,0,0,ball,도루 위협: 빠른 공 / 오프스피드에 약함,,,
209,2,1,0,100,FF,high,FF,high,FF,high,1,0,93.8,2046,62.2,0.122,-0.047,1.247,0,0,ball,투수 의도 반영 / 도루 위협: 빠른 공,,,
209,3,2,0,100,CH,low_away,SI,low_away,SI,low_away,0,0,92.9,2041,93.9,0.125,-0.165,0.485,1,0,foul,도루 위협: 빠른 공 / 오프스피드에 약함,64.2,73.0,foul
209,4,2,1,100,FF,high,SI,low,SI,low,0,0,92.9,1968,93.7,0.125,-0.12,0.677,0,0,called_strike,도루 위협: 빠른 공,,,
209,5,2,2,100,CH,chase_low,CH,chase_low,CH,chase_low,1,0,86.1,1425,105.4,0.121,0.173,0.418,0,0,ball,투수 의도 반영 / SI 뒤 터널링 / 오프스피드에 약함,,,
209,6,3,2,100,FF,chase_high,FF,chase_high,FF,chase_high,1,0,94.8,2241,57.9,0.123,-0.038,1.203,0,0,ball,투수 의도 반영 / 도루 위협: 빠른 공 / CH 뒤 터널링,,,
210,1,0,0,000,CH,low_in,FF,chase_high,FF,chase_high,0,0,93.8,2045,57.0,0.124,0.057,1.418,0,0,ball,,,,
210,2,1,0,000,SI,low_in,FF,high_in,FF,high_in,0,0,93.8,2234,59.3,0.125,-0.03,1.132,0,0,ball,,,,
210,3,2,0,000,SI,low_away,SI,high,SI,high,1,0,92.9,1875,93.6,0.125,0.175,0.966,1,0,in_play,투수 의도 반영,98.8,12.9,double
211,1,0,0,000,FF,chase_high,SI,low,SI,low,0,0,92.9,2060,91.4,0.125,-0.119,0.623,0,0,called_strike,오늘 감이 나쁜 구종 / 초구 스윙 성향,,,
211,2,0,1,000,CH,low,CH,low,CH,low,1,0,84.4,1409,110.2,0.121,0.009,0.4,0,0,ball,투수 의도 반영 / SI 뒤 터널링,,,
211,3,1,1,000,FF,high_in,SI,low_in,FF,high_in,0,1,93.8,2199,50.5,0.126,-0.399,0.882,0,0,ball,투수 의도 반영 / CH 뒤 터널링 / 오늘 감이 나쁜 구종,,,
211,4,2,1,000,FF,high_in,SI,low_in,SI,low_in,0,0,92.9,2055,93.5,0.125,-0.304,0.468,1,0,in_play,오늘 감이 나쁜 구종,99.9,15.7,double
212,1,0,0,001,SI,low_away,SI,low_away,SI,low_away,1,0,92.9,1982,96.2,0.125,0.034,0.341,0,0,ball,투수 의도 반영 / 오늘 감이 나쁜 구종,,,
212,2,1,0,001,FF,high_in,SI,low_in,FF,high_in,0,1,93.8,2195,66.2,0.127,0.168,1.096,1,0,in_play,투수 의도 반영 / 오늘 감이 나쁜 구종,86.9,52.8,out
213,1,0,0,100,FF,high,FF,high,FF,high,1,0,93.8,2154,61.7,0.127,0.128,0.811,0,0,called_strike,투수 의도 반영 / 도루 위협: 빠른 공 / 오늘 감이 나쁜 구종,,,
213,2,0,1,100,CH,low_in,CH,low_away,CH,low_away,1,0,84.4,1433,104.1,0.122,-0.148,0.481,1,0,in_play,투수 의도 반영 / FF 뒤 터널링 / 낮은 공 강타자 회피,93.8,-2.2,single
214,1,0,0,000,FF,high_in,FF,high_in,FF,high_in,1,0,93.8,2117,50.9,0.127,-0.198,1.063,1,0,in_play,투수 의도 반영 / 오늘 감이 나쁜 구종,96.8,-17.6,out
215,1,0,0,000,SI,low,SI,low,SI,low,1,0,92.9,2022,98.7,0.126,0.042,0.569,1,0,in_play,투수 의도 반영 / 오늘 감이 나쁜 구종,97.8,27.1,out
216,1,0,0,000,CH,low,CH,low,CH,low,1,0,84.4,1421,104.2,0.123,-0.15,0.629,0,0,called_strike,투수 의도 반영,,,
216,2,0,1,000,CH,low,CH,low,CH,low,1,0,84.4,1400,102.6,0.122,-0.182,0.528,0,0,called_strike,투수 의도 반영,,,
216,3,0,2,000,SL,chase_high,CH,chase_low,CH,chase_low,0,0,86.1,1437,104.5,0.122,-0.139,0.274,0,0,ball,오늘 감이 나쁜 구종,,,
216,4,1,2,000,SL,low_in,SL,chase_low,SL,chase_low,1,0,86.1,2174,-35.8,0.159,-0.029,0.369,0,0,ball,투수 의도 반영 / 오늘 감이 나쁜 구종,,,
216,5,2,2,000,CH,chase_low,CH,chase_low,CH,chase_low,1,0,86.1,1377,105.6,0.123,-0.167,0.456,0,0,called_strike,투수 의도 반영,,,
217,1,0,0,100,FF,high,FF,high,FF,high,1,0,93.8,2182,60.6,0.127,0.168,0.864,1,0,foul,투수 의도 반영 / 도루 위협: 빠른 공 / 오늘 감이 나쁜 구종,87.8,-39.5,foul
217,2,0,1,100,CH,low,CH,low,CH,low,1,0,84.4,1379,108.0,0.122,0.127,0.62,1,0,in_play,투수 의도 반영 / FF 뒤 터널링,95.2,19.2,out
218,1,0,0,000,CH,low,FF,high,CH,low,0,1,84.4,1382,107.7,0.123,-0.274,0.287,0,0,ball,투수 의도 반영 / 낮은 공 강타자 회피 / 오프스피드에 약함,,,
218,2,1,0,000,FF,high,FF,high_in,FF,high_in,1,0,93.8,2223,66.8,0.128,-0.085,0.926,1,0,in_play,투수 의도 반영 / CH 뒤 터널링 / 오늘 감이 나쁜 구종,90.2,47.6,out
219,1,0,0,001,CH,low,FF,high_in,FF,high_in,0,0,93.7,2108,57.3,0.129,0.245,1.139,0,0,ball,,,,
219,2,1,0,001,SI,low_away,FF,high,FF,high,0,0,93.7,2123,59.2,0.13,-0.038,1.315,0,0,ball,오늘 감이 나쁜 구종 / 바깥쪽 추격,,,
219,3,2,0,001,SI,low_away,SI,low_in,SI,low_in,1,0,92.7,2035,85.6,0.129,0.146,0.43,0,0,ball,투수 의도 반영 / 오늘 감이 나쁜 구종 / 바깥쪽 추격,,,
219,4,3,0,001,FF,middle,FF,middle,FF,middle,1,0,92.7,2094,62.7,0.132,0.052,0.815,1,0,in_play,투수 의도 반영 / 오늘 감이 나쁜 구종 / 제구 불안: 존 안으로,77.2,30.1,out
220,1,0,0,000,CH,away,CH,low_in,CH,low_in,1,0,84.2,1363,101.0,0.126,-0.001,0.54,0,0,called_strike,투수 의도 반영 / 오프스피드에 약함,,,
220,2,0,1,000,CH,low_away,CH,low_away,CH,low_away,1,0,84.2,1369,97.8,0.126,0.275,0.347,0,0,ball,투수 의도 반영 / 낮은 공 강타자 회피 / 오프스피드에 약함,,,
220,3,1,1,000,FF,high_in,FF,high_in,FF,high_in,1,0,93.5,2059,60.4,0.134,-0.235,1.017,1,0,in_play,투수 의도 반영 / CH 뒤 터널링 / 오늘 감이 나쁜 구종,98.9,4.2,out
221,1,0,0,100,CH,low_away,FF,high,SI,low,0,1,92.5,2006,92.2,0.132,0.175,0.368,1,0,foul,도루 위협: 빠른 공,63.8,64.9,foul
221,2,0,1,100,CH,low_away,CH,low_away,CH,low_away,1,0,84.1,1399,101.4,0.129,0.242,0.414,0,0,ball,투수 의도 반영 / SI 뒤 터널링,,,
221,3,1,1,100,CH,low_away,SI,low_away,SI,low_away,0,0,92.5,1858,90.5,0.133,0.139,0.474,0,0,called_strike,도루 위협: 빠른 공 / CH 뒤 터널링,,,
221,4,1,2,100,CH,chase_low,CH,chase_low,CH,chase_low,1,0,85.7,1402,111.3,0.131,-0.097,0.577,1,0,swinging_strike,투수 의도 반영 / SI 뒤 터널링,,,
222,1,0,0,000,CH,low_away,CH,low_away,CH,low_away,1,0,84.0,1394,99.4,0.13,-0.254,0.682,1,0,foul,투수 의도 반영 / 낮은 공 강타자 회피,96.7,-7.6,foul
222,2,0,1,000,CH,low_in,CH,low_in,CH,low_in,1,0,84.0,1444,94.7,0.13,0.236,0.787,1,0,in_play,투수 의도 반영 / 낮은 공 강타자 회피,82.1,29.7,double
223,1,0,0,000,FF,high_in,CH,low_in,FF,high_in,0,1,93.2,2040,62.1,0.139,0.099,0.823,0,0,called_strike,투수 의도 반영 / 오늘 감이 나쁜 구종,,,
223,2,0,1,000,CH,low,CH,low,CH,low,1,0,83.9,1402,100.3,0.132,-0.153,0.603,0,0,called_strike,투수 의도 반영 / FF 뒤 터널링 / 낮은 공 강타자 회피,,,
223,3,0,2,000,CH,chase_low,CH,chase_low,CH,chase_low,1,0,85.5,1421,100.3,0.132,0.044,0.426,1,0,in_play,투수 의도 반영,81.3,-41.2,out
224,1,0,0,000,CH,low_away,CH,low,CH,low,1,0,83.8,1362,101.3,0.133,0.004,0.556,1,0,in_play,투수 의도 반영,93.8,29.1,out
225,1,0,0,100,FF,high,FF,high,FF,high,1,0,93.8,2266,53.0,0.11,0.138,0.961,0,0,called_strike,투수 의도 반영 / 도루 위협: 빠른 공 / 오늘 감이 좋은 구종,,,
225,2,0,1,100,CH,low,CH,low_away,CH,low_away,1,0,84.4,1393,107.6,0.127,-0.105,0.523,1,0,swinging_strike,투수 의도 반영 / FF 뒤 터널링 / 오늘 감이 나쁜 구종,,,
225,3,0,2,100,FF,chase_high,CH,chase_low,CH,chase_low,0,0,86.1,1524,102.1,0.126,-0.001,0.194,0,0,ball,헛스윙 유도 구종 반복 / 오늘 감이 좋은 구종,,,
225,4,1,2,100,FF,chase_high,FF,chase_high,FF,chase_high,1,0,95.7,2155,63.1,0.109,0.223,1.076,1,0,in_play,투수 의도 반영 / 도루 위협: 빠른 공 / CH 뒤 터널링 / 오늘 감이 좋은 구종,97.4,27.0,HR
226,1,0,0,001,FF,high_in,FF,high_in,FF,high_in,1,0,93.8,2129,56.5,0.11,-0.008,0.943,1,0,foul,투수 의도 반영 / 오늘 감이 좋은 구종,95.4,-25.3,foul
226,2,0,1,001,CH,low,CH,low_in,CH,low_in,1,0,84.4,1409,101.4,0.127,-0.193,0.523,1,0,in_play,투수 의도 반영 / FF 뒤 터널링 / 낮은 공 강타자 회피 / 오늘 감이 나쁜 구종,69.0,-64.7,out
227,1,0,0,000,FF,high,FF,high_in,FF,high_in,1,0,93.8,2239,55.6,0.11,-0.282,1.046,0,0,ball,투수 의도 반영 / 오늘 감이 좋은 구종,,,
227,2,1,0,000,FF,high_in,FF,high,FF,high,1,0,93.8,2177,56.9,0.111,-0.099,0.885,1,0,in_play,투수 의도 반영 / 오늘 감이 좋은 구종,89.8,-19.4,out
228,1,0,0,000,FF,high,FF,high,FF,high,1,0,93.8,2147,59.8,0.111,-0.066,1.003,0,0,called_strike,투수 의도 반영 / 오늘 감이 좋은 구종,,,
228,2,0,1,000,CH,high,CH,low_in,CH,low_in,1,0,84.4,1382,96.3,0.127,0.114,0.747,1,0,in_play,투수 의도 반영 / FF 뒤 터널링 / 낮은 공 강타자 회피 / 오늘 감이 나쁜 구종,98.1,2.1,out
229,1,0,0,100,FF,high,FF,high,FF,high,1,0,93.8,2126,49.1,0.111,0.052,0.922,1,0,swinging_strike,투수 의도 반영 / 도루 위협: 빠른 공 / 오늘 감이 좋은 구종,,,
229,2,0,1,100,CH,low_in,CH,low,CH,low,1,0,84.4,1436,103.5,0.128,0.151,0.615,0,0,called_strike,투수 의도 반영 / FF 뒤 터널링 / 오늘 감이 나쁜 구종,,,
229,3,0,2,100,SL,chase_low,FF,chase_high,FF,chase_high,0,0,95.7,2213,53.3,0.109,0.212,1.273,0,0,ball,도루 위협: 빠른 공 / CH 뒤 터널링 / 오늘 감이 나쁜 구종 / 변화구 헛스윙 많음,,,
229,4,1,2,100,SL,chase_low,CH,chase_low,CH,chase_low,0,0,86.1,1413,99.6,0.127,0.022,0.387,1,0,in_play,FF 뒤 터널링 / 오늘 감이 나쁜 구종 / 변화구 헛스윙 많음,97.3,-3.1,single
230,1,0,0,000,FF,high,FF,high,FF,high,1,0,93.8,2221,64.3,0.11,0.109,1.178,0,0,ball,투수 의도 반영 / 오늘 감이 좋은 구종,,,
230,2,1,0,000,FF,high,FF,high,FF,high,1,0,93.8,2162,59.7,0.111,0.024,0.936,0,0,called_strike,투수 의도 반영 / 오늘 감이 좋은 구종,,,
230,3,1,1,000,CH,in,CH,in,CH,in,1,0,84.4,1465,103.5,0.128,-0.201,0.492,1,0,in_play,투수 의도 반영 / FF 뒤 터널링 / 오늘 감이 나쁜 구종,90.4,34.0,out
231,1,0,0,000,FF,high,FF,high,FF,high,1,0,93.8,2162,57.6,0.111,0.001,0.915,1,0,in_play,투수 의도 반영 / 오늘 감이 좋은 구종,98.7,18.3,double
232,1,0,0,000,FF,high_in,FF,high,FF,high,1,0,93.8,2238,55.4,0.111,0.105,1.015,0,0,called_strike,투수 의도 반영 / 오늘 감이 좋은 구종,,,
232,2,0,1,000,CH,low_away,CH,low,CH,low,1,0,84.4,1416,108.0,0.129,-0.084,0.73,1,0,in_play,투수 의도 반영 / FF 뒤 터널링 / 오늘 감이 나쁜 구종,95.8,31.7,HR
233,1,0,0,101,FF,high,FF,high,FF,high,1,0,93.8,2226,60.7,0.111,-0.091,1.145,0,0,ball,투수 의도 반영 / 도루 위협: 빠른 공 / 오늘 감이 좋은 구종,,,
233,2,1,0,101,FF,high,FF,high,FF,high,1,0,93.8,2112,53.1,0.111,0.151,0.907,0,0,called_strike,투수 의도 반영 / 도루 위협: 빠른 공 / 오늘 감이 좋은 구종,,,
233,3,1,1,101,CH,low_away,CH,low_away,CH,low_away,1,0,84.4,1437,107.3,0.129,0.159,0.617,0,0,called_strike,투수 의도 반영 / FF 뒤 터널링 / 오늘 감이 나쁜 구종 / 낮은 공 추격,,,
233,4,1,2,101,CH,chase_low,CH,chase_low,CH,chase_low,1,0,86.1,1479,108.0,0.129,-0.053,0.129,0,1,ball,투수 의도 반영 / 오늘 감이 나쁜 구종 / 낮은 공 추격,,,
233,5,2,2,101,FF,chase_high,FF,chase_high,FF,chase_high,1,0,95.7,2207,53.8,0.111,0.053,1.077,1,0,in_play,투수 의도 반영 / 도루 위협: 빠른 공 / CH 뒤 터널링 / 오늘 감이 좋은 구종,93.4,-12.6,single
234,1,0,0,000,FF,high,FF,high,FF,high,1,0,93.8,2300,60.0,0.111,-0.115,0.897,0,0,called_strike,투수 의도 반영 / 오늘 감이 좋은 구종,,,
234,2,0,1,000,CH,low,CH,low,CH,low,1,0,84.4,1376,98.6,0.13,0.01,0.649,0,0,called_strike,투수 의도 반영 / FF 뒤 터널링 / 낮은 공 강타자 회피 / 오늘 감이 나쁜 구종,,,
234,3,0,2,000,FF,chase_high,FF,chase_high,FF,chase_high,1,0,95.7,2213,62.5,0.111,-0.025,1.165,1,0,in_play,투수 의도 반영 / CH 뒤 터널링 / 오늘 감이 좋은 구종,74.4,60.0,out
235,1,0,0,000,FF,high,FF,high,FF,high,1,0,93.8,2195,56.5,0.111,0.1,1.032,0,0,called_strike,투수 의도 반영 / 오늘 감이 좋은 구종,,,
235,2,0,1,000,CH,low_in,CH,low_in,CH,low_in,1,0,84.4,1450,104.4,0.129,-0.355,0.715,1,0,foul,투수 의도 반영 / FF 뒤 터널링 / 오늘 감이 나쁜 구종,85.5,52.8,foul
235,3,0,2,000,FF,chase_high,CH,low,FF,chase_high,0,1,95.7,2180,56.8,0.111,-0.271,1.386,0,0,ball,투수 의도 반영 / CH 뒤 터널링 / 오늘 감이 좋은 구종,,,
235,4,1,2,000,CH,chase_low,CH,chase_low,CH,chase_low,1,0,86.1,1406,100.3,0.129,0.21,0.365,0,0,ball,투수 의도 반영 / FF 뒤 터널링 / 오늘 감이 나쁜 구종,,,
235,5,2,2,000,FF,chase_high,FF,chase_high,FF,chase_high,1,0,95.7,2366,60.9,0.112,-0.037,1.01,1,0,swinging_strike,투수 의도 반영 / CH 뒤 터널링 / 오늘 감이 좋은 구종,,,
236,1,0,0,000,FF,high,FF,high,FF,high,1,0,93.8,2222,53.4,0.111,-0.03,0.97,1,0,foul,투수 의도 반영 / 오늘 감이 좋은 구종,67.0,85.9,foul
236,2,0,1,000,CH,low_in,CH,low,CH,low,1,0,84.4,1384,106.7,0.13,-0.005,0.517,1,0,in_play,투수 의도 반영 / FF 뒤 터널링 / 오늘 감이 나쁜 구종,87.2,-23.4,out
237,1,0,0,100,FF,high,FF,high,FF,high,1,0,93.8,2091,53.7,0.111,0.002,0.987,0,0,called_strike,투수 의도 반영 / 도루 위협: 빠른 공 / 오늘 감이 좋은 구종,,,
237,2,0,1,100,CH,low_away,CH,low,CH,low,1,0,84.4,1397,105.9,0.13,-0.074,0.539,1,0,swinging_strike,투수 의도 반영 / FF 뒤 터널링 / 오늘 감이 나쁜 구종,,,
237,3,0,2,100,SL,chase_low,FF,chase_high,FF,chase_high,0,0,95.7,2204,55.4,0.11,-0.116,1.274,0,0,ball,도루 위협: 빠른 공 / CH 뒤 터널링 / 오늘 감이 나쁜 구종 / 변화구 헛스윙 많음,,,
237,4,1,2,100,CH,low,CH,chase_low,CH,chase_low,1,0,86.1,1452,106.6,0.129,0.015,0.533,1,0,in_play,투수 의도 반영 / FF 뒤 터널링 / 오늘 감이 나쁜 구종,86.3,-34.5,out
238,1,0,0,000,FF,high,FF,high,FF,high,1,0,93.8,2220,55.4,0.111,0.128,1.081,0,0,ball,투수 의도 반영 / 오늘 감이 좋은 구종,,,
238,2,1,0,000,FF,high_in,FF,high_in,FF,high_in,1,0,93.8,2081,64.3,0.112,-0.191,0.869,1,0,foul,투수 의도 반영 / 오늘 감이 좋은 구종,67.4,76.3,foul
238,3,1,1,000,SI,high_in,CH,low_in,FF,high_in,0,1,93.8,2243,63.3,0.112,-0.404,1.041,0,0,ball,오늘 감이 나쁜 구종,,,
238,4,2,1,000,SI,middle,FF,high_in,SI,away,0,1,92.9,2015,96.6,0.129,-0.076,0.796,1,0,foul,투수 의도 반영 / 오늘 감이 나쁜 구종 / 제구 불안: 존 안으로,63.4,-48.5,foul
238,5,2,2,000,FF,chase_high,CH,chase_away,FF,chase_high,0,1,95.7,2247,57.4,0.113,-0.184,1.107,1,0,swinging_strike,투수 의도 반영 / 오늘 감이 좋은 구종,,,
239,1,0,0,000,FF,high,FF,high_in,FF,high_in,1,0,93.8,2163,54.8,0.111,-0.114,1.016,1,0,swinging_strike,투수 의도 반영 / 오늘 감이 좋은 구종,,,
239,2,0,1,000,CH,low,CH,low,CH,low,1,0,84.4,1399,100.8,0.13,-0.007,0.822,1,0,swinging_strike,투수 의도 반영 / FF 뒤 터널링 / 오늘 감이 나쁜 구종,,,
239,3,0,2,000,FF,chase_high,CH,chase_low,CH,chase_low,0,0,86.1,1365,102.6,0.129,0.094,0.397,1,0,in_play,헛스윙 유도 구종 반복 / 오늘 감이 좋은 구종,95.1,-9.2,out
240,1,0,0,001,FF,high,FF,high,FF,high,1,0,93.8,2219,55.9,0.11,0.016,0.946,1,0,in_play,투수 의도 반영 / 오늘 잘 통하는 구종 / 오늘 감이 좋은 구종 / 하이 패스트볼에 약함,91.4,42.8,out
241,1,0,0,100,FF,chase_high,FF,high,FF,high,1,0,93.8,2224,56.3,0.111,-0.177,1.03,1,0,in_play,투수 의도 반영 / 도루 위협: 빠른 공 / 오늘 감이 좋은 구종 / 초구 스윙 성향,93.6,32.3,out
242,1,0,0,000,FF,high,FF,high,FF,high,1,0,93.8,2180,63.1,0.111,0.006,0.904,1,0,foul,투수 의도 반영 / 오늘 감이 좋은 구종,74.7,73.5,foul
242,2,0,1,000,CH,away,CH,low_away,CH,low_away,1,0,84.4,1475,102.7,0.129,0.102,0.637,1,0,in_play,투수 의도 반영 / FF 뒤 터널링 / 낮은 공 강타자 회피 / 오늘 감이 나쁜 구종,91.2,-25.8,single
243,1,0,0,000,FF,high,FF,high,FF,high,1,0,93.8,2156,55.6,0.111,-0.032,1.073,1,0,foul,투수 의도 반영 / 오늘 감이 좋은 구종,70.9,80.9,foul
243,2,0,1,000,CH,low_in,CH,low,CH,low,1,0,84.4,1354,108.2,0.13,-0.034,0.618,1,0,in_play,투수 의도 반영 / FF 뒤 터널링 / 오늘 감이 나쁜 구종,94.1,-11.3,out
244,1,0,0,000,FF,high_in,FF,high_in,FF,high_in,1,0,93.8,2272,62.4,0.111,0.056,1.096,1,0,foul,투수 의도 반영 / 오늘 감이 좋은 구종,99.1,4.1,foul
244,2,0,1,000,CH,low_in,CH,low_in,CH,low_in,1,0,84.4,1442,98.8,0.13,-0.122,0.474,1,0,in_play,투수 의도 반영 / FF 뒤 터널링 / 오늘 감이 나쁜 구종,83.8,-19.9,out
245,1,0,0,100,FF,low,FF,high,FF,high,1,0,93.8,2215,63.4,0.111,0.088,0.805,1,0,in_play,투수 의도 반영 / 도루 위협: 빠른 공 / 오늘 감이 좋은 구종,79.8,71.5,out
246,1,0,0,000,FF,high,FF,high,FF,high,1,0,93.8,2067,59.3,0.112,0.137,0.889,0,0,called_strike,투수 의도 반영 / 오늘 감이 좋은 구종,,,
246,2,0,1,000,CH,low_away,CH,low_away,CH,low_away,1,0,84.4,1299,98.1,0.131,-0.036,0.603,1,0,swinging_strike,투수 의도 반영 / FF 뒤 터널링 / 낮은 공 강타자 회피 / 오늘 감이 나쁜 구종,,,
246,3,0,2,000,FF,chase_high,CH,chase_low,FF,chase_high,0,1,95.7,2106,55.4,0.111,-0.043,1.233,0,0,ball,투수 의도 반영 / CH 뒤 터널링 / 오늘 감이 좋은 구종,,,
246,4,1,2,000,CH,chase_low,CH,chase_low,CH,chase_low,1,0,86.1,1411,107.1,0.13,-0.218,0.348,0,0,ball,투수 의도 반영 / FF 뒤 터널링 / 오늘 감이 나쁜 구종,,,
246,5,2,2,000,FF,chase_high,FF,chase_high,FF,chase_high,1,0,95.7,2297,55.5,0.112,0.036,1.341,0,1,ball,투수 의도 반영 / CH 뒤 터널링 / 오늘 감이 좋은 구종,,,
246,6,3,2,000,FF,chase_high,FF,chase_high,FF,chase_high,1,0,94.7,2132,50.5,0.114,0.42,1.215,0,1,ball,투수 의도 반영 / 오늘 감이 좋은 구종,,,
247,1,0,0,001,FF,high,FF,high,FF,high,1,0,93.7,2163,53.3,0.115,-0.07,0.921,0,0,called_strike,투수 의도 반영 / 오늘 감이 좋은 구종,,,
247,2,0,1,001,CH,low_in,CH,low_in,CH,low_in,1,0,84.3,1438,98.9,0.132,-0.128,0.596,1,0,in_play,투수 의도 반영 / FF 뒤 터널링 / 오늘 감이 나쁜 구종,89.0,-10.5,out
248,1,0,0,000,FF,high,FF,high,FF,high,1,0,93.7,2144,64.9,0.115,0.036,1.135,0,0,ball,투수 의도 반영 / 오늘 감이 좋은 구종,,,
248,2,1,0,000,FF,high_in,FF,high_in,FF,high_in,1,0,93.6,2158,51.7,0.117,-0.254,0.89,1,0,in_play,투수 의도 반영 / 오늘 감이 좋은 구종,84.8,54.8,out
249,1,0,0,100,FF,high,FF,high,FF,high,1,0,93.6,2135,57.7,0.118,-0.257,0.955,1,0,foul,투수 의도 반영 / 도루 위협: 빠른 공 / 오늘 감이 좋은 구종,59.6,59.0,foul
249,2,0,1,100,CH,low_in,CH,low,CH,low,1,0,84.2,1387,108.0,0.135,0.197,0.525,1,0,in_play,투수 의도 반영 / FF 뒤 터널링 / 오늘 감이 나쁜 구종,74.0,28.8,out
250,1,0,0,000,FF,high,FF,high_in,FF,high_in,1,0,93.8,2107,60.7,0.127,-0.207,1.292,0,0,ball,투수 의도 반영 / 오늘 감이 나쁜 구종,,,
250,2,1,0,000,FF,high,FF,high,FF,high,1,0,93.8,2230,56.2,0.128,0.214,1.081,1,0,swinging_strike,투수 의도 반영 / 오늘 감이 나쁜 구종,,,
250,3,1,1,000,SL,high,CH,low,SI,in,0,1,92.9,2005,93.9,0.124,-0.359,0.692,0,0,ball,오늘 감이 나쁜 구종,,,
250,4,2,1,000,FF,high,FF,high_in,FF,high_in,1,0,93.8,2203,55.6,0.127,-0.095,0.842,1,0,in_play,투수 의도 반영 / 오늘 감이 나쁜 구종,69.6,-65.8,out
251,1,0,0,000,FF,high,FF,high,FF,high,1,0,93.8,2148,55.0,0.127,-0.001,1.072,1,0,foul,투수 의도 반영 / 오늘 감이 나쁜 구종,73.9,69.3,foul
251,2,0,1,000,CH,low,CH,low_in,CH,low_in,1,0,84.4,1344,101.6,0.135,-0.3,0.471,0,0,ball,투수 의도 반영 / FF 뒤 터널링 / 오늘 감이 나쁜 구종,,,
251,3,1,1,000,SI,low,FF,high,FF,high,0,0,93.8,2240,55.7,0.127,0.045,1.109,1,0,in_play,CH 뒤 터널링,87.1,8.3,out
252,1,0,0,000,SI,low_away,SI,low_away,SI,low_away,1,0,92.9,1994,92.1,0.125,0.073,0.487,0,0,called_strike,투수 의도 반영,,,
252,2,0,1,000,CH,low_in,CH,low_in,CH,low_in,1,0,84.4,1377,102.8,0.136,0.082,0.534,1,0,swinging_strike,투수 의도 반영 / SI 뒤 터널링 / 오늘 감이 나쁜 구종,,,
252,3,0,2,000,SL,chase_low,CH,chase_low,SL,chase_low,0,1,86.1,2160,-35.1,0.158,-0.348,0.238,0,0,ball,투수 의도 반영 / 오늘 감이 나쁜 구종,,,
252,4,1,2,000,CH,chase_low,CH,chase_low,CH,chase_low,1,0,86.1,1433,99.2,0.135,-0.216,0.278,0,0,ball,투수 의도 반영 / 오늘 감이 나쁜 구종,,,
252,5,2,2,000,FF,chase_high,FF,chase_high,FF,chase_high,1,0,95.7,2182,58.2,0.128,-0.148,1.406,0,0,ball,투수 의도 반영 / CH 뒤 터널링 / 오늘 감이 나쁜 구종,,,
252,6,3,2,000,SI,chase_high,FF,chase_high,FF,chase_high,0,0,94.8,2316,51.1,0.129,0.174,1.408,0,0,ball,,,,
253,1,0,0,100,FF,high,FF,high,FF,high,1,0,93.8,2159,63.3,0.13,-0.039,0.986,0,0,called_strike,투수 의도 반영 / 도루 위협: 빠른 공 / 오늘 감이 나쁜 구종,,,
253,2,0,1,100,CH,low,CH,low,CH,low,1,0,84.4,1335,105.8,0.136,-0.05,0.38,0,0,ball,투수 의도 반영 / FF 뒤 터널링 / 오늘 감이 나쁜 구종,,,
253,3,1,1,100,SI,low_away,SI,low_away,SI,low_away,1,0,92.9,1997,92.0,0.124,0.021,0.32,0,0,ball,투수 의도 반영 / 도루 위협: 빠른 공 / CH 뒤 터널링,,,
253,4,2,1,100,FF,high,FF,high,FF,high,1,0,93.8,2294,51.5,0.129,-0.15,1.068,1,0,in_play,투수 의도 반영 / 도루 위협: 빠른 공 / 오늘 감이 나쁜 구종,93.1,30.8,out
254,1,0,0,001,FF,high_in,FF,high_in,FF,high_in,1,0,93.8,2109,65.1,0.13,-0.046,0.95,1,0,in_play,투수 의도 반영 / 오늘 감이 나쁜 구종,87.9,50.9,out
255,1,0,0,000,FF,high_in,FF,high,FF,high,1,0,93.8,2154,58.4,0.13,-0.291,0.88,0,0,ball,투수 의도 반영 / 오늘 감이 나쁜 구종,,,
255,2,1,0,000,SI,low_in,SI,low_in,SI,low_in,1,0,92.9,2003,97.1,0.125,0.102,0.568,0,0,called_strike,투수 의도 반영,,,
255,3,1,1,000,FF,high_in,CH,low,CH,low,0,0,84.4,1386,102.2,0.137,-0.077,0.423,1,0,foul,SI 뒤 터널링 / 오늘 감이 나쁜 구종,71.3,80.8,foul
255,4,1,2,000,SL,chase_low,SL,chase_low,SL,chase_low,1,0,86.1,2143,-44.4,0.159,-0.128,0.399,0,1,ball,투수 의도 반영 / 오늘 감이 나쁜 구종,,,
255,5,2,2,000,SI,chase_high,FF,chase_high,SI,chase_high,0,2,94.7,2004,96.9,0.125,-0.057,1.162,1,1,foul,투수 의도 반영,89.2,-40.0,foul
255,6,2,2,000,FF,chase_high,CH,chase_low,FF,chase_high,0,1,95.7,2191,60.3,0.131,0.008,1.162,0,1,ball,투수 의도 반영 / 오늘 감이 나쁜 구종,,,
255,7,3,2,000,SI,middle,FF,chase_high,SI,middle,0,1,93.8,1959,92.1,0.125,0.099,0.916,1,0,in_play,투수 의도 반영,74.7,-60.3,out
256,1,0,0,000,SI,low_in,CH,low,SI,low_in,0,1,92.9,1929,95.0,0.125,0.117,0.673,0,0,called_strike,투수 의도 반영,,,
256,2,0,1,000,CH,low,CH,low,CH,low,1,0,84.4,1380,105.0,0.137,-0.128,0.723,1,0,foul,투수 의도 반영 / SI 뒤 터널링 / 오늘 감이 나쁜 구종 / 낮은 공 추격,74.3,74.7,foul
256,3,0,2,000,SL,chase_low,SL,chase_low,SL,chase_low,1,0,86.1,2079,-31.7,0.161,-0.094,0.261,0,0,ball,투수 의도 반영 / 오늘 감이 나쁜 구종 / 낮은 공 추격,,,
256,4,1,2,000,CH,chase_low,CH,chase_low,CH,chase_low,1,0,86.1,1374,105.8,0.137,0.163,0.27,0,0,ball,투수 의도 반영 / 오늘 감이 나쁜 구종 / 낮은 공 추격,,,
256,5,2,2,000,SL,chase_low,SI,chase_high,FF,chase_high,0,1,95.7,2167,58.2,0.132,-0.167,1.214,1,0,swinging_strike,CH 뒤 터널링 / 오늘 감이 나쁜 구종 / 낮은 공 추격,,,
257,1,0,0,100,FF,high_in,FF,high,FF,high,1,0,93.8,2242,61.8,0.131,-0.012,1.009,0,0,called_strike,투수 의도 반영 / 도루 위협: 빠른 공 / 오늘 감이 나쁜 구종,,,
257,2,0,1,100,SL,high,SL,low_away,SL,low_away,1,0,84.4,1986,-34.4,0.162,0.116,0.752,1,0,foul,투수 의도 반영 / FF 뒤 터널링 / 오늘 감이 나쁜 구종 / 변화구 헛스윙 많음,59.1,32.1,foul
257,3,0,2,100,CH,chase_low,SL,chase_low,CH,chase_low,0,1,86.1,1389,104.7,0.138,0.157,0.366,0,0,ball,투수 의도 반영 / 오늘 감이 나쁜 구종,,,
257,4,1,2,100,SL,chase_low,SL,chase_low,SL,chase_low,1,0,86.1,2120,-49.8,0.162,0.013,0.308,0,0,ball,투수 의도 반영 / 오늘 감이 나쁜 구종 / 변화구 헛스윙 많음,,,
257,5,2,2,100,SL,chase_low,FF,chase_high,SL,chase_low,0,1,86.1,2195,-34.6,0.163,0.257,0.482,0,0,ball,투수 의도 반영 / 오늘 감이 나쁜 구종 / 변화구 헛스윙 많음,,,
257,6,3,2,100,FF,chase_high,FF,chase_high,FF,chase_high,1,0,94.8,2123,59.1,0.13,-0.1,1.132,0,0,ball,투수 의도 반영 / 도루 위협: 빠른 공 / SL 뒤 터널링 / 오늘 감이 나쁜 구종,,,
258,1,0,0,000,FF,high,FF,high,FF,high,1,0,93.8,2146,62.0,0.131,0.054,0.99,0,0,called_strike,투수 의도 반영 / 오늘 감이 나쁜 구종,,,
258,2,0,1,000,SL,high_in,CH,in,SL,high_in,0,1,84.4,1986,-35.8,0.164,0.398,0.853,0,0,ball,투수 의도 반영 / FF 뒤 터널링 / 오늘 감이 나쁜 구종,,,
258,3,1,1,000,FF,high_in,FF,high_in,FF,high_in,1,0,93.8,2005,59.5,0.131,0.289,1.0,1,0,in_play,투수 의도 반영 / SL 뒤 터널링 / 오늘 감이 나쁜 구종,92.0,-31.9,out
259,1,0,0,000,SI,low_in,FF,high,SI,low_in,0,1,92.9,2016,92.3,0.125,-0.203,0.575,0,0,called_strike,투수 의도 반영,,,
259,2,0,1,000,SL,low_in,CH,low_in,CH,low_in,0,0,84.4,1403,100.9,0.139,-0.172,0.649,1,0,in_play,SI 뒤 터널링 / 오늘 감이 나쁜 구종,87.1,3.0,out
260,1,0,0,000,FF,high,FF,high,FF,high,1,0,93.8,2261,59.0,0.131,-0.143,1.029,1,0,in_play,투수 의도 반영 / 오늘 감이 나쁜 구종,93.1,36.4,out
261,1,0,0,101,SI,low,SI,low,SI,low,1,0,92.9,1990,94.4,0.124,-0.094,0.678,0,0,called_strike,투수 의도 반영 / 도루 위협: 빠른 공 / 낮은 공 추격,,,
261,2,0,1,101,SL,away,CH,low,CH,low,0,0,84.4,1434,109.0,0.139,-0.05,0.543,1,0,in_play,3루 주자: 폭투 위험 회피 / SI 뒤 터널링 / 오늘 감이 나쁜 구종,84.9,-35.8,out
262,1,0,0,000,FF,high,FF,high_in,FF,high_in,1,0,93.8,2187,56.7,0.132,-0.035,0.936,1,0,in_play,투수 의도 반영 / 오늘 감이 나쁜 구종,97.9,5.3,out
263,1,0,0,000,SI,low_in,SI,low,SI,low,1,0,92.9,2092,94.1,0.123,0.048,0.618,0,0,called_strike,투수 의도 반영 / 낮은 공 강타자 회피,,,
263,2,0,1,000,SL,low,CH,low,CH,low,0,0,84.4,1384,100.5,0.14,-0.099,0.506,1,0,swinging_strike,SI 뒤 터널링 / 낮은 공 강타자 회피 / 오늘 감이 나쁜 구종 / 낮은 공 추격,,,
263,3,0,2,000,SL,chase_low,CH,chase_low,SL,chase_low,0,1,86.1,2161,-28.5,0.165,0.012,0.315,0,0,ball,투수 의도 반영 / 오늘 감이 나쁜 구종 / 낮은 공 추격,,,
263,4,1,2,000,SL,chase_low,CH,chase_low,CH,chase_low,0,0,86.1,1500,103.1,0.139,-0.176,0.419,1,1,in_play,오늘 감이 나쁜 구종 / 낮은 공 추격,90.6,41.6,double
264,1,0,0,000,SI,low_away,FF,high_in,SI,low_away,0,1,92.9,1984,92.0,0.123,-0.105,0.49,1,0,swinging_strike,투수 의도 반영 / 낮은 공 강타자 회피,,,
264,2,0,1,000,CH,low_in,CH,low,CH,low,1,0,84.4,1407,103.4,0.139,0.147,0.529,1,0,in_play,투수 의도 반영 / SI 뒤 터널링 / 낮은 공 강타자 회피 / 오늘 감이 나쁜 구종,75.9,-53.1,out
265,1,0,0,100,SI,low,SI,low_away,SI,low_away,1,0,92.9,2058,97.6,0.122,0.029,0.569,1,0,in_play,투수 의도 반영 / 오늘 잘 통하는 구종 / 도루 위협: 빠른 공,93.7,29.4,out
266,1,0,0,000,SI,high,SI,in,SI,in,1,0,92.9,1976,92.6,0.122,-0.31,0.777,1,0,swinging_strike,투수 의도 반영,,,
266,2,0,1,000,CH,in,CH,low,CH,low,1,0,84.4,1357,104.4,0.14,0.241,0.404,0,0,ball,투수 의도 반영 / SI 뒤 터널링 / 낮은 공 강타자 회피 / 오늘 감이 나쁜 구종,,,
266,3,1,1,000,FF,high_in,SI,away,FF,high,0,1,93.8,2260,53.1,0.132,-0.057,0.78,1,0,in_play,투수 의도 반영 / CH 뒤 터널링 / 오늘 감이 나쁜 구종,76.3,78.4,out
267,1,0,0,000,SI,low,SI,low,SI,low,1,0,92.9,2071,97.8,0.121,-0.073,0.389,0,0,ball,투수 의도 반영 / 오늘 잘 통하는 구종,,,
267,2,1,0,000,FF,high,SI,low_in,FF,high_in,0,1,93.8,2122,52.8,0.133,-0.036,1.082,0,0,ball,투수 의도 반영 / 오늘 감이 나쁜 구종,,,
267,3,2,0,000,SI,low,SI,low,SI,low,1,0,92.9,1932,90.0,0.122,0.166,0.505,1,0,in_play,투수 의도 반영,90.9,18.8,out
268,1,0,0,001,SI,low_away,SI,low_away,SI,low_away,1,0,92.9,1965,92.8,0.123,0.195,0.528,1,0,swinging_strike,투수 의도 반영,,,
268,2,0,1,001,SL,low,CH,low_away,SL,low_away,0,2,84.4,1960,-37.1,0.166,0.193,0.471,1,0,in_play,투수 의도 반영 / 오늘 감이 나쁜 구종,75.2,75.7,out
269,1,0,0,100,SI,low,SI,low,SI,low,1,0,92.9,1937,84.8,0.121,0.144,0.559,0,0,called_strike,투수 의도 반영 / 오늘 잘 통하는 구종 / 도루 위협: 빠른 공,,,
269,2,0,1,100,SL,away,CH,low,SL,low_away,0,1,84.4,2113,-39.2,0.168,0.015,0.219,0,0,ball,투수 의도 반영 / 오늘 감이 나쁜 구종,,,
269,3,1,1,100,FF,high,SI,low_away,SI,low_away,0,0,92.8,2007,96.6,0.122,0.173,0.634,1,0,in_play,오늘 잘 통하는 구종 / 도루 위협: 빠른 공 / 오늘 감이 나쁜 구종 / 하이 패스트볼에 약함,86.2,61.4,out
270,1,0,0,000,SI,chase_high,SI,in,SI,in,1,0,92.8,2119,82.6,0.123,0.198,0.743,0,0,called_strike,투수 의도 반영 / 초구 스윙 성향,,,
270,2,0,1,000,CH,low_away,CH,low_away,CH,low_away,1,0,84.3,1443,99.0,0.143,-0.256,0.44,0,0,ball,투수 의도 반영 / SI 뒤 터널링 / 낮은 공 강타자 회피 / 오늘 감이 나쁜 구종,,,
270,3,1,1,000,SI,low,SI,high,SI,high,1,0,92.7,1950,89.0,0.123,0.042,0.954,1,0,in_play,투수 의도 반영 / CH 뒤 터널링 / 낮은 공 추격 / 낮은 공 강타자 회피,76.0,77.3,out
271,1,0,0,000,SI,low,SI,low_in,SI,low_in,1,0,92.7,1964,86.6,0.124,-0.328,0.663,0,0,ball,투수 의도 반영 / 낮은 공 추격,,,
271,2,1,0,000,SI,low_away,SI,low,SI,low,1,0,92.6,2014,95.8,0.126,-0.043,0.637,1,0,in_play,투수 의도 반영 / 낮은 공 추격,92.9,18.4,double
272,1,0,0,000,CH,low,SI,low_in,CH,low_in,0,1,84.2,1484,102.4,0.146,-0.22,1.051,1,0,foul,투수 의도 반영 / 오늘 감이 나쁜 구종 / 낮은 공 추격 / 오프스피드에 약함,88.8,45.3,foul
272,2,0,1,000,SL,low_away,CH,low,SL,low_away,0,1,84.1,2022,-33.8,0.174,-0.363,0.191,0,0,ball,투수 의도 반영 / 오늘 감이 나쁜 구종 / 낮은 공 추격,,,
272,3,1,1,000,CH,low_in,CH,low_in,CH,low_in,1,0,84.1,1356,113.8,0.147,-0.071,0.471,1,0,in_play,투수 의도 반영 / 오늘 감이 나쁜 구종 / 오프스피드에 약함,85.0,59.5,out
273,1,0,0,100,SI,away,SI,away,SI,away,1,0,92.5,1965,91.5,0.128,-0.225,0.893,0,0,called_strike,투수 의도 반영 / 도루 위협: 빠른 공,,,
273,2,0,1,100,SL,low_away,CH,low_away,SL,away,0,1,84.0,2062,-41.0,0.177,-0.084,0.811,1,0,in_play,투수 의도 반영 / 오늘 감이 나쁜 구종,95.4,18.2,out
274,1,0,0,000,SI,low_away,SI,low,SI,low,1,0,92.4,2005,92.0,0.129,0.349,0.47,0,0,ball,투수 의도 반영,,,
274,2,1,0,000,SI,low,SI,low,SI,low,1,0,92.4,1947,87.7,0.13,0.066,0.637,1,0,foul,투수 의도 반영,73.3,78.0,foul
274,3,1,1,000,FF,high,CH,low,CH,low,0,0,83.9,1397,104.1,0.151,0.007,0.539,1,0,in_play,SI 뒤 터널링 / 오늘 감이 나쁜 구종,87.0,-32.7,out
275,1,0,0,001,SI,low_away,SI,low,SI,low,1,0,92.9,2009,94.4,0.11,-0.069,0.594,1,0,in_play,투수 의도 반영 / 오늘 감이 좋은 구종,90.7,-28.3,out
276,1,0,0,000,SI,away,SI,low_away,SI,low_away,1,0,92.9,1895,96.7,0.111,-0.139,0.525,1,0,in_play,투수 의도 반영 / 오늘 감이 좋은 구종,90.9,-18.8,out
277,1,0,0,100,SI,low,SI,low,SI,low,1,0,92.9,1985,93.7,0.111,-0.071,0.496,1,0,in_play,투수 의도 반영 / 도루 위협: 빠른 공 / 오늘 감이 좋은 구종,95.9,-0.9,single
278,1,0,0,000,FF,high,FF,high,FF,high,1,0,93.8,2214,59.0,0.126,-0.211,0.877,1,0,in_play,투수 의도 반영 / 오늘 감이 나쁜 구종,98.0,17.0,double
279,1,0,0,000,SI,low_in,FF,high,SI,low_in,0,1,92.9,2060,87.8,0.112,0.112,0.586,1,0,in_play,투수 의도 반영 / 오늘 감이 좋은 구종,76.5,80.8,out
280,1,0,0,000,SI,low_in,FF,high,SI,low_in,0,2,92.9,1901,90.7,0.113,-0.437,0.579,0,0,ball,투수 의도 반영 / 오늘 감이 좋은 구종 / 낮은 공 강타자 회피,,,
280,2,1,0,000,FF,high,FF,high,FF,high,1,0,93.8,2186,54.4,0.126,0.117,1.184,0,0,ball,투수 의도 반영 / 오늘 감이 나쁜 구종,,,
280,3,2,0,000,SI,high,SI,low_in,SI,low_in,1,0,92.9,2014,103.6,0.114,0.016,0.75,1,0,in_play,투수 의도 반영 / 오늘 감이 좋은 구종,84.2,30.0,double
281,1,0,0,100,SI,low,CH,low_away,SI,low,0,1,92.9,2047,88.4,0.114,0.059,0.525,1,0,in_play,투수 의도 반영 / 도루 위협: 빠른 공 / 오늘 감이 좋은 구종,79.8,-17.5,out
282,1,0,0,001,SI,in,FF,high_in,SI,in,0,1,92.9,2060,93.0,0.115,0.321,0.665,0,0,ball,투수 의도 반영 / 오늘 감이 좋은 구종,,,
282,2,1,0,001,FF,high_in,FF,high_in,FF,high_in,1,0,93.8,2079,55.1,0.127,0.116,1.281,1,0,in_play,투수 의도 반영 / 오늘 감이 나쁜 구종,98.6,-5.0,out
283,1,0,0,000,CH,low,FF,high,FF,high,0,0,93.8,2147,58.3,0.128,-0.224,0.982,1,0,in_play,,96.5,27.6,out
284,1,0,0,000,FF,high_in,FF,high_in,FF,high_in,1,0,93.8,2266,53.6,0.128,0.015,1.133,0,0,ball,투수 의도 반영 / 오늘 감이 나쁜 구종,,,
284,2,1,0,000,SI,high,FF,high,SI,high,0,1,92.9,1963,97.3,0.116,-0.015,1.328,0,0,ball,투수 의도 반영,,,
284,3,2,0,000,FF,high,FF,high,FF,high,1,0,93.8,2184,50.0,0.129,-0.013,0.846,0,0,called_strike,투수 의도 반영 / 오늘 감이 나쁜 구종,,,
284,4,2,1,000,FF,high,FF,high,FF,high,1,0,93.8,2071,58.9,0.129,-0.199,0.874,1,0,swinging_strike,투수 의도 반영 / 오늘 감이 나쁜 구종,,,
284,5,2,2,000,SL,chase_away,CH,chase_low,CH,chase_low,0,0,86.1,1399,103.9,0.124,0.153,0.281,0,0,ball,FF 뒤 터널링,,,
284,6,3,2,000,SI,chase_high,FF,chase_high,FF,chase_high,0,0,94.8,2224,55.6,0.127,-0.056,1.044,1,0,foul,CH 뒤 터널링,65.3,36.3,foul
284,7,3,2,000,SI,chase_high,SI,chase_high,SI,chase_high,1,0,93.8,1973,95.7,0.117,-0.019,1.088,1,0,in_play,투수 의도 반영,84.0,56.7,out
285,1,0,0,100,SI,low,CH,low_away,CH,low_away,0,0,84.4,1420,103.0,0.125,-0.009,0.619,0,0,called_strike,,,,
285,2,0,1,100,SL,low_away,CH,low,CH,low,0,0,84.4,1386,108.2,0.124,0.024,0.66,0,0,called_strike,,,,
285,3,0,2,100,SL,chase_low,SL,chase_low,SL,chase_low,1,0,86.1,2210,-35.1,0.148,-0.098,0.457,1,0,swinging_strike,투수 의도 반영,,,
286,1,0,0,000,FF,high_in,FF,high_in,FF,high_in,1,0,93.8,2155,60.3,0.127,-0.116,1.064,1,0,foul,투수 의도 반영 / 오늘 감이 나쁜 구종 / 하이 패스트볼에 약함,58.0,70.2,foul
286,2,0,1,000,SL,high_in,CH,low_away,SL,in,0,1,84.4,2110,-41.3,0.146,-0.077,0.811,1,0,in_play,투수 의도 반영 / FF 뒤 터널링,97.8,9.3,single
287,1,0,0,000,SI,low_away,FF,high,SI,low_in,0,1,92.9,1913,87.0,0.117,-0.216,0.52,0,0,called_strike,투수 의도 반영,,,
287,2,0,1,000,SL,in,CH,low,SL,low_in,0,1,84.4,2159,-38.6,0.147,-0.011,0.361,0,0,ball,투수 의도 반영,,,
287,3,1,1,000,CH,low_in,FF,high,CH,low_in,0,1,84.4,1378,101.4,0.124,-0.163,0.671,1,0,in_play,투수 의도 반영,94.9,25.1,out
288,1,0,0,000,SI,low,CH,low_in,SI,low_in,0,1,92.9,2054,94.7,0.117,-0.046,0.662,1,0,in_play,투수 의도 반영,96.0,-10.0,out
289,1,0,0,101,SI,low_in,FF,high,FF,high,0,0,93.8,2115,55.1,0.127,0.158,1.282,0,0,ball,도루 위협: 빠른 공,,,
289,2,1,0,101,SI,low,FF,high,FF,high,0,0,93.8,2101,51.6,0.128,-0.115,1.141,1,0,in_play,도루 위협: 빠른 공,85.1,56.2,out
290,1,0,0,000,FF,high_in,FF,high_in,FF,high_in,1,0,93.8,2176,56.8,0.129,-0.2,1.043,1,0,in_play,투수 의도 반영 / 오늘 감이 나쁜 구종,94.4,30.0,out
291,1,0,0,000,SI,low,SI,low,SI,low,1,0,92.9,1997,90.9,0.117,-0.104,0.797,0,0,called_strike,투수 의도 반영,,,
291,2,0,1,000,CH,low,CH,low,CH,low,1,0,84.4,1433,98.7,0.124,0.022,0.465,0,0,called_strike,투수 의도 반영 / SI 뒤 터널링,,,
291,3,0,2,000,SL,chase_low,CH,chase_low,CH,chase_low,0,0,86.1,1427,107.4,0.124,0.082,0.179,0,0,ball,,,,
291,4,1,2,000,SL,chase_low,SL,chase_low,SL,chase_low,1,0,86.1,2102,-32.5,0.148,-0.246,0.479,1,0,in_play,투수 의도 반영,92.0,43.5,triple
292,1,0,0,000,SI,low,SI,low,SI,low,1,0,92.9,1965,98.2,0.117,0.021,0.556,0,0,called_strike,투수 의도 반영,,,
292,2,0,1,000,SL,low_away,CH,low_away,SL,low,0,1,84.4,2074,-32.2,0.149,-0.139,0.352,0,0,ball,투수 의도 반영,,,
292,3,1,1,000,CH,low,CH,low_away,CH,low_away,1,0,84.4,1384,100.1,0.124,0.138,0.451,1,0,in_play,투수 의도 반영,96.2,20.2,double
293,1,0,0,100,SI,in,SI,away,SI,away,1,0,92.9,2047,90.4,0.116,0.113,0.618,0,0,called_strike,투수 의도 반영 / 도루 위협: 빠른 공,,,
293,2,0,1,100,SL,away,CH,low,CH,low,0,0,84.4,1508,109.5,0.125,0.058,0.812,1,0,in_play,SI 뒤 터널링,91.2,42.2,out
294,1,0,0,000,SI,low,SI,away,SI,away,1,0,92.9,2050,94.8,0.115,-0.269,0.658,1,0,swinging_strike,투수 의도 반영 / 오늘 감이 좋은 구종,,,
294,2,0,1,000,CH,low_away,CH,low_away,CH,low_away,1,0,84.4,1388,93.8,0.126,-0.226,0.567,1,0,foul,투수 의도 반영 / SI 뒤 터널링 / 낮은 공 강타자 회피 / 오늘 감이 나쁜 구종,83.8,58.0,foul
294,3,0,2,000,SL,chase_low,SL,chase_low,SL,chase_low,1,0,86.1,2255,-35.9,0.15,0.044,0.43,0,0,ball,투수 의도 반영,,,
294,4,1,2,000,CH,chase_high,CH,chase_low,CH,chase_low,1,0,86.1,1390,106.5,0.126,0.109,0.475,1,0,in_play,투수 의도 반영 / 오늘 감이 나쁜 구종,92.6,-3.3,single
295,1,0,0,000,SI,low_in,SI,low_in,SI,low_in,1,0,92.9,1918,98.2,0.114,0.018,0.535,1,0,in_play,투수 의도 반영 / 오늘 잘 통하는 구종 / 오늘 감이 좋은 구종,92.2,11.6,single
296,1,0,0,001,SI,low_in,SI,low_in,SI,low_in,1,0,92.9,1866,86.8,0.115,-0.222,0.54,0,0,called_strike,투수 의도 반영 / 오늘 감이 좋은 구종,,,
296,2,0,1,001,SL,low,CH,low,SL,low,0,1,84.4,2063,-40.0,0.151,-0.179,0.715,1,0,in_play,투수 의도 반영,85.7,52.6,out
297,1,0,0,100,SI,low_away,SI,low_away,SI,low_away,1,0,92.9,2062,95.9,0.114,-0.111,0.535,1,0,swinging_strike,투수 의도 반영 / 도루 위협: 빠른 공 / 오늘 감이 좋은 구종,,,
297,2,0,1,100,SL,low,CH,low,SL,low_away,0,1,84.4,2182,-40.4,0.152,-0.158,0.551,1,0,swinging_strike,투수 의도 반영,,,
297,3,0,2,100,SL,chase_high,SL,chase_high,SL,chase_high,1,0,86.1,2185,-33.0,0.15,-0.126,1.177,0,0,ball,투수 의도 반영 / 헛스윙 유도 구종 반복,,,
297,4,1,2,100,CH,chase_low,CH,chase_low,CH,chase_low,1,0,86.1,1368,103.0,0.126,-0.091,0.082,0,0,ball,투수 의도 반영 / 오늘 감이 나쁜 구종,,,
297,5,2,2,100,SL,chase_low,SI,chase_high,SI,chase_high,0,0,94.7,2092,89.2,0.113,-0.116,1.265,0,0,ball,오늘 잘 통하는 구종 / 도루 위협: 빠른 공 / CH 뒤 터널링,,,
297,6,3,2,100,SI,chase_high,SI,chase_high,SI,chase_high,1,0,93.8,1899,90.6,0.114,-0.101,1.107,0,0,ball,투수 의도 반영 / 도루 위협: 빠른 공 / 오늘 감이 좋은 구종,,,
298,1,0,0,000,SI,high,SI,high_in,SI,high_in,1,0,92.9,1894,87.6,0.115,-0.227,1.138,0,0,ball,투수 의도 반영 / 오늘 감이 좋은 구종,,,
298,2,1,0,000,FF,high_in,FF,high_in,FF,high_in,1,0,93.8,2069,54.4,0.13,-0.155,1.207,1,0,in_play,투수 의도 반영 / 오늘 감이 나쁜 구종,86.5,-25.7,out
299,1,0,0,000,SI,high,SI,low,SI,low,1,0,92.9,1976,96.2,0.116,-0.134,0.627,0,0,called_strike,투수 의도 반영,,,
299,2,0,1,000,CH,low,CH,low,CH,low,1,0,84.4,1433,105.0,0.127,-0.226,0.478,0,0,called_strike,투수 의도 반영 / SI 뒤 터널링 / 오늘 감이 나쁜 구종 / 오프스피드에 약함,,,
299,3,0,2,000,SL,chase_low,CH,chase_low,SL,chase_low,0,1,86.1,2198,-38.2,0.151,-0.031,0.428,0,0,ball,투수 의도 반영,,,
299,4,1,2,000,CH,chase_low,CH,chase_low,CH,chase_low,1,0,86.1,1334,106.8,0.127,-0.041,0.435,0,0,ball,투수 의도 반영 / 오늘 감이 나쁜 구종 / 오프스피드에 약함,,,
299,5,2,2,000,SL,chase_low,SI,chase_high,SL,chase_low,0,1,86.1,2111,-30.0,0.152,-0.056,0.351,0,0,ball,투수 의도 반영,,,
299,6,3,2,000,SI,chase_high,FF,chase_high,SI,chase_high,0,1,93.8,2044,93.9,0.115,-0.193,1.293,0,0,ball,투수 의도 반영 / 오늘 감이 좋은 구종,,,
