seed,pitch_no,balls,strikes,sign,code,effort,target_x,target_z,plate_x,plate_z,plate_mph,swing,pred_x,pred_z,result,umpire,timing_error_s,vertical_m,axial_m,spray_eff_deg,t_contact_plan,t_arrival,ev_mph,la_deg,spray_deg,bb_spin_rpm,distance_m,hang_s,play,p_hit
0,1,0,0,CH,CH,1.0,0.057,0.454,-0.029,0.511,77.4,0,-0.037,0.507,called_strike,strike,,,,,,,,,,,,,,
0,2,0,1,FF,FF,1.0,0.19,0.85,0.137,0.709,85.3,1,0.146,0.663,foul,,-0.0102,0.0083,0.0051,-36.2506,0.4042,0.4056,101.6,16.3,-55.8,3545,87.1,2.73,foul,0.0
0,3,0,2,CH,CH,1.02,0.057,0.521,0.045,0.554,78.9,1,0.064,0.553,in_play,,-0.0019,0.0182,-0.0663,-17.0214,0.4379,0.4398,87.4,31.4,-27.6,3265,105.5,4.99,out,0.32
1,1,0,0,CH,SL,1.0,0.07,0.741,0.132,0.791,77.2,0,0.098,0.794,called_strike,strike,,,,,,,,,,,,,,
1,2,0,1,CH,CH,1.0,0.057,0.533,-0.018,0.571,77.4,1,0.007,0.571,swinging_strike,,0.0053,0.0776,-0.0644,-1.2584,0.4467,0.4485,,,,,,,,
1,3,0,2,SL,SL,1.02,0.19,0.486,-0.023,0.586,78.9,1,-0.045,0.62,swinging_strike,,-0.0094,-0.0723,-0.0024,-23.4822,0.4366,0.4399,,,,,,,,
2,1,0,0,SL,SL,1.0,0.19,0.531,0.496,0.725,77.3,0,0.454,0.762,ball,ball,,,,,,,,,,,,,,
2,2,1,0,SL,SL,1.0,0.19,0.469,0.156,0.439,77.4,0,0.137,0.446,ball,ball,,,,,,,,,,,,,,
2,3,2,0,FF,FF,1.0,0.0,0.85,0.092,0.855,85.3,0,0.084,0.812,called_strike,strike,,,,,,,,,,,,,,
2,4,2,1,CH,CH,1.0,0.057,0.547,0.017,0.699,77.3,0,0.027,0.691,called_strike,strike,,,,,,,,,,,,,,
2,5,2,2,CU,CU,1.02,0.19,0.509,0.321,0.621,73.4,0,0.32,0.74,ball,ball,,,,,,,,,,,,,,
2,6,3,2,CH,CH,1.01,0.19,0.484,0.07,0.408,78.2,0,0.019,0.413,ball,ball,,,,,,,,,,,,,,
3,1,0,0,FF,CH,1.0,-0.014,0.765,-0.051,0.627,77.3,0,-0.022,0.612,called_strike,strike,,,,,,,,,,,,,,
3,2,0,1,CU,SL,1.0,-0.142,0.507,-0.508,0.423,77.4,0,-0.531,0.454,ball,ball,,,,,,,,,,,,,,
3,3,1,1,FF,FF,1.0,0.19,0.85,0.435,0.826,85.3,0,0.487,0.858,ball,ball,,,,,,,,,,,,,,
3,4,2,1,FF,FF,1.0,0.0,0.85,0.125,0.868,85.2,1,0.164,0.852,in_play,,-0.0015,0.0325,-0.0225,-22.3208,0.4032,0.4055,90.3,44.4,-40.1,5345,94.5,6.37,out,0.234
4,1,0,0,CU,CU,1.0,0.057,0.547,-0.271,0.546,72.0,0,-0.271,0.605,ball,ball,,,,,,,,,,,,,,
4,2,1,0,CU,CU,1.0,0.057,0.473,-0.098,0.221,72.2,0,-0.069,0.301,ball,ball,,,,,,,,,,,,,,
4,3,2,0,FF,FF,1.0,0.19,0.85,0.337,0.882,85.2,1,0.37,0.843,swinging_strike,,0.0115,0.1243,-0.0604,-5.1861,0.4036,0.4057,,,,,,,,
4,4,2,1,FF,FF,1.0,-0.19,0.85,-0.203,0.941,85.2,0,-0.189,0.966,called_strike,strike,,,,,,,,,,,,,,
4,5,2,2,SL,SL,1.02,0.19,0.475,0.274,0.245,79.0,0,0.201,0.253,ball,ball,,,,,,,,,,,,,,
4,6,3,2,CH,CH,1.01,0.013,0.862,-0.118,0.758,78.0,1,-0.072,0.803,swinging_strike,,-0.0104,-0.0837,-0.0389,-23.6779,0.442,0.4439,,,,,,,,
5,1,0,0,CU,CU,1.0,0.19,0.501,0.417,0.523,72.0,0,0.44,0.577,ball,ball,,,,,,,,,,,,,,
5,2,1,0,FF,FF,1.0,0.0,0.85,0.023,0.847,85.3,1,0.062,0.803,swinging_strike,,0.0073,0.1044,-0.043,-1.2086,0.4074,0.4054,,,,,,,,
5,3,1,1,SL,SL,1.0,0.19,0.538,0.134,0.61,77.3,1,0.088,0.606,swinging_strike,,0.0073,0.1056,0.003,-2.7487,0.4479,0.4489,,,,,,,,
5,4,1,2,CU,CU,1.02,0.057,0.479,0.033,0.433,73.5,1,0.036,0.517,swinging_strike,,-0.0043,-0.0787,-0.0265,-19.6214,0.4704,0.4742,,,,,,,,
6,1,0,0,CH,CH,1.0,0.057,0.486,-0.146,0.464,77.4,1,-0.128,0.482,in_play,,-0.0031,-0.0004,-0.0335,-7.7741,0.4472,0.4484,95.5,10.7,-10.6,880,54.6,1.54,single,0.704
7,1,0,0,CH,CH,1.0,0.057,0.527,-0.016,0.368,77.5,0,0.013,0.384,ball,ball,,,,,,,,,,,,,,
7,2,1,0,CH,CH,1.0,0.057,0.51,-0.017,0.53,77.4,0,0.008,0.541,called_strike,strike,,,,,,,,,,,,,,
7,3,1,1,CU,FF,1.0,0.177,0.966,0.163,0.726,85.3,0,0.15,0.692,called_strike,strike,,,,,,,,,,,,,,
7,4,1,2,CH,CH,1.02,0.19,0.513,0.262,0.427,78.9,0,0.264,0.41,ball,ball,,,,,,,,,,,,,,
7,5,2,2,FF,FF,1.02,-0.19,0.995,-0.197,1.044,86.9,1,-0.163,1.027,in_play,,-0.0011,0.0517,-0.0348,-2.2107,0.3959,0.3973,73.2,78.1,-6.7,8463,14.0,5.16,out,0.02
8,1,0,0,SL,SL,1.0,0.19,0.481,-0.204,0.449,77.4,0,-0.204,0.449,ball,ball,,,,,,,,,,,,,,
8,2,1,0,FF,FF,1.0,0.0,0.85,-0.089,0.981,85.2,1,-0.098,0.923,in_play,,-0.0089,0.0401,-0.0441,-19.3899,0.4052,0.4053,82.8,54.8,-41.2,6432,63.6,6.16,out,0.02
9,1,0,0,CU,CU,1.0,0.057,0.51,0.286,0.419,72.1,0,0.286,0.46,ball,ball,,,,,,,,,,,,,,
9,2,1,0,CH,CH,1.0,0.19,0.482,0.148,0.487,77.4,1,0.148,0.513,foul,,-0.0088,-0.0204,-0.0338,-33.8832,0.4446,0.4487,94.7,-12.1,-51.0,4241,2.6,0.06,foul,0.0
9,3,1,1,CU,CU,1.0,0.19,0.505,0.352,0.484,72.1,0,0.327,0.507,ball,ball,,,,,,,,,,,,,,
9,4,2,1,FF,CU,1.0,-0.142,0.468,-0.081,0.521,72.0,1,-0.076,0.574,swinging_strike,,-0.0087,-0.0832,0.0356,-20.4955,0.4817,0.4836,,,,,,,,
9,5,2,2,CH,CH,1.02,0.19,0.468,0.256,0.749,78.8,0,0.311,0.739,ball,ball,,,,,,,,,,,,,,
9,6,3,2,FF,FF,1.01,0.19,0.995,0.199,1.019,86.0,1,0.23,0.994,foul,,0.0108,0.0687,-0.0294,-5.1388,0.4003,0.4015,71.2,21.4,178.8,2955,42.4,1.65,foul,0.0
9,7,3,2,SL,CU,1.01,-0.106,0.772,-0.165,0.963,72.5,1,-0.203,1.027,in_play,,-0.0012,-0.0596,0.0062,0.062,0.4747,0.4787,58.1,-77.2,13.1,8727,0.8,0.04,out,0.01
10,1,0,0,CU,CU,1.0,0.19,0.532,0.14,0.558,72.0,0,0.127,0.601,called_strike,strike,,,,,,,,,,,,,,
10,2,0,1,CH,CH,1.0,0.19,0.484,0.128,0.338,77.5,0,0.146,0.319,ball,ball,,,,,,,,,,,,,,
10,3,1,1,SL,SL,1.0,0.177,0.405,-0.043,0.207,77.5,0,-0.083,0.256,ball,ball,,,,,,,,,,,,,,
10,4,2,1,FF,SL,1.0,0.008,0.723,-0.365,0.78,77.2,1,-0.407,0.8,in_play,,-0.0139,-0.0411,0.0616,-18.8531,0.4473,0.4484,78.7,-43.3,-36.0,7211,1.6,0.03,out,0.157
11,1,0,0,FF,FF,1.0,0.0,0.85,-0.061,0.814,85.3,1,-0.034,0.757,swinging_strike,,0.0042,0.0756,-0.0116,-0.7463,0.4047,0.4053,,,,,,,,
11,2,0,1,CH,CH,1.0,0.19,0.455,0.342,0.242,77.5,0,0.352,0.243,ball,ball,,,,,,,,,,,,,,
11,3,1,1,FF,FF,1.0,0.0,0.85,0.064,1.102,85.1,1,0.103,1.052,foul,,0.0061,0.0554,-0.0888,-5.7087,0.4036,0.4054,61.4,86.2,-96.1,8666,24.3,4.13,foul,0.0
11,4,1,2,SL,SL,1.02,0.19,0.529,0.285,0.622,78.8,0,0.263,0.625,ball,ball,,,,,,,,,,,,,,
11,5,2,2,FF,FF,1.02,0.0,0.995,0.203,1.111,86.8,1,0.208,1.093,foul,,-0.0045,0.04,-0.0482,-30.0843,0.3973,0.3976,83.9,49.7,-60.4,6503,76.2,5.6,foul,0.0
11,6,2,2,CH,CH,1.02,0.057,0.5,0.252,0.555,78.9,1,0.246,0.527,foul,,-0.0003,0.0408,0.0027,-25.1052,0.4409,0.44,84.9,56.7,-52.2,6781,65.4,5.9,foul,0.0
11,7,2,2,SL,SL,1.02,0.057,0.505,-0.416,0.481,78.9,0,-0.434,0.502,ball,ball,,,,,,,,,,,,,,
11,8,3,2,SL,SL,1.01,0.19,0.468,0.358,0.534,78.1,1,0.276,0.554,swinging_strike,,0.0146,0.0954,0.0876,0.0247,0.4436,0.4448,,,,,,,,
12,1,0,0,SL,SL,1.0,0.057,0.468,0.332,0.263,77.5,0,0.309,0.294,ball,ball,,,,,,,,,,,,,,
12,2,1,0,CU,SL,1.0,0.04,0.772,-0.11,0.836,77.2,0,-0.116,0.825,called_strike,strike,,,,,,,,,,,,,,
12,3,1,1,FF,FF,1.0,-0.094,0.603,0.219,0.529,85.4,1,0.217,0.487,swinging_strike,,0.0067,0.0905,-0.0303,-11.4421,0.4052,0.4058,,,,,,,,
12,4,1,2,SL,SL,1.02,0.19,0.463,-0.215,0.177,79.1,0,-0.222,0.173,ball,ball,,,,,,,,,,,,,,
12,5,2,2,CU,CU,1.02,0.057,0.536,0.229,0.739,73.3,1,0.225,0.796,in_play,,0.0089,0.0162,0.0033,-8.046,0.4718,0.4744,95.8,28.5,-11.5,3369,125.0,5.74,HR,0.0
13,1,0,0,CU,CU,1.0,0.057,0.531,0.321,0.608,72.0,0,0.321,0.646,ball,ball,,,,,,,,,,,,,,
13,2,1,0,SL,SL,1.0,0.057,0.48,-0.399,0.318,77.5,0,-0.42,0.322,ball,ball,,,,,,,,,,,,,,
13,3,2,0,FF,FF,1.0,-0.19,0.85,-0.088,0.905,85.2,1,-0.1,0.891,in_play,,0.0021,0.0349,-0.0014,-0.5415,0.4008,0.4053,88.8,50.0,1.1,5674,75.7,7.25,single,0.02
14,1,0,0,CU,CH,1.0,0.056,0.847,0.219,0.706,77.3,0,0.263,0.677,called_strike,strike,,,,,,,,,,,,,,
14,2,0,1,CU,CU,1.0,0.19,0.539,0.211,0.458,72.1,1,0.232,0.541,swinging_strike,,-0.0017,-0.0703,-0.0293,-26.6623,0.4825,0.4839,,,,,,,,
14,3,0,2,CU,CU,1.02,0.057,0.457,-0.027,0.201,73.6,0,-0.027,0.263,ball,ball,,,,,,,,,,,,,,
14,4,1,2,CU,CU,1.02,0.19,0.451,0.135,0.716,73.3,1,0.146,0.759,in_play,,0.0102,0.0374,0.0046,-1.115,0.4721,0.4742,86.6,56.0,-0.5,6627,49.1,6.98,out,0.02
15,1,0,0,CH,CH,1.0,0.057,0.484,0.12,0.4,77.4,0,0.142,0.4,ball,ball,,,,,,,,,,,,,,
15,2,1,0,CU,CU,1.0,0.057,0.549,-0.052,0.56,72.0,1,-0.051,0.597,in_play,,-0.0003,0.0035,0.0015,-7.4904,0.4832,0.4836,97.3,16.1,-10.6,1696,93.1,3.06,double,0.719
16,1,0,0,CH,CH,1.0,0.057,0.459,0.348,0.397,77.4,0,0.355,0.366,ball,ball,,,,,,,,,,,,,,
16,2,1,0,FF,FF,1.0,-0.19,0.85,0.082,0.852,85.3,1,0.045,0.772,swinging_strike,,0.0021,0.1167,0.0544,-8.9579,0.4037,0.4054,,,,,,,,
16,3,1,1,CH,SL,1.0,-0.142,0.489,-0.069,0.61,77.3,1,-0.076,0.611,in_play,,-0.0022,0.0306,0.0099,-9.1948,0.449,0.4487,90.9,46.2,-19.6,5361,92.6,6.81,out,0.02
17,1,0,0,CU,CU,1.0,0.19,0.505,-0.189,0.509,72.0,0,-0.21,0.591,called_strike,strike,,,,,,,,,,,,,,
17,2,0,1,SL,SL,1.0,0.19,0.513,0.054,0.355,77.5,0,0.009,0.336,ball,ball,,,,,,,,,,,,,,
17,3,1,1,CH,CH,1.0,0.19,0.49,0.222,0.414,77.4,0,0.239,0.396,ball,ball,,,,,,,,,,,,,,
17,4,2,1,CU,CU,1.0,0.057,0.458,-0.026,0.751,71.9,0,0.001,0.799,called_strike,strike,,,,,,,,,,,,,,
17,5,2,2,CH,CH,1.02,0.057,0.492,0.031,0.543,78.9,1,0.059,0.558,in_play,,0.0004,-0.0015,0.0004,-12.7754,0.4378,0.4398,98.3,8.6,-18.1,1127,45.8,1.21,out,0.56
18,1,0,0,SL,SL,1.0,0.19,0.478,0.532,0.635,77.3,0,0.529,0.655,ball,ball,,,,,,,,,,,,,,
18,2,1,0,CU,CU,1.0,0.057,0.522,-0.165,0.413,72.1,0,-0.179,0.474,ball,ball,,,,,,,,,,,,,,
18,3,2,0,SL,SL,1.0,0.057,0.477,-0.112,0.403,77.4,0,-0.145,0.447,ball,ball,,,,,,,,,,,,,,
18,4,3,0,FF,FF,0.99,0.018,0.836,-0.14,0.706,84.5,0,-0.091,0.668,called_strike,strike,,,,,,,,,,,,,,
18,5,3,1,SL,SL,0.99,0.19,0.451,0.338,0.278,76.7,0,0.318,0.257,ball,ball,,,,,,,,,,,,,,
19,1,0,0,SL,SL,1.0,0.19,0.477,0.304,0.23,77.5,0,0.28,0.287,ball,ball,,,,,,,,,,,,,,
19,2,1,0,FF,FF,1.0,0.0,0.85,0.044,0.981,85.2,0,0.06,0.927,called_strike,strike,,,,,,,,,,,,,,
19,3,1,1,SL,SL,1.0,0.057,0.5,-0.093,0.677,77.3,1,-0.127,0.686,in_play,,0.0038,0.0398,-0.0041,4.1481,0.4491,0.4486,84.7,59.5,6.0,6719,37.2,6.75,out,0.02
20,1,0,0,SL,SL,1.0,0.19,0.462,0.26,0.378,77.5,0,0.23,0.419,ball,ball,,,,,,,,,,,,,,
20,2,1,0,FF,FF,1.0,-0.19,0.85,0.028,0.965,85.2,1,0.077,0.892,swinging_strike,,0.003,0.1228,-0.0436,-9.3871,0.4054,0.4054,,,,,,,,
20,3,1,1,SL,SL,1.0,0.057,0.542,-0.065,0.514,77.4,1,-0.066,0.509,in_play,,-0.0064,0.0129,-0.0028,-17.1129,0.448,0.4487,98.0,25.0,-28.9,3337,108.0,4.1,double,0.346
21,1,0,0,CU,CU,1.0,0.19,0.52,0.18,0.36,72.1,0,0.156,0.411,ball,ball,,,,,,,,,,,,,,
21,2,1,0,FF,FF,1.0,-0.19,0.85,-0.197,0.852,85.3,0,-0.214,0.822,called_strike,strike,,,,,,,,,,,,,,
21,3,1,1,SL,SL,1.0,0.057,0.487,0.06,0.704,77.3,1,0.029,0.745,in_play,,-0.0006,-0.0079,0.02,-12.7316,0.4468,0.4488,97.2,-0.4,-20.0,2786,13.3,0.31,out,0.342
22,1,0,0,SL,SL,1.0,0.057,0.458,0.303,0.186,77.6,0,0.276,0.194,ball,ball,,,,,,,,,,,,,,
22,2,1,0,CH,CH,1.0,0.19,0.498,0.115,0.558,77.4,1,0.163,0.582,in_play,,0.0047,0.0307,-0.0345,-11.5795,0.4466,0.4486,88.0,46.3,-19.5,5088,91.1,6.8,out,0.02
23,1,0,0,CH,CH,1.0,0.19,0.462,0.259,0.122,77.6,0,0.28,0.099,ball,ball,,,,,,,,,,,,,,
23,2,1,0,SL,SL,1.0,0.057,0.53,0.185,0.512,77.4,1,0.128,0.561,foul,,0.0155,0.0568,0.0351,8.9784,0.448,0.449,66.0,83.1,126.8,9378,31.9,3.99,foul,0.0
23,3,1,1,CU,CU,1.0,0.057,0.537,-0.068,0.443,72.1,1,-0.043,0.496,in_play,,0.0021,0.0079,-0.0347,-3.7753,0.483,0.4836,94.5,22.3,-5.0,2180,111.4,4.34,double,0.696
24,1,0,0,SL,SL,1.0,0.057,0.507,-0.001,0.468,77.4,1,-0.049,0.489,in_play,,-0.0026,0.0093,0.0597,-11.5922,0.4476,0.4488,90.6,22.1,-20.1,2733,92.8,3.44,out,0.665
25,1,0,0,FF,FF,1.0,0.0,0.85,-0.273,0.852,85.3,1,-0.217,0.807,foul,,0.0047,0.0603,-0.1092,10.9216,0.4066,0.4052,54.8,67.5,157.7,9364,32.9,2.95,foul,0.0
25,2,0,1,CU,CU,1.0,0.19,0.497,0.033,0.563,72.0,1,0.032,0.608,in_play,,-0.0074,-0.0484,0.0241,-24.5682,0.4808,0.4837,74.1,-46.5,-44.3,7071,1.1,0.03,out,0.111
26,1,0,0,SL,SL,1.0,0.057,0.456,0.283,0.383,77.4,0,0.263,0.443,ball,ball,,,,,,,,,,,,,,
26,2,1,0,FF,FF,1.0,0.19,0.85,0.056,0.848,85.3,0,0.115,0.805,called_strike,strike,,,,,,,,,,,,,,
26,3,1,1,SL,SL,1.0,0.057,0.478,0.342,0.459,77.4,0,0.304,0.472,ball,ball,,,,,,,,,,,,,,
26,4,2,1,FF,FF,1.0,-0.19,0.85,-0.107,0.877,85.2,1,-0.112,0.86,in_play,,-0.0035,0.0184,-0.0112,-9.4573,0.4012,0.4053,96.0,28.4,-14.4,2901,123.4,5.55,HR,0.0
27,1,0,0,CH,CH,1.0,0.19,0.462,0.328,0.435,77.4,0,0.334,0.446,ball,ball,,,,,,,,,,,,,,
27,2,1,0,FF,FF,1.0,0.19,0.85,0.347,0.888,85.2,0,0.37,0.904,ball,ball,,,,,,,,,,,,,,
27,3,2,0,SL,SL,1.0,-0.056,0.668,-0.023,0.784,77.2,1,-0.037,0.798,in_play,,-0.0079,-0.0403,-0.0012,-21.353,0.4464,0.4487,85.5,-40.5,-37.5,7203,1.5,0.03,out,0.225
28,1,0,0,CU,CU,1.0,0.19,0.526,0.248,0.712,71.9,0,0.248,0.786,ball,ball,,,,,,,,,,,,,,
28,2,1,0,CU,CU,1.0,0.057,0.47,0.094,0.455,72.1,0,0.084,0.506,ball,ball,,,,,,,,,,,,,,
28,3,2,0,CH,CH,1.0,0.057,0.489,0.195,0.164,77.6,0,0.186,0.175,ball,ball,,,,,,,,,,,,,,
28,4,3,0,FF,FF,0.99,0.0,0.85,0.149,0.961,84.4,0,0.192,0.972,called_strike,strike,,,,,,,,,,,,,,
28,5,3,1,FF,FF,0.99,-0.008,0.918,0.026,0.816,84.4,0,0.035,0.789,called_strike,strike,,,,,,,,,,,,,,
28,6,3,2,CU,CU,1.01,0.19,0.457,0.193,0.459,72.8,1,0.153,0.547,swinging_strike,,-0.0115,-0.1094,0.0058,-38.8117,0.4759,0.4791,,,,,,,,
29,1,0,0,FF,FF,1.0,-0.19,0.85,-0.21,0.857,85.3,0,-0.164,0.821,called_strike,strike,,,,,,,,,,,,,,
29,2,0,1,SL,SL,1.0,0.057,0.468,0.068,0.655,77.3,0,0.044,0.719,called_strike,strike,,,,,,,,,,,,,,
29,3,0,2,CU,CU,1.02,0.057,0.504,0.018,0.469,73.5,1,-0.008,0.535,in_play,,0.0076,0.0031,0.0392,3.5495,0.4736,0.4742,94.4,16.7,7.0,1514,94.4,3.25,out,0.695
30,1,0,0,FF,FF,1.0,0.0,0.85,-0.025,0.815,85.3,1,0.037,0.841,in_play,,0.0056,0.0134,-0.0762,-2.5578,0.4041,0.4054,85.2,23.5,-2.4,1965,98.0,4.06,double,0.622
31,1,0,0,CU,CU,1.0,0.19,0.517,0.343,0.568,72.0,0,0.338,0.633,ball,ball,,,,,,,,,,,,,,
31,2,1,0,CH,CH,1.0,0.19,0.518,0.403,0.475,77.4,1,0.418,0.5,in_play,,0.0025,0.0232,-0.0228,-20.6898,0.4483,0.4491,93.1,36.5,-32.8,4065,112.3,5.91,out,0.398
32,1,0,0,FF,FF,1.0,0.0,0.85,0.078,0.771,85.3,1,0.015,0.794,in_play,,-0.0029,-0.0341,0.0794,-15.782,0.4043,0.4055,80.0,-37.1,-28.1,6183,1.5,0.04,out,0.17
33,1,0,0,SL,SL,1.0,0.19,0.54,-0.077,0.711,77.3,0,-0.125,0.742,called_strike,strike,,,,,,,,,,,,,,
33,2,0,1,SL,SL,1.0,0.057,0.535,-0.105,0.762,77.3,1,-0.139,0.756,in_play,,-0.0041,0.027,0.0372,-8.9065,0.4485,0.4486,90.0,40.5,-18.1,4755,105.1,6.44,out,0.3
34,1,0,0,FF,FF,1.0,0.19,0.85,0.247,0.927,85.2,0,0.228,0.941,ball,ball,,,,,,,,,,,,,,
34,2,1,0,SL,SL,1.0,0.057,0.514,-0.111,0.392,77.5,0,-0.134,0.435,ball,ball,,,,,,,,,,,,,,
34,3,2,0,CH,CU,1.0,-0.142,0.517,-0.063,0.891,71.8,1,-0.095,0.951,in_play,,-0.0044,-0.0108,0.0668,-11.8985,0.4803,0.4836,87.4,-3.8,-17.5,1842,9.2,0.23,out,0.244
35,1,0,0,SL,FF,1.0,-0.01,0.914,-0.08,0.971,85.2,0,-0.054,0.881,called_strike,strike,,,,,,,,,,,,,,
35,2,0,1,FF,SL,1.0,0.097,0.618,0.155,0.335,77.5,1,0.098,0.4,in_play,,0.011,0.0308,0.053,3.0543,0.4465,0.4491,85.4,50.6,4.6,5364,73.8,6.98,out,0.02
36,1,0,0,FF,SL,1.0,0.177,0.456,0.238,0.457,77.4,1,0.192,0.5,in_play,,0.011,0.0398,0.052,-2.5482,0.4473,0.4491,80.5,62.2,-8.7,6707,32.6,6.36,out,0.02
37,1,0,0,CH,CH,1.0,0.057,0.456,0.21,0.54,77.4,0,0.188,0.576,called_strike,strike,,,,,,,,,,,,,,
37,2,0,1,CH,CH,1.0,0.057,0.471,0.299,0.594,77.3,0,0.353,0.604,ball,ball,,,,,,,,,,,,,,
37,3,1,1,FF,FF,1.0,-0.19,0.85,-0.131,0.783,85.3,0,-0.13,0.784,called_strike,strike,,,,,,,,,,,,,,
37,4,1,2,CH,CH,1.02,0.19,0.532,0.206,0.507,78.9,1,0.271,0.483,swinging_strike,,0.0097,0.1104,-0.1123,-8.3672,0.4401,0.44,,,,,,,,
38,1,0,0,SL,SL,1.0,0.19,0.522,0.235,0.67,77.3,0,0.226,0.664,called_strike,strike,,,,,,,,,,,,,,
38,2,0,1,CU,CU,1.0,0.19,0.546,-0.027,0.618,72.0,0,-0.044,0.662,called_strike,strike,,,,,,,,,,,,,,
38,3,0,2,CH,CH,1.02,0.19,0.518,-0.116,0.561,78.9,1,-0.118,0.547,in_play,,-0.0073,0.0059,0.002,-15.5116,0.4398,0.4396,98.2,16.9,-23.0,1722,89.1,2.87,double,0.726
39,1,0,0,CH,CH,1.0,0.19,0.463,0.002,0.518,77.4,1,0.024,0.519,swinging_strike,,0.0087,0.0915,-0.0218,3.5443,0.4486,0.4485,,,,,,,,
39,2,0,1,CU,CU,1.0,0.057,0.459,-0.164,0.327,72.2,0,-0.165,0.4,ball,ball,,,,,,,,,,,,,,
39,3,1,1,CU,CU,1.0,0.057,0.529,0.126,0.654,72.0,1,0.13,0.732,swinging_strike,,-0.0195,-0.117,-0.0475,-51.1599,0.4819,0.4838,,,,,,,,
39,4,1,2,CH,CH,1.02,0.057,0.473,0.035,0.36,79.0,0,0.08,0.357,ball,ball,,,,,,,,,,,,,,
39,5,2,2,SL,FF,1.02,0.044,0.763,0.078,0.698,87.0,1,0.084,0.66,in_play,,-0.0065,0.0047,-0.0176,-26.1897,0.3959,0.3976,100.2,13.5,-40.5,2532,74.6,2.2,out,0.741
40,1,0,0,CH,CH,1.0,0.19,0.544,0.024,0.38,77.5,0,0.033,0.406,ball,ball,,,,,,,,,,,,,,
40,2,1,0,FF,FF,1.0,0.0,0.85,-0.05,0.845,85.3,1,-0.048,0.843,in_play,,0.0005,0.0418,-0.0256,-6.2809,0.4036,0.4053,82.8,60.9,-12.6,6790,36.3,6.55,out,0.02
41,1,0,0,CU,CU,1.0,0.002,0.772,-0.269,0.511,72.0,0,-0.277,0.596,ball,ball,,,,,,,,,,,,,,
41,2,1,0,CU,CU,1.0,0.057,0.519,0.07,0.561,72.0,1,0.097,0.6,in_play,,0.0093,0.0422,0.0124,0.2803,0.4819,0.4837,82.7,64.5,2.7,7369,18.5,6.35,out,0.02
42,1,0,0,CU,CU,1.0,0.057,0.535,-0.333,0.275,72.2,0,-0.351,0.34,ball,ball,,,,,,,,,,,,,,
42,2,1,0,CH,CH,1.0,0.19,0.48,0.116,0.617,77.3,1,0.14,0.608,in_play,,0.0014,0.0225,-0.0324,-15.828,0.4483,0.4486,92.1,35.3,-25.1,3854,114.0,5.95,double,0.393
43,1,0,0,CH,CH,1.0,0.053,0.691,-0.072,0.887,77.2,1,-0.048,0.873,in_play,,-0.0043,0.0173,-0.0226,-14.6342,0.4483,0.4484,94.7,26.3,-22.3,2967,116.3,4.9,out,0.407
44,1,0,0,FF,FF,1.0,0.0,0.85,0.136,0.948,85.2,0,0.165,0.912,called_strike,strike,,,,,,,,,,,,,,
44,2,0,1,SL,SL,1.0,0.19,0.522,0.323,0.355,77.5,0,0.297,0.372,ball,ball,,,,,,,,,,,,,,
44,3,1,1,SL,SL,1.0,0.057,0.459,0.408,0.323,77.5,0,0.367,0.346,ball,ball,,,,,,,,,,,,,,
44,4,2,1,CH,CH,1.0,0.19,0.454,0.127,0.412,77.4,1,0.139,0.437,in_play,,0.0036,0.0329,-0.0393,-12.1501,0.4481,0.4487,86.3,50.7,-21.7,5485,77.5,6.76,out,0.02
45,1,0,0,CH,CH,1.0,-0.142,0.476,-0.031,0.333,77.5,0,-0.016,0.339,ball,ball,,,,,,,,,,,,,,
45,2,1,0,FF,FF,1.0,0.0,0.85,0.067,0.64,85.4,1,0.093,0.626,in_play,,-0.0011,-0.0124,-0.0195,-17.4275,0.4023,0.4055,97.9,-5.5,-26.2,2783,6.0,0.13,out,0.349
46,1,0,0,CU,CU,1.0,0.19,0.477,-0.044,0.191,72.2,0,-0.05,0.225,ball,ball,,,,,,,,,,,,,,
46,2,1,0,FF,FF,1.0,0.19,0.85,0.156,0.76,85.3,1,0.164,0.763,in_play,,-0.0045,0.0091,0.0108,-27.5208,0.4039,0.4056,99.9,17.0,-42.4,2769,91.2,2.96,double,0.739
47,1,0,0,CH,CH,1.0,0.057,0.496,-0.169,0.368,77.5,0,-0.154,0.366,ball,ball,,,,,,,,,,,,,,
47,2,1,0,FF,FF,1.0,0.0,0.85,0.165,0.761,85.3,0,0.16,0.764,called_strike,strike,,,,,,,,,,,,,,
47,3,1,1,CH,CH,1.0,0.19,0.454,0.203,0.571,77.3,1,0.238,0.587,in_play,,-0.0008,-0.0174,-0.0368,-25.4625,0.4472,0.4487,94.0,-9.9,-37.8,3448,3.5,0.08,single,0.31
48,1,0,0,SL,SL,1.0,0.19,0.501,0.217,0.328,77.5,0,0.19,0.327,ball,ball,,,,,,,,,,,,,,
48,2,1,0,CU,CU,1.0,0.057,0.518,-0.296,0.855,71.8,1,-0.328,0.902,in_play,,-0.004,-0.0337,-0.0006,-1.8192,0.4824,0.4834,86.7,-29.9,-1.5,4729,2.1,0.05,out,0.237
49,1,0,0,SL,SL,1.0,0.057,0.489,0.077,0.507,77.4,0,0.023,0.495,called_strike,strike,,,,,,,,,,,,,,
49,2,0,1,CH,CH,1.0,0.057,0.492,0.123,0.267,77.5,0,0.143,0.271,ball,ball,,,,,,,,,,,,,,
49,3,1,1,CH,CH,1.0,0.19,0.512,0.191,0.409,77.4,0,0.195,0.437,ball,ball,,,,,,,,,,,,,,
49,4,2,1,FF,FF,1.0,0.0,0.85,0.11,0.848,85.3,1,0.15,0.826,in_play,,-0.0014,-0.0121,-0.0558,-21.3756,0.4048,0.4055,92.8,-7.5,-33.3,3046,5.9,0.14,single,0.298
50,1,0,0,CU,FF,1.0,-0.142,1.022,-0.048,1.051,85.2,0,-0.067,1.012,called_strike,strike,,,,,,,,,,,,,,
50,2,0,1,SL,SL,1.0,0.057,0.501,-0.108,0.3,77.5,0,-0.119,0.311,ball,ball,,,,,,,,,,,,,,
50,3,1,1,FF,FF,1.0,0.0,0.85,0.207,0.868,85.2,0,0.251,0.824,called_strike,strike,,,,,,,,,,,,,,
50,4,1,2,SL,SL,1.02,-0.142,0.449,-0.001,0.365,79.0,0,-0.031,0.353,ball,ball,,,,,,,,,,,,,,
50,5,2,2,CU,CU,1.02,0.19,0.455,0.358,0.494,73.5,1,0.339,0.55,in_play,,0.0077,0.0177,-0.0081,-11.7989,0.4743,0.4746,95.5,32.5,-17.8,3759,122.3,6.06,HR,0.0
51,1,0,0,CU,CU,1.0,0.057,0.475,-0.008,0.255,72.2,0,-0.016,0.297,ball,ball,,,,,,,,,,,,,,
51,2,1,0,SL,SL,1.0,0.19,0.492,0.151,0.428,77.4,1,0.15,0.448,in_play,,-0.0004,0.0008,0.0182,-19.5094,0.4484,0.449,98.7,12.0,-30.9,2805,58.6,1.64,out,0.729
52,1,0,0,CH,CH,1.0,0.19,0.501,0.241,0.608,77.3,0,0.269,0.6,called_strike,strike,,,,,,,,,,,,,,
52,2,0,1,FF,FF,1.0,-0.19,0.85,-0.15,0.792,85.3,1,-0.129,0.774,in_play,,-0.0104,-0.0077,-0.0293,-20.2363,0.4041,0.4053,97.9,-1.6,-31.2,2500,11.7,0.26,out,0.349
53,1,0,0,FF,FF,1.0,0.0,0.85,-0.111,0.713,85.3,0,-0.108,0.674,called_strike,strike,,,,,,,,,,,,,,
53,2,0,1,CU,CU,1.0,0.057,0.515,0.325,0.541,72.0,0,0.299,0.589,ball,ball,,,,,,,,,,,,,,
53,3,1,1,FF,FF,1.0,0.19,0.85,-0.0,0.989,85.2,0,0.015,1.005,called_strike,strike,,,,,,,,,,,,,,
53,4,1,2,CU,CU,1.02,0.057,0.468,-0.233,0.327,73.6,0,-0.225,0.361,ball,ball,,,,,,,,,,,,,,
53,5,2,2,CH,SL,1.02,-0.142,0.383,-0.175,0.364,79.0,0,-0.2,0.438,ball,ball,,,,,,,,,,,,,,
53,6,3,2,CH,CH,1.01,0.19,0.516,0.337,0.312,78.2,0,0.367,0.316,ball,ball,,,,,,,,,,,,,,
54,1,0,0,FF,FF,1.0,0.19,0.85,0.399,0.788,85.3,0,0.424,0.776,ball,ball,,,,,,,,,,,,,,
54,2,1,0,SL,SL,1.0,0.057,0.498,0.302,0.324,77.5,0,0.244,0.321,ball,ball,,,,,,,,,,,,,,
54,3,2,0,SL,SL,1.0,0.19,0.46,0.485,0.483,77.4,0,0.455,0.445,ball,ball,,,,,,,,,,,,,,
54,4,3,0,FF,FF,0.99,0.055,0.776,0.19,0.671,84.5,0,0.183,0.605,called_strike,strike,,,,,,,,,,,,,,
54,5,3,1,CH,CH,0.99,0.057,0.539,-0.296,0.42,76.7,0,-0.309,0.413,ball,ball,,,,,,,,,,,,,,
55,1,0,0,CU,CU,1.0,0.057,0.471,-0.192,0.482,72.1,0,-0.204,0.513,ball,ball,,,,,,,,,,,,,,
55,2,1,0,SL,SL,1.0,0.057,0.501,0.255,0.936,77.2,1,0.233,0.963,in_play,,0.0049,0.0114,0.0321,-15.3432,0.4472,0.449,95.7,19.0,-25.0,2955,94.4,3.26,double,0.705
56,1,0,0,CH,CH,1.0,0.19,0.548,0.249,0.786,77.2,0,0.231,0.738,called_strike,strike,,,,,,,,,,,,,,
56,2,0,1,CU,CU,1.0,0.19,0.54,0.39,0.611,72.0,0,0.361,0.654,ball,ball,,,,,,,,,,,,,,
56,3,1,1,CH,CH,1.0,0.19,0.505,-0.041,0.294,77.5,0,-0.054,0.318,ball,ball,,,,,,,,,,,,,,
56,4,2,1,CU,CU,1.0,0.19,0.471,0.158,0.739,71.9,1,0.142,0.796,in_play,,-0.0024,-0.0417,0.0305,-22.6262,0.4818,0.4838,79.9,-39.0,-37.2,6147,1.4,0.03,out,0.169
57,1,0,0,CH,CH,1.0,0.057,0.534,0.082,0.592,77.3,1,0.095,0.613,in_play,,-0.0021,-0.0124,0.0047,-19.2866,0.4464,0.4486,97.3,-4.4,-27.9,2532,6.4,0.14,single,0.343
58,1,0,0,SL,SL,1.0,0.057,0.474,-0.072,0.436,77.4,1,-0.094,0.459,swinging_strike,,-0.0101,-0.0774,-0.0075,-21.6907,0.4474,0.4488,,,,,,,,
58,2,0,1,FF,FF,1.0,0.0,0.85,0.132,0.78,85.3,1,0.209,0.755,foul,,-0.0042,-0.0053,-0.0417,-29.6101,0.4023,0.4055,97.6,1.2,-45.6,3052,18.3,0.44,foul,0.0
58,3,0,2,CU,CU,1.02,0.057,0.534,0.233,0.517,73.4,1,0.241,0.555,foul,,-0.0117,-0.0431,-0.0153,-44.4553,0.4724,0.4744,82.4,-34.2,-72.6,6858,1.0,0.03,foul,0.0
58,4,0,2,CU,CU,1.02,0.057,0.541,0.038,0.413,73.5,0,0.038,0.472,ball,ball,,,,,,,,,,,,,,
58,5,1,2,FF,SL,1.02,-0.102,0.696,-0.219,0.868,78.7,1,-0.252,0.893,in_play,,0.0003,-0.0096,0.0192,5.518,0.4381,0.4397,96.6,-3.0,8.5,2525,10.4,0.24,out,0.336
59,1,0,0,CH,CH,1.0,0.057,0.461,-0.093,0.367,77.5,0,-0.071,0.342,ball,ball,,,,,,,,,,,,,,
59,2,1,0,FF,FF,1.0,0.0,0.85,0.079,1.069,85.1,0,0.102,0.991,called_strike,strike,,,,,,,,,,,,,,
59,3,1,1,SL,CU,1.0,-0.142,0.385,-0.301,0.528,72.0,0,-0.302,0.574,ball,ball,,,,,,,,,,,,,,
59,4,2,1,CH,CH,1.0,0.19,0.521,0.045,0.455,77.4,0,0.064,0.449,ball,ball,,,,,,,,,,,,,,
59,5,3,1,FF,FF,0.99,0.0,0.85,0.174,0.677,84.5,0,0.157,0.625,called_strike,strike,,,,,,,,,,,,,,
59,6,3,2,CU,CU,1.01,0.19,0.52,0.241,0.603,72.7,1,0.227,0.669,in_play,,0.0014,-0.0285,0.0199,-21.0146,0.4782,0.4791,89.8,-21.0,-31.2,4342,2.1,0.04,out,0.268
60,1,0,0,SL,CU,1.0,0.099,0.772,0.064,0.962,71.8,1,0.052,0.985,in_play,,0.0024,0.0314,0.016,-9.045,0.484,0.4838,89.3,44.7,-15.4,5575,93.4,7.05,out,0.196
61,1,0,0,SL,SL,1.0,0.057,0.517,0.237,0.325,77.5,0,0.186,0.396,ball,ball,,,,,,,,,,,,,,
61,2,1,0,CU,CU,1.0,0.057,0.541,-0.076,0.621,72.0,1,-0.084,0.669,in_play,,0.0033,-0.0236,0.0278,0.7402,0.4827,0.4835,90.6,-15.0,2.8,3076,2.9,0.06,out,0.276
62,1,0,0,CH,CH,1.0,0.057,0.528,-0.09,0.481,77.4,1,-0.087,0.478,foul,,0.0069,0.0531,-0.029,7.0736,0.4452,0.4485,70.6,81.6,52.7,8732,23.7,4.68,foul,0.0
62,2,0,1,SL,SL,1.0,0.073,0.715,0.265,0.994,77.1,0,0.206,1.012,ball,ball,,,,,,,,,,,,,,
62,3,1,1,FF,FF,1.0,0.0,0.85,0.093,0.862,85.2,0,0.107,0.86,called_strike,strike,,,,,,,,,,,,,,
62,4,1,2,CU,CU,1.02,0.19,0.496,0.38,0.536,73.4,0,0.371,0.56,ball,ball,,,,,,,,,,,,,,
62,5,2,2,FF,FF,1.02,0.0,0.995,-0.172,0.991,86.9,1,-0.135,0.96,swinging_strike,,0.005,0.0847,-0.0578,6.5601,0.3947,0.3973,,,,,,,,
63,1,0,0,CH,CH,1.0,0.057,0.469,0.254,0.64,77.3,0,0.282,0.649,called_strike,strike,,,,,,,,,,,,,,
63,2,0,1,CH,CH,1.0,0.057,0.451,0.335,0.337,77.5,0,0.365,0.35,ball,ball,,,,,,,,,,,,,,
63,3,1,1,CH,CH,1.0,0.19,0.492,-0.002,0.292,77.5,0,0.011,0.313,ball,ball,,,,,,,,,,,,,,
63,4,2,1,FF,FF,1.0,0.19,0.85,-0.012,0.751,85.3,0,0.008,0.766,called_strike,strike,,,,,,,,,,,,,,
63,5,2,2,CU,CU,1.02,0.057,0.45,0.224,0.847,73.3,1,0.196,0.891,in_play,,0.0109,0.0172,0.0017,-2.889,0.4741,0.4744,95.5,28.8,-3.0,3410,126.9,6.0,HR,0.0
64,1,0,0,CU,CU,1.0,0.057,0.456,0.327,0.704,71.9,1,0.303,0.738,in_play,,0.0021,-0.0067,0.0499,-21.3316,0.4829,0.4841,92.5,2.9,-31.2,2272,22.0,0.56,single,0.49
65,1,0,0,FF,FF,1.0,-0.19,0.85,0.131,0.998,85.2,1,0.191,0.931,foul,,-0.0047,0.0671,-0.0697,-29.4166,0.4007,0.4055,66.7,31.4,-173.7,4478,45.6,2.05,foul,0.0
65,2,0,1,CH,CH,1.0,0.057,0.45,0.046,0.446,77.4,0,0.058,0.43,ball,ball,,,,,,,,,,,,,,
65,3,1,1,CU,CU,1.0,0.19,0.546,0.186,0.348,72.1,1,0.193,0.413,in_play,,0.0042,-0.023,0.0143,-14.2925,0.4805,0.484,92.2,-11.8,-20.3,3244,2.3,0.04,out,0.292
66,1,0,0,CU,CU,1.0,0.19,0.457,0.367,0.191,72.2,0,0.357,0.264,ball,ball,,,,,,,,,,,,,,
66,2,1,0,FF,FF,1.0,0.0,0.85,0.012,0.722,85.3,1,0.076,0.64,swinging_strike,,0.0025,0.1308,-0.0723,-10.243,0.4028,0.4054,,,,,,,,
66,3,1,1,CU,CU,1.0,0.19,0.479,0.417,0.47,72.1,0,0.418,0.493,ball,ball,,,,,,,,,,,,,,
66,4,2,1,SL,SL,1.0,0.057,0.45,0.282,0.372,77.5,0,0.258,0.395,ball,ball,,,,,,,,,,,,,,
66,5,3,1,CH,CH,0.99,0.057,0.488,0.005,0.525,76.6,0,0.03,0.526,called_strike,strike,,,,,,,,,,,,,,
66,6,3,2,SL,SL,1.01,0.19,0.456,-0.05,0.561,78.1,1,-0.075,0.615,in_play,,-0.0013,-0.0281,-0.0052,-7.7953,0.4426,0.4443,91.8,-23.0,-12.1,5096,1.9,0.04,out,0.288
67,1,0,0,SL,SL,1.0,0.057,0.501,0.301,0.644,77.3,0,0.264,0.67,ball,ball,,,,,,,,,,,,,,
67,2,1,0,CH,CH,1.0,0.19,0.546,0.248,0.267,77.5,0,0.255,0.284,ball,ball,,,,,,,,,,,,,,
67,3,2,0,FF,CH,1.0,-0.08,0.675,0.31,0.809,77.2,0,0.346,0.793,ball,ball,,,,,,,,,,,,,,
67,4,3,0,FF,FF,0.99,-0.19,0.85,-0.162,0.725,84.5,1,-0.166,0.715,in_play,,-0.0062,-0.0141,-0.0106,-10.7742,0.4057,0.4094,97.6,-8.6,-15.9,2808,4.9,0.1,out,0.346
68,1,0,0,SL,SL,1.0,0.057,0.517,0.282,0.654,77.3,0,0.24,0.654,ball,ball,,,,,,,,,,,,,,
68,2,1,0,CU,CU,1.0,0.057,0.524,-0.159,0.719,71.9,0,-0.142,0.776,called_strike,strike,,,,,,,,,,,,,,
68,3,1,1,SL,CH,1.0,0.177,0.54,0.212,0.254,77.5,0,0.232,0.287,ball,ball,,,,,,,,,,,,,,
68,4,2,1,FF,FF,1.0,-0.19,0.85,-0.317,0.879,85.2,0,-0.269,0.879,ball,ball,,,,,,,,,,,,,,
68,5,3,1,CH,FF,0.99,-0.076,0.774,0.062,0.732,84.5,1,0.093,0.697,swinging_strike,,0.0007,0.0805,-0.0091,-14.3374,0.4075,0.4095,,,,,,,,
68,6,3,2,SL,SL,1.01,0.057,0.466,-0.163,0.316,78.3,1,-0.204,0.306,swinging_strike,,0.0041,0.0832,0.0463,9.1959,0.4409,0.4444,,,,,,,,
69,1,0,0,CH,CH,1.0,0.057,0.536,-0.198,0.703,77.3,0,-0.191,0.681,called_strike,strike,,,,,,,,,,,,,,
69,2,0,1,SL,SL,1.0,0.057,0.541,-0.192,0.64,77.3,1,-0.235,0.674,in_play,,0.0004,0.0002,0.0834,4.6435,0.4467,0.4486,83.8,10.7,7.1,1872,49.9,1.58,single,0.61
70,1,0,0,SL,CH,1.0,-0.062,0.601,0.053,0.467,77.4,0,0.092,0.427,called_strike,strike,,,,,,,,,,,,,,
70,2,0,1,CU,CU,1.0,0.057,0.475,-0.058,0.437,72.1,1,-0.061,0.496,in_play,,-0.0008,-0.0593,0.0176,-7.814,0.4804,0.4836,58.2,-71.0,-18.1,8546,0.7,0.02,out,0.01
71,1,0,0,SL,SL,1.0,0.19,0.526,0.275,0.612,77.3,0,0.223,0.613,ball,ball,,,,,,,,,,,,,,
71,2,1,0,FF,FF,1.0,-0.19,0.85,-0.3,0.823,85.3,0,-0.338,0.815,ball,ball,,,,,,,,,,,,,,
71,3,2,0,FF,FF,1.0,-0.061,0.711,-0.047,0.713,85.3,1,-0.005,0.697,in_play,,-0.0048,0.013,-0.0465,-17.8929,0.4052,0.4054,93.7,23.2,-28.5,2425,105.2,4.08,double,0.69
72,1,0,0,CU,CU,1.0,0.057,0.473,-0.223,0.281,72.2,0,-0.225,0.334,ball,ball,,,,,,,,,,,,,,
72,2,1,0,FF,FF,1.0,0.19,0.85,0.315,0.913,85.2,0,0.291,0.834,ball,ball,,,,,,,,,,,,,,
72,3,2,0,FF,FF,1.0,0.19,0.85,0.082,0.883,85.2,1,-0.002,0.9,in_play,,0.0011,0.0083,0.0921,-8.011,0.4035,0.4054,80.9,16.5,-11.8,1085,70.7,2.58,single,0.587
73,1,0,0,SL,FF,1.0,0.075,0.659,-0.041,0.509,85.4,0,-0.022,0.47,called_strike,strike,,,,,,,,,,,,,,
73,2,0,1,SL,SL,1.0,0.19,0.516,0.38,0.375,77.5,0,0.357,0.397,ball,ball,,,,,,,,,,,,,,
73,3,1,1,CH,FF,1.0,-0.075,0.716,-0.235,0.933,85.2,0,-0.185,0.944,called_strike,strike,,,,,,,,,,,,,,
73,4,1,2,SL,SL,1.02,0.19,0.468,0.223,0.387,79.0,0,0.189,0.394,ball,ball,,,,,,,,,,,,,,
73,5,2,2,FF,FF,1.02,-0.19,0.995,0.2,1.192,86.8,0,0.204,1.172,ball,ball,,,,,,,,,,,,,,
73,6,3,2,SL,SL,1.01,0.057,0.481,-0.254,0.118,78.4,0,-0.278,0.193,ball,ball,,,,,,,,,,,,,,
74,1,0,0,CU,CU,1.0,0.19,0.517,0.017,0.453,72.1,0,0.034,0.525,ball,ball,,,,,,,,,,,,,,
74,2,1,0,SL,SL,1.0,0.057,0.492,0.267,0.688,77.3,0,0.24,0.724,ball,ball,,,,,,,,,,,,,,
74,3,2,0,FF,SL,1.0,-0.069,0.662,-0.007,0.615,77.3,1,-0.032,0.653,foul,,0.0127,0.05,-0.0394,13.7129,0.4459,0.4487,73.7,74.7,47.8,8275,24.0,5.12,foul,0.0
74,4,2,1,CH,CH,1.0,0.19,0.45,0.1,0.746,77.3,1,0.124,0.706,foul,,-0.004,0.0565,-0.0139,-24.3287,0.4491,0.4485,67.5,71.0,-102.6,8960,40.9,4.08,foul,0.0
74,5,2,2,CH,CH,1.02,0.057,0.473,0.173,0.301,79.0,1,0.178,0.305,foul,,-0.0103,-0.0346,-0.0328,-38.22,0.4375,0.4401,89.4,-25.8,-61.2,6155,1.0,0.02,foul,0.0
74,6,2,2,CU,CU,1.02,0.057,0.529,0.194,0.413,73.5,1,0.208,0.459,foul,,0.0117,0.0578,-0.0139,-2.2379,0.4714,0.4744,66.4,82.3,-175.1,9962,34.8,3.73,foul,0.0
74,7,2,2,CH,CH,1.02,0.057,0.501,0.232,0.837,78.7,1,0.261,0.844,foul,,0.0034,0.0464,-0.0288,-19.1473,0.4398,0.4399,78.2,63.9,-47.1,7509,44.2,5.64,foul,0.0
74,8,2,2,SL,SL,1.02,0.057,0.474,0.286,0.428,78.9,0,0.275,0.426,ball,ball,,,,,,,,,,,,,,
74,9,3,2,CH,CH,1.01,0.057,0.458,-0.103,0.262,78.3,0,-0.086,0.276,ball,ball,,,,,,,,,,,,,,
75,1,0,0,FF,FF,1.0,0.19,0.85,0.242,0.911,85.2,0,0.262,0.841,called_strike,strike,,,,,,,,,,,,,,
75,2,0,1,SL,SL,1.0,0.19,0.518,-0.21,0.329,77.5,1,-0.208,0.354,in_play,,0.0015,0.0092,-0.0091,4.9642,0.4483,0.4488,97.2,24.1,6.9,2479,117.6,4.67,double,0.718
76,1,0,0,CU,CU,1.0,0.19,0.518,0.404,0.204,72.2,0,0.367,0.293,ball,ball,,,,,,,,,,,,,,
76,2,1,0,CH,CH,1.0,0.057,0.501,-0.102,0.524,77.4,1,-0.108,0.517,foul,,0.0067,0.0616,-0.0162,7.9093,0.4446,0.4484,58.3,72.3,163.5,10030,33.7,3.13,foul,0.0
76,3,1,1,CU,CU,1.0,0.057,0.526,-0.112,0.641,72.0,0,-0.113,0.698,called_strike,strike,,,,,,,,,,,,,,
76,4,1,2,CU,CU,1.02,0.19,0.453,-0.276,0.558,73.4,1,-0.262,0.609,swinging_strike,,-0.0158,-0.1154,0.0031,-22.2281,0.4732,0.4739,,,,,,,,
77,1,0,0,CU,CU,1.0,0.057,0.474,0.189,0.445,72.1,1,0.182,0.493,in_play,,0.0051,0.0254,-0.0148,-12.0519,0.4826,0.4839,92.5,41.9,-19.9,4890,105.3,6.84,out,0.305
78,1,0,0,SL,SL,1.0,-0.026,0.712,0.405,0.63,77.3,0,0.4,0.64,ball,ball,,,,,,,,,,,,,,
78,2,1,0,FF,FF,1.0,0.0,0.85,-0.187,0.871,85.2,1,-0.16,0.81,swinging_strike,,-0.0003,0.075,0.0053,-0.9842,0.4051,0.4052,,,,,,,,
78,3,1,1,SL,SL,1.0,0.057,0.454,0.291,0.128,77.6,0,0.254,0.156,ball,ball,,,,,,,,,,,,,,
78,4,2,1,CU,CU,1.0,0.19,0.508,0.227,0.363,72.1,0,0.204,0.408,ball,ball,,,,,,,,,,,,,,
78,5,3,1,CH,CH,0.99,0.19,0.461,,,,0,0.132,-0.013,ball,ball,,,,,,,,,,,,,,
79,1,0,0,CU,CU,1.0,0.057,0.542,0.316,0.543,72.0,0,0.297,0.579,ball,ball,,,,,,,,,,,,,,
79,2,1,0,FF,FF,1.0,0.036,0.721,-0.065,0.809,85.3,0,-0.038,0.776,called_strike,strike,,,,,,,,,,,,,,
79,3,1,1,SL,SL,1.0,0.057,0.529,0.234,0.368,77.5,0,0.204,0.398,ball,ball,,,,,,,,,,,,,,
79,4,2,1,SL,SL,1.0,0.057,0.477,0.126,0.639,77.3,0,0.101,0.676,called_strike,strike,,,,,,,,,,,,,,
79,5,2,2,SL,FF,1.02,-0.1,0.696,-0.285,0.674,87.0,1,-0.238,0.603,swinging_strike,,0.0015,0.1057,-0.0702,6.7433,0.3963,0.3973,,,,,,,,
80,1,0,0,CH,CH,1.0,0.19,0.453,0.001,0.862,77.2,0,0.013,0.867,called_strike,strike,,,,,,,,,,,,,,
80,2,0,1,CU,CU,1.0,0.19,0.52,0.507,0.642,72.0,0,0.513,0.663,ball,ball,,,,,,,,,,,,,,
80,3,1,1,FF,FF,1.0,0.0,0.85,0.095,1.058,85.2,1,0.099,1.009,foul,,-0.0143,0.0324,0.0171,-40.4466,0.4052,0.4054,93.3,37.2,-69.4,5735,100.0,5.09,foul,0.0
80,4,1,2,CU,CU,1.02,0.19,0.485,0.616,0.619,73.4,0,0.625,0.684,ball,ball,,,,,,,,,,,,,,
80,5,2,2,SL,SL,1.02,0.19,0.541,0.096,0.668,78.8,1,0.095,0.683,in_play,,-0.0043,0.0007,0.0442,-23.0172,0.4392,0.44,96.1,9.2,-36.9,3109,46.2,1.26,single,0.533
81,1,0,0,SL,SL,1.0,0.19,0.541,0.399,0.548,77.4,0,0.363,0.561,ball,ball,,,,,,,,,,,,,,
81,2,1,0,CH,FF,1.0,-0.142,1.001,-0.024,1.154,85.1,0,-0.008,1.149,ball,ball,,,,,,,,,,,,,,
81,3,2,0,FF,FF,1.0,-0.19,0.85,-0.173,0.926,85.2,1,-0.159,0.957,in_play,,0.0077,-0.0064,-0.0399,12.6451,0.4043,0.4052,96.4,-1.9,22.5,2473,12.3,0.29,single,0.334
82,1,0,0,CU,SL,1.0,-0.142,0.364,-0.212,0.511,77.4,1,-0.236,0.529,in_play,,-0.0107,-0.0571,0.0303,-14.3617,0.4472,0.4486,65.7,-69.8,-41.2,9507,0.8,0.02,out,0.027
83,1,0,0,SL,SL,1.0,0.057,0.512,-0.119,0.714,77.3,1,-0.128,0.699,swinging_strike,,0.0098,0.0797,0.0074,14.4967,0.4465,0.4486,,,,,,,,
83,2,0,1,CH,CH,1.0,0.19,0.472,0.132,0.551,77.4,1,0.178,0.587,in_play,,0.006,0.0168,-0.0533,-10.2668,0.4459,0.4487,90.0,29.5,-15.1,2896,112.2,5.15,double,0.358
84,1,0,0,CH,FF,1.0,-0.142,0.987,-0.065,1.004,85.2,1,-0.033,0.993,swinging_strike,,0.0103,0.0764,-0.0013,9.655,0.4031,0.4053,,,,,,,,
84,2,0,1,CU,CU,1.0,0.19,0.452,0.303,0.279,72.2,0,0.278,0.318,ball,ball,,,,,,,,,,,,,,
84,3,1,1,SL,SL,1.0,0.19,0.481,0.206,0.647,77.3,1,0.16,0.662,foul,,-0.0095,-0.0122,0.0574,-35.8231,0.4468,0.449,94.6,-5.4,-56.1,4527,5.8,0.14,foul,0.0
84,4,1,2,CH,CH,1.02,0.057,0.491,0.296,0.544,78.9,1,0.31,0.526,foul,,-0.0058,-0.0025,-0.0154,-34.9992,0.4414,0.4401,99.9,6.8,-51.6,2969,37.8,0.96,foul,0.0
84,5,1,2,CH,CH,1.02,0.057,0.532,0.149,0.526,78.9,1,0.221,0.521,foul,,-0.0039,0.0096,-0.1076,-29.8369,0.4419,0.4399,79.1,20.2,-49.7,2728,67.2,2.56,foul,0.0
84,6,1,2,FF,CU,1.02,-0.142,0.41,-0.284,0.712,73.3,1,-0.322,0.744,foul,,0.0147,0.0582,0.0825,30.2432,0.4719,0.4739,62.7,62.1,129.3,9536,42.4,3.24,foul,0.0
84,7,1,2,SL,CH,1.02,0.087,0.717,0.012,0.622,78.8,0,0.022,0.65,called_strike,strike,,,,,,,,,,,,,,
85,1,0,0,FF,FF,1.0,0.0,0.85,-0.111,0.838,85.3,0,-0.088,0.848,called_strike,strike,,,,,,,,,,,,,,
85,2,0,1,CU,CU,1.0,-0.142,0.425,-0.546,0.91,71.8,0,-0.523,0.969,ball,ball,,,,,,,,,,,,,,
85,3,1,1,CH,CH,1.0,0.19,0.541,0.331,0.55,77.4,0,0.311,0.556,ball,ball,,,,,,,,,,,,,,
85,4,2,1,SL,SL,1.0,0.057,0.537,-0.18,0.14,77.6,0,-0.239,0.18,ball,ball,,,,,,,,,,,,,,
85,5,3,1,CH,FF,0.99,0.019,0.661,-0.051,0.632,84.5,0,-0.016,0.617,called_strike,strike,,,,,,,,,,,,,,
85,6,3,2,SL,SL,1.01,0.19,0.501,0.246,0.364,78.2,0,0.19,0.407,ball,ball,,,,,,,,,,,,,,
86,1,0,0,CH,CH,1.0,0.19,0.511,0.06,0.593,77.3,0,0.061,0.591,called_strike,strike,,,,,,,,,,,,,,
86,2,0,1,SL,SL,1.0,0.19,0.477,-0.07,0.719,77.3,1,-0.106,0.694,swinging_strike,,0.0028,0.0706,-0.014,1.1056,0.4495,0.4486,,,,,,,,
86,3,0,2,FF,FF,1.02,0.19,0.995,0.217,0.814,87.0,1,0.245,0.81,foul,,-0.0134,-0.0227,-0.0136,-47.5187,0.3952,0.3977,101.0,-16.3,-74.3,6062,2.8,0.06,foul,0.0
86,4,0,2,CH,CH,1.02,0.057,0.451,-0.004,0.688,78.8,1,0.045,0.713,in_play,,0.0022,0.0212,-0.0446,-8.9361,0.4391,0.4397,90.5,33.6,-13.5,3575,115.4,5.94,out,0.384
87,1,0,0,CH,CH,1.0,0.19,0.467,0.082,0.372,77.5,0,0.096,0.391,ball,ball,,,,,,,,,,,,,,
87,2,1,0,FF,FF,1.0,0.0,0.85,0.095,0.805,85.3,1,0.091,0.786,swinging_strike,,0.0071,0.0749,0.0341,-3.2383,0.4041,0.4055,,,,,,,,
87,3,1,1,CU,CU,1.0,0.057,0.463,0.327,0.588,72.0,1,0.318,0.646,foul,,-0.0041,-0.0274,0.0006,-32.0796,0.4821,0.4841,92.0,-18.8,-47.7,4709,2.0,0.05,foul,0.0
87,4,1,2,SL,SL,1.02,-0.142,0.4,-0.159,0.391,79.0,0,-0.185,0.357,ball,ball,,,,,,,,,,,,,,
87,5,2,2,CH,CH,1.02,0.057,0.48,0.305,0.614,78.8,0,0.328,0.618,ball,ball,,,,,,,,,,,,,,
87,6,3,2,FF,CU,1.01,-0.041,0.75,-0.213,0.463,72.8,1,-0.206,0.55,swinging_strike,,-0.0106,-0.1232,-0.0508,-16.0788,0.4752,0.4787,,,,,,,,
88,1,0,0,FF,FF,1.0,0.0,0.85,0.053,0.802,85.3,1,0.065,0.764,swinging_strike,,0.002,0.0755,0.0045,-10.4613,0.405,0.4054,,,,,,,,
88,2,0,1,CH,CH,1.0,0.057,0.542,0.307,0.468,77.4,0,0.337,0.471,ball,ball,,,,,,,,,,,,,,
88,3,1,1,CU,CU,1.0,0.024,0.772,-0.099,0.5,72.0,0,-0.089,0.515,called_strike,strike,,,,,,,,,,,,,,
88,4,1,2,FF,FF,1.02,0.0,0.995,-0.016,1.062,86.8,1,0.017,1.002,swinging_strike,,0.0086,0.093,-0.0351,3.7472,0.397,0.3974,,,,,,,,
89,1,0,0,CH,CH,1.0,0.19,0.523,0.34,0.576,77.3,0,0.352,0.583,ball,ball,,,,,,,,,,,,,,
89,2,1,0,FF,FF,1.0,0.0,0.85,-0.223,0.8,85.3,1,-0.254,0.773,in_play,,-0.0097,-0.0032,0.0424,-11.755,0.4016,0.4052,95.2,3.7,-17.8,1287,25.2,0.63,single,0.523
90,1,0,0,SL,SL,1.0,0.19,0.501,0.136,0.503,77.4,1,0.136,0.538,swinging_strike,,-0.0109,-0.0736,-0.0194,-36.8097,0.4487,0.4489,,,,,,,,
90,2,0,1,FF,FF,1.0,0.0,0.85,-0.04,0.819,85.3,1,-0.047,0.79,swinging_strike,,0.0126,0.1035,-0.006,14.5081,0.4033,0.4053,,,,,,,,
90,3,0,2,CH,CH,1.02,0.19,0.543,0.103,0.3,79.0,0,0.138,0.293,ball,ball,,,,,,,,,,,,,,
90,4,1,2,CH,CH,1.02,0.19,0.456,0.158,0.503,78.9,1,0.153,0.507,in_play,,0.0075,0.0307,-0.0647,-6.1973,0.4383,0.4399,82.8,49.1,-9.7,5143,78.7,6.71,out,0.02
91,1,0,0,SL,SL,1.0,0.19,0.531,0.291,0.495,77.4,1,0.229,0.501,foul,,-0.0096,-0.0299,0.0192,-40.0828,0.4469,0.4492,94.3,-22.4,-63.5,6369,1.4,0.03,foul,0.0
91,2,0,1,CH,CH,1.0,0.057,0.52,0.232,0.477,77.4,0,0.252,0.459,called_strike,strike,,,,,,,,,,,,,,
91,3,0,2,CU,CU,1.02,0.19,0.547,0.338,0.979,73.2,1,0.349,1.001,in_play,,0.0019,0.0361,-0.0051,-21.6588,0.473,0.4746,88.1,48.6,-40.1,6459,83.2,6.3,out,0.02
92,1,0,0,CH,CH,1.0,0.057,0.485,-0.01,0.661,77.3,0,-0.011,0.656,called_strike,strike,,,,,,,,,,,,,,
92,2,0,1,CH,CH,1.0,0.19,0.496,0.308,0.264,77.5,0,0.323,0.253,ball,ball,,,,,,,,,,,,,,
92,3,1,1,CU,CU,1.0,0.19,0.461,0.063,0.698,71.9,1,0.06,0.758,in_play,,0.0077,0.0122,-0.0209,-0.2669,0.481,0.4837,95.5,24.4,0.9,2665,121.4,5.09,out,0.704
93,1,0,0,CU,CU,1.0,0.057,0.495,0.172,0.349,72.1,0,0.148,0.399,ball,ball,,,,,,,,,,,,,,
93,2,1,0,SL,SL,1.0,0.057,0.506,-0.222,0.61,77.3,0,-0.252,0.62,called_strike,strike,,,,,,,,,,,,,,
93,3,1,1,FF,FF,1.0,0.19,0.85,0.388,0.874,85.2,0,0.356,0.803,ball,ball,,,,,,,,,,,,,,
93,4,2,1,FF,FF,1.0,-0.19,0.85,-0.168,1.122,85.1,0,-0.137,1.092,ball,ball,,,,,,,,,,,,,,
93,5,3,1,CH,CH,0.99,0.057,0.524,-0.142,0.264,76.8,0,-0.155,0.242,ball,ball,,,,,,,,,,,,,,
94,1,0,0,FF,FF,1.0,0.0,0.85,0.021,0.881,85.2,0,0.032,0.873,called_strike,strike,,,,,,,,,,,,,,
94,2,0,1,SL,CU,1.0,-0.075,0.772,-0.134,0.467,72.1,0,-0.152,0.523,ball,ball,,,,,,,,,,,,,,
94,3,1,1,CH,CH,1.0,0.057,0.472,-0.186,0.55,77.4,0,-0.158,0.55,called_strike,strike,,,,,,,,,,,,,,
94,4,1,2,FF,FF,1.02,0.0,0.995,-0.121,1.087,86.8,0,-0.135,1.075,ball,ball,,,,,,,,,,,,,,
94,5,2,2,CU,SL,1.02,-0.056,0.653,0.008,0.665,78.8,1,-0.061,0.655,in_play,,-0.0091,0.0079,0.0547,-21.962,0.4395,0.4399,93.6,17.6,-36.6,3223,77.6,2.53,single,0.688
95,1,0,0,CH,CH,1.0,0.19,0.472,0.107,0.697,77.3,0,0.148,0.715,called_strike,strike,,,,,,,,,,,,,,
95,2,0,1,SL,SL,1.0,0.057,0.53,0.134,0.862,77.2,0,0.077,0.868,called_strike,strike,,,,,,,,,,,,,,
95,3,0,2,FF,FF,1.02,0.19,0.995,0.455,1.11,86.8,0,0.476,1.114,ball,ball,,,,,,,,,,,,,,
95,4,1,2,SL,SL,1.02,0.19,0.497,0.35,0.644,78.8,1,0.319,0.669,foul,,0.0063,0.0502,0.0272,-14.2348,0.437,0.4404,75.7,72.4,-56.6,8386,33.6,5.03,foul,0.0
95,5,1,2,FF,CH,1.02,-0.142,0.468,-0.24,0.076,79.1,0,-0.154,0.12,ball,ball,,,,,,,,,,,,,,
95,6,2,2,SL,FF,1.02,0.066,0.882,0.175,1.15,86.8,1,0.188,1.101,swinging_strike,,0.003,0.0701,-0.0356,-15.9943,0.3967,0.3976,,,,,,,,
96,1,0,0,CH,CH,1.0,0.057,0.504,-0.009,0.769,77.2,1,-0.055,0.744,foul,,0.001,0.0638,0.0115,-4.9431,0.448,0.4484,55.2,65.0,-172.9,9623,33.9,2.77,foul,0.0
96,2,0,1,FF,FF,1.0,0.177,0.972,0.166,1.112,85.1,0,0.154,1.087,ball,ball,,,,,,,,,,,,,,
96,3,1,1,CH,CH,1.0,0.19,0.481,-0.012,0.415,77.4,1,0.01,0.415,in_play,,0.0007,0.0332,-0.0391,-9.3459,0.4464,0.4486,86.1,51.7,-16.8,5548,73.8,6.85,out,0.02
97,1,0,0,CH,FF,1.0,0.177,0.971,0.015,1.092,85.1,0,-0.031,1.093,ball,ball,,,,,,,,,,,,,,
97,2,1,0,CU,CU,1.0,0.19,0.527,0.184,0.601,72.0,1,0.153,0.683,in_play,,0.0029,-0.0003,0.0324,-14.1205,0.483,0.4839,95.4,10.6,-20.3,1733,59.7,1.72,single,0.703
98,1,0,0,CU,CU,1.0,0.057,0.457,0.143,0.67,71.9,0,0.133,0.692,called_strike,strike,,,,,,,,,,,,,,
98,2,0,1,SL,SL,1.0,0.057,0.488,0.19,0.414,77.4,0,0.156,0.435,ball,ball,,,,,,,,,,,,,,
98,3,1,1,CH,CH,1.0,0.19,0.518,0.21,0.604,77.3,1,0.221,0.6,in_play,,0.0027,0.0371,-0.0242,-18.4758,0.4464,0.4487,85.7,53.1,-35.2,6092,71.5,6.43,out,0.02
99,1,0,0,CH,CH,1.0,-0.045,0.791,-0.213,0.94,77.2,1,-0.213,0.937,swinging_strike,,0.0122,0.0707,-0.006,23.5592,0.4464,0.4483,,,,,,,,
99,2,0,1,SL,SL,1.0,0.057,0.522,-0.091,0.425,77.4,0,-0.111,0.414,ball,ball,,,,,,,,,,,,,,
99,3,1,1,SL,SL,1.0,0.057,0.546,0.102,0.437,77.4,0,0.079,0.46,ball,ball,,,,,,,,,,,,,,
99,4,2,1,FF,FF,1.0,-0.19,0.85,-0.174,0.689,85.3,1,-0.176,0.692,in_play,,0.0031,0.0034,0.0222,5.6995,0.4028,0.4053,98.1,12.5,10.9,1299,72.1,2.13,single,0.725
100,1,0,0,CU,CU,1.0,0.19,0.478,-0.003,0.693,71.9,1,-0.017,0.733,in_play,,-0.0062,-0.0258,-0.0188,-19.657,0.4838,0.4836,91.1,-18.2,-29.2,3967,2.7,0.06,out,0.281
101,1,0,0,CU,CU,1.0,0.057,0.528,-0.005,0.601,72.0,1,-0.005,0.647,in_play,,0.0023,0.0051,0.0096,-5.7867,0.4826,0.4836,97.0,17.4,-7.9,1794,100.5,3.46,double,0.716
102,1,0,0,FF,SL,1.0,-0.142,0.493,-0.149,0.695,77.3,1,-0.225,0.707,in_play,,0.0031,0.021,0.0249,8.7352,0.4477,0.4486,93.4,34.3,13.5,3904,120.4,6.54,out,0.427
103,1,0,0,SL,CU,1.0,-0.045,0.772,-0.466,0.943,71.8,0,-0.481,1.01,ball,ball,,,,,,,,,,,,,,
103,2,1,0,CH,CH,1.0,0.19,0.539,0.591,0.713,77.3,0,0.62,0.762,ball,ball,,,,,,,,,,,,,,
103,3,2,0,CH,CH,1.0,0.19,0.526,0.398,0.469,77.4,0,0.402,0.49,ball,ball,,,,,,,,,,,,,,
103,4,3,0,SL,FF,0.99,-0.082,0.894,0.137,0.957,84.4,1,0.165,0.898,foul,,-0.0143,-0.0113,-0.0037,-44.386,0.4069,0.4096,102.8,-5.9,-67.2,4778,7.7,0.17,foul,0.0
103,5,3,1,CU,CU,0.99,0.19,0.494,0.35,0.416,71.4,0,0.329,0.454,ball,ball,,,,,,,,,,,,,,
104,1,0,0,CU,CU,1.0,0.19,0.471,0.19,0.483,72.1,0,0.186,0.532,called_strike,strike,,,,,,,,,,,,,,
104,2,0,1,FF,FF,1.0,0.0,0.85,-0.056,0.894,85.2,1,-0.021,0.887,in_play,,-0.0113,-0.0145,0.0094,-28.1643,0.4056,0.4053,99.7,-10.2,-43.7,3924,5.0,0.11,out,0.367
105,1,0,0,CH,CH,1.0,0.057,0.459,0.019,0.629,77.3,1,0.073,0.63,in_play,,-0.004,0.0073,-0.0178,-21.2118,0.4472,0.4485,97.6,17.0,-31.6,2104,86.9,2.81,double,0.721
106,1,0,0,CU,CU,1.0,0.19,0.462,0.288,0.428,72.1,0,0.298,0.489,ball,ball,,,,,,,,,,,,,,
106,2,1,0,SL,SL,1.0,0.19,0.547,0.426,0.301,77.5,0,0.405,0.317,ball,ball,,,,,,,,,,,,,,
106,3,2,0,CU,SL,1.0,-0.142,0.49,-0.008,0.702,77.3,0,-0.041,0.722,called_strike,strike,,,,,,,,,,,,,,
106,4,2,1,SL,CU,1.0,0.177,0.587,0.212,0.96,71.8,1,0.196,1.019,in_play,,0.0014,-0.0463,0.0157,-19.1479,0.4822,0.4839,76.3,-48.3,-33.2,6809,1.4,0.04,out,0.133
107,1,0,0,CH,CH,1.0,0.057,0.5,-0.184,0.596,77.3,0,-0.202,0.6,called_strike,strike,,,,,,,,,,,,,,
107,2,0,1,CU,CU,1.0,0.19,0.537,-0.075,0.448,72.1,1,-0.064,0.517,in_play,,0.0039,0.0147,-0.0131,0.5312,0.4827,0.4836,95.6,29.7,1.9,3143,125.4,5.93,HR,0.0
108,1,0,0,CU,CU,1.0,0.057,0.461,0.193,0.68,71.9,1,0.161,0.774,in_play,,0.0138,0.0087,0.0021,4.098,0.4826,0.4839,97.0,20.1,8.1,2173,113.7,4.27,double,0.716
109,1,0,0,CH,CH,1.0,0.19,0.525,0.31,0.587,77.3,0,0.335,0.552,ball,ball,,,,,,,,,,,,,,
109,2,1,0,FF,FF,1.0,0.0,0.85,0.011,0.871,85.2,1,0.008,0.785,swinging_strike,,-0.0068,0.0919,0.0068,-22.154,0.4043,0.4054,,,,,,,,
109,3,1,1,SL,SL,1.0,-0.021,0.669,-0.029,0.76,77.3,1,-0.078,0.782,in_play,,-0.0044,0.0078,0.0185,-12.8696,0.4463,0.4487,97.5,16.9,-21.3,2647,87.6,2.83,out,0.72
110,1,0,0,CU,CU,1.0,0.057,0.521,-0.207,0.519,72.0,0,-0.205,0.577,called_strike,strike,,,,,,,,,,,,,,
110,2,0,1,SL,SL,1.0,0.057,0.517,-0.078,0.48,77.4,0,-0.129,0.498,called_strike,strike,,,,,,,,,,,,,,
110,3,0,2,CH,CH,1.02,0.19,0.493,0.466,0.393,79.0,0,0.508,0.405,ball,ball,,,,,,,,,,,,,,
110,4,1,2,CH,CH,1.02,0.057,0.546,0.132,0.378,79.0,0,0.121,0.357,ball,ball,,,,,,,,,,,,,,
110,5,2,2,CU,CU,1.02,0.19,0.483,0.773,0.729,73.3,0,0.746,0.801,ball,ball,,,,,,,,,,,,,,
110,6,3,2,CU,CU,1.01,0.19,0.465,0.164,0.375,72.8,1,0.166,0.429,in_play,,0.0112,0.0098,0.0193,-0.5707,0.4797,0.4791,96.2,25.1,0.7,2457,121.0,5.05,out,0.422
111,1,0,0,FF,FF,1.0,0.0,0.85,-0.079,0.868,85.2,1,-0.062,0.848,swinging_strike,,0.0078,0.0808,-0.0128,7.1532,0.4048,0.4053,,,,,,,,
111,2,0,1,SL,SL,1.0,0.19,0.532,0.079,0.865,77.2,1,0.06,0.91,in_play,,0.0031,0.0119,-0.0368,-8.1443,0.4468,0.4488,94.3,20.8,-13.9,2749,102.6,3.78,double,0.694
112,1,0,0,FF,FF,1.0,0.0,0.85,0.026,0.736,85.3,0,0.027,0.72,called_strike,strike,,,,,,,,,,,,,,
112,2,0,1,CH,CH,1.0,0.057,0.487,0.183,0.514,77.4,0,0.193,0.559,called_strike,strike,,,,,,,,,,,,,,
112,3,0,2,CU,CU,1.02,0.057,0.473,-0.04,0.396,73.5,1,-0.035,0.447,in_play,,-0.004,-0.0541,0.011,-14.8742,0.4749,0.4742,67.3,-57.4,-30.2,7856,0.9,0.02,out,0.043
113,1,0,0,FF,FF,1.0,0.0,0.85,-0.268,0.968,85.2,0,-0.205,0.889,called_strike,strike,,,,,,,,,,,,,,
113,2,0,1,CU,CU,1.0,0.19,0.459,0.175,0.594,72.0,1,0.162,0.631,in_play,,0.0048,0.0147,-0.0338,-11.433,0.4819,0.4838,93.8,28.2,-17.2,3272,118.4,5.29,double,0.415
114,1,0,0,CH,CH,1.0,0.057,0.493,0.248,0.525,77.4,0,0.244,0.532,called_strike,strike,,,,,,,,,,,,,,
114,2,0,1,SL,SL,1.0,0.19,0.533,0.147,0.368,77.5,0,0.091,0.4,ball,ball,,,,,,,,,,,,,,
114,3,1,1,FF,FF,1.0,0.19,0.85,0.045,0.943,85.2,0,0.06,0.878,called_strike,strike,,,,,,,,,,,,,,
114,4,1,2,FF,FF,1.02,0.19,0.995,0.015,0.883,86.9,1,0.006,0.888,in_play,,-0.0043,-0.0298,-0.0104,-17.8367,0.3956,0.3974,93.7,-30.0,-29.3,5713,2.1,0.04,out,0.307
115,1,0,0,CH,FF,1.0,0.027,0.741,-0.056,0.633,85.4,0,-0.063,0.541,called_strike,strike,,,,,,,,,,,,,,
115,2,0,1,CU,CU,1.0,0.057,0.457,0.126,0.351,72.1,0,0.135,0.408,ball,ball,,,,,,,,,,,,,,
115,3,1,1,FF,FF,1.0,0.079,0.836,0.256,0.893,85.2,0,0.196,0.921,ball,ball,,,,,,,,,,,,,,
115,4,2,1,FF,FF,1.0,-0.19,0.85,-0.111,0.965,85.2,0,-0.144,0.966,called_strike,strike,,,,,,,,,,,,,,
115,5,2,2,SL,SL,1.02,0.057,0.543,0.274,0.533,78.9,1,0.253,0.57,in_play,,0.0056,0.0006,-0.0184,-15.3577,0.438,0.4403,98.3,11.0,-24.2,2520,56.6,1.57,single,0.727
116,1,0,0,FF,CU,1.0,0.021,0.703,-0.158,0.544,72.0,0,-0.15,0.583,called_strike,strike,,,,,,,,,,,,,,
116,2,0,1,CH,CH,1.0,0.057,0.492,0.309,0.336,77.5,0,0.306,0.322,ball,ball,,,,,,,,,,,,,,
116,3,1,1,CU,CU,1.0,0.057,0.504,-0.012,0.776,71.9,1,-0.019,0.813,in_play,,0.0016,0.0031,-0.0037,-6.1964,0.4838,0.4836,97.2,13.5,-8.4,1508,84.6,2.65,double,0.718
117,1,0,0,CU,CU,1.0,0.19,0.51,0.143,0.407,72.1,0,0.15,0.443,ball,ball,,,,,,,,,,,,,,
117,2,1,0,FF,FF,1.0,0.19,0.85,0.006,0.912,85.2,1,0.023,0.86,swinging_strike,,0.0048,0.1108,-0.0046,-3.1741,0.4033,0.4054,,,,,,,,
117,3,1,1,SL,SL,1.0,0.19,0.516,-0.09,0.544,77.4,1,-0.096,0.547,in_play,,-0.0017,0.0072,-0.0249,-7.2307,0.4463,0.4487,96.6,19.3,-12.5,2408,96.3,3.31,double,0.713
118,1,0,0,CU,CU,1.0,0.057,0.477,0.13,0.431,72.1,1,0.117,0.458,swinging_strike,,0.0113,0.0732,-0.0217,2.4171,0.4829,0.4838,,,,,,,,
118,2,0,1,CU,CU,1.0,0.057,0.519,0.477,0.571,72.0,0,0.486,0.609,ball,ball,,,,,,,,,,,,,,
118,3,1,1,CH,SL,1.0,0.026,0.772,-0.056,0.929,77.2,1,-0.108,0.992,in_play,,0.0032,-0.021,0.017,1.8542,0.4457,0.4486,93.8,-17.6,3.6,4035,3.4,0.07,out,0.308
119,1,0,0,CU,CU,1.0,0.057,0.531,0.086,0.58,72.0,0,0.095,0.624,called_strike,strike,,,,,,,,,,,,,,
119,2,0,1,FF,FF,1.0,0.0,0.85,-0.149,1.076,85.1,1,-0.128,1.042,swinging_strike,,0.0096,0.0874,-0.0408,14.0472,0.4027,0.4052,,,,,,,,
119,3,0,2,FF,FF,1.02,0.0,0.995,0.093,0.86,86.9,1,0.11,0.832,foul,,0.0056,0.0573,-0.0343,-6.8588,0.3947,0.3975,66.6,84.4,-133.3,9446,32.0,4.02,foul,0.0
119,4,0,2,CH,CH,1.02,0.19,0.5,0.018,0.257,79.0,0,0.029,0.285,ball,ball,,,,,,,,,,,,,,
119,5,1,2,FF,FF,1.02,0.19,0.995,0.267,0.992,86.9,1,0.271,1.011,in_play,,-0.0005,-0.0168,-0.0016,-25.8749,0.3965,0.3977,99.3,-14.4,-40.0,4078,4.0,0.09,out,0.363
120,1,0,0,CU,CU,1.0,0.19,0.475,0.54,0.284,72.2,0,0.523,0.323,ball,ball,,,,,,,,,,,,,,
120,2,1,0,CH,CH,1.0,0.058,0.648,-0.239,0.374,77.5,0,-0.222,0.4,ball,ball,,,,,,,,,,,,,,
120,3,2,0,FF,CH,1.0,0.046,0.773,-0.181,0.638,77.3,1,-0.153,0.657,in_play,,-0.0008,0.0305,-0.0278,-2.2679,0.4455,0.4483,88.8,45.8,-2.7,5066,91.9,7.11,out,0.02
121,1,0,0,CH,CH,1.0,0.19,0.532,0.425,0.627,77.3,1,0.44,0.662,foul,,-0.0081,-0.0688,-0.0155,-38.9092,0.4476,0.449,64.0,-32.3,-171.6,5541,0.5,0.04,foul,0.0
121,2,0,1,SL,SL,1.0,0.19,0.45,-0.106,0.607,77.3,0,-0.129,0.594,called_strike,strike,,,,,,,,,,,,,,
121,3,0,2,FF,CU,1.02,0.049,0.772,0.162,0.952,73.2,1,0.156,0.997,in_play,,0.0023,0.0008,-0.023,-15.2326,0.471,0.4743,96.7,8.7,-22.1,1865,55.3,1.54,out,0.54
122,1,0,0,CU,CU,1.0,0.19,0.487,-0.014,0.467,72.1,0,-0.018,0.513,ball,ball,,,,,,,,,,,,,,
122,2,1,0,FF,FF,1.0,0.19,0.85,0.094,0.649,85.4,1,0.127,0.62,swinging_strike,,0.0025,0.0733,-0.009,-13.2192,0.4021,0.4055,,,,,,,,
122,3,1,1,CH,CH,1.0,0.19,0.488,0.333,0.494,77.4,0,0.369,0.522,ball,ball,,,,,,,,,,,,,,
122,4,2,1,FF,FF,1.0,0.19,0.85,0.363,0.821,85.3,0,0.405,0.762,ball,ball,,,,,,,,,,,,,,
122,5,3,1,CH,CH,0.99,0.19,0.514,0.299,0.532,76.6,0,0.311,0.546,ball,ball,,,,,,,,,,,,,,
123,1,0,0,CH,CH,1.0,0.057,0.472,0.204,0.564,77.4,0,0.205,0.548,called_strike,strike,,,,,,,,,,,,,,
123,2,0,1,FF,CH,1.0,0.177,0.422,0.126,0.348,77.5,0,0.129,0.338,ball,ball,,,,,,,,,,,,,,
123,3,1,1,SL,SL,1.0,0.057,0.546,0.112,0.679,77.3,1,0.055,0.724,in_play,,0.0032,-0.0164,0.0579,-7.6699,0.4469,0.4488,89.1,-10.1,-11.9,3450,4.1,0.09,out,0.261
124,1,0,0,CU,CU,1.0,0.057,0.546,0.219,0.668,71.9,1,0.21,0.721,in_play,,0.0046,-0.0038,-0.0208,-14.5437,0.4824,0.4839,96.4,6.5,-20.7,1661,39.2,1.02,out,0.537
125,1,0,0,CU,CU,1.0,0.19,0.489,0.02,0.378,72.1,0,0.037,0.387,ball,ball,,,,,,,,,,,,,,
125,2,1,0,CH,CH,1.0,0.19,0.517,0.103,0.48,77.4,1,0.108,0.487,foul,,-0.014,-0.0463,0.0146,-40.5518,0.4482,0.4487,81.9,-40.4,-72.5,7726,0.9,0.02,foul,0.0
125,3,1,1,CU,CU,1.0,0.057,0.542,-0.174,0.404,72.1,1,-0.145,0.455,in_play,,0.0087,0.024,-0.0096,13.6257,0.4834,0.4835,93.7,40.5,24.8,4725,107.2,6.78,out,0.329
126,1,0,0,FF,FF,1.0,0.19,0.85,0.468,0.956,85.2,0,0.511,0.932,ball,ball,,,,,,,,,,,,,,
126,2,1,0,SL,SL,1.0,0.057,0.51,-0.454,0.385,77.5,0,-0.494,0.358,ball,ball,,,,,,,,,,,,,,
126,3,2,0,FF,FF,1.0,0.19,0.85,0.093,0.846,85.3,0,0.101,0.864,called_strike,strike,,,,,,,,,,,,,,
126,4,2,1,CH,CH,1.0,0.19,0.486,0.439,0.626,77.3,0,0.449,0.635,ball,ball,,,,,,,,,,,,,,
126,5,3,1,CH,FF,0.99,-0.021,0.916,-0.018,0.96,84.4,0,0.003,0.959,called_strike,strike,,,,,,,,,,,,,,
126,6,3,2,CU,CU,1.01,0.057,0.534,-0.319,0.762,72.6,1,-0.276,0.818,in_play,,0.0045,0.0043,-0.0661,12.8027,0.4781,0.4786,89.2,15.0,21.5,1922,80.0,2.74,out,0.653
127,1,0,0,FF,FF,1.0,-0.19,0.85,-0.248,0.643,85.4,1,-0.238,0.643,swinging_strike,,0.0243,0.1411,-0.0192,45.9008,0.4036,0.4053,,,,,,,,
127,2,0,1,CH,CH,1.0,0.19,0.454,0.24,0.508,77.4,0,0.247,0.522,ball,ball,,,,,,,,,,,,,,
127,3,1,1,CU,CU,1.0,0.057,0.494,0.135,0.569,72.0,1,0.163,0.628,in_play,,-0.0015,-0.0311,0.0282,-22.1783,0.4835,0.4838,87.7,-23.5,-33.6,4689,1.8,0.04,out,0.247
128,1,0,0,CH,CH,1.0,0.057,0.493,0.301,0.448,77.4,0,0.324,0.459,ball,ball,,,,,,,,,,,,,,
128,2,1,0,CH,CH,1.0,0.19,0.527,0.114,0.52,77.4,0,0.083,0.519,called_strike,strike,,,,,,,,,,,,,,
128,3,1,1,CU,CU,1.0,0.057,0.46,-0.109,0.543,72.0,1,-0.099,0.579,in_play,,0.0,0.0123,0.0043,-4.0752,0.482,0.4835,96.4,26.3,-5.6,2805,123.4,5.31,double,0.443
129,1,0,0,SL,CU,1.0,0.177,0.437,0.027,0.283,72.2,0,0.039,0.333,ball,ball,,,,,,,,,,,,,,
129,2,1,0,SL,FF,1.0,0.177,0.993,0.189,1.249,85.1,0,0.233,1.231,ball,ball,,,,,,,,,,,,,,
129,3,2,0,FF,FF,1.0,0.19,0.85,0.135,1.089,85.1,1,0.209,1.096,in_play,,0.0025,0.0083,-0.116,-18.0731,0.4026,0.4055,73.6,14.0,-30.8,1595,51.6,1.91,out,0.529
130,1,0,0,SL,SL,1.0,0.19,0.48,0.2,0.721,77.3,0,0.2,0.727,called_strike,strike,,,,,,,,,,,,,,
130,2,0,1,SL,SL,1.0,0.19,0.513,0.306,0.574,77.3,1,0.269,0.583,in_play,,0.0093,0.049,0.0539,-9.0689,0.4499,0.4491,73.2,74.5,-41.1,8092,24.4,5.12,out,0.02
131,1,0,0,CH,CH,1.0,0.19,0.503,0.507,0.654,77.3,0,0.481,0.645,ball,ball,,,,,,,,,,,,,,
131,2,1,0,CH,CH,1.0,0.057,0.471,0.08,0.278,77.5,0,0.098,0.258,ball,ball,,,,,,,,,,,,,,
131,3,2,0,CU,CU,1.0,0.005,0.772,0.226,0.995,71.8,0,0.22,1.056,called_strike,strike,,,,,,,,,,,,,,
131,4,2,1,SL,SL,1.0,0.057,0.539,0.096,0.618,77.3,1,0.064,0.645,foul,,-0.0083,-0.0613,-0.0076,-28.1445,0.4467,0.4488,61.5,-68.4,-101.1,10204,0.6,0.03,foul,0.0
131,5,2,2,CU,CU,1.02,0.19,0.472,0.153,0.372,73.5,0,0.144,0.412,ball,ball,,,,,,,,,,,,,,
131,6,3,2,CU,CU,1.01,0.057,0.483,-0.257,0.492,72.8,0,-0.276,0.557,called_strike,strike,,,,,,,,,,,,,,
132,1,0,0,FF,FF,1.0,0.19,0.85,0.17,0.985,85.2,1,0.13,0.937,foul,,-0.011,0.0179,0.0173,-36.5794,0.4058,0.4055,98.9,23.7,-57.7,4112,106.5,4.06,foul,0.0
132,2,0,1,CH,CH,1.0,0.057,0.465,0.172,0.61,77.3,0,0.171,0.636,called_strike,strike,,,,,,,,,,,,,,
132,3,0,2,CH,CH,1.02,0.057,0.504,-0.163,0.704,78.8,0,-0.16,0.702,called_strike,strike,,,,,,,,,,,,,,
133,1,0,0,CU,CU,1.0,0.19,0.486,0.481,0.643,72.0,0,0.466,0.696,ball,ball,,,,,,,,,,,,,,
133,2,1,0,CH,CH,1.0,0.006,0.683,-0.144,0.632,77.3,0,-0.121,0.628,called_strike,strike,,,,,,,,,,,,,,
133,3,1,1,CU,CU,1.0,0.057,0.471,0.344,0.817,71.9,0,0.325,0.887,ball,ball,,,,,,,,,,,,,,
133,4,2,1,FF,FF,1.0,-0.19,0.85,-0.14,0.986,85.2,1,-0.131,0.962,in_play,,0.0003,0.0488,0.0228,-1.7026,0.4061,0.4052,76.7,72.0,-2.4,7938,4.6,5.68,out,0.02
134,1,0,0,CU,CU,1.0,0.19,0.504,0.079,0.306,72.2,0,0.109,0.332,ball,ball,,,,,,,,,,,,,,
134,2,1,0,SL,SL,1.0,0.057,0.548,0.319,0.673,77.3,0,0.277,0.735,ball,ball,,,,,,,,,,,,,,
134,3,2,0,FF,FF,1.0,0.0,0.85,-0.11,0.835,85.3,1,-0.101,0.797,in_play,,-0.0089,0.0032,-0.0127,-19.2323,0.4036,0.4053,99.5,10.7,-29.5,1773,62.3,1.74,single,0.736
135,1,0,0,CH,FF,1.0,0.087,0.774,0.276,0.984,85.2,0,0.344,0.928,ball,ball,,,,,,,,,,,,,,
135,2,1,0,CU,CU,1.0,0.19,0.474,0.411,0.367,72.1,0,0.4,0.395,ball,ball,,,,,,,,,,,,,,
135,3,2,0,FF,FF,1.0,0.19,0.85,0.305,0.745,85.3,1,0.302,0.72,swinging_strike,,0.002,0.0759,0.0262,-21.5593,0.4064,0.4057,,,,,,,,
135,4,2,1,SL,SL,1.0,0.057,0.473,0.397,0.38,77.4,0,0.357,0.393,ball,ball,,,,,,,,,,,,,,
135,5,3,1,CU,CU,0.99,0.057,0.469,0.334,0.887,71.1,0,0.34,0.931,ball,ball,,,,,,,,,,,,,,
136,1,0,0,FF,FF,1.0,-0.19,0.85,-0.001,0.951,85.2,0,0.053,0.976,called_strike,strike,,,,,,,,,,,,,,
136,2,0,1,FF,CU,1.0,0.007,0.652,0.179,0.503,72.0,0,0.165,0.579,called_strike,strike,,,,,,,,,,,,,,
136,3,0,2,SL,SL,1.02,0.19,0.479,0.343,0.233,79.0,0,0.325,0.291,ball,ball,,,,,,,,,,,,,,
136,4,1,2,CU,CU,1.02,0.057,0.455,0.21,0.59,73.4,1,0.203,0.654,in_play,,0.001,-0.0096,-0.0107,-20.3995,0.4725,0.4744,97.0,0.6,-29.6,2382,14.7,0.35,single,0.544
137,1,0,0,CU,CU,1.0,0.19,0.492,0.075,0.291,72.2,0,0.075,0.305,ball,ball,,,,,,,,,,,,,,
137,2,1,0,CH,CH,1.0,0.19,0.533,0.143,0.513,77.4,1,0.165,0.52,swinging_strike,,0.0178,0.1377,-0.0274,10.8449,0.4461,0.4487,,,,,,,,
137,3,1,1,SL,SL,1.0,0.19,0.454,0.036,0.429,77.4,0,0.016,0.472,ball,ball,,,,,,,,,,,,,,
137,4,2,1,FF,FF,1.0,0.19,0.85,0.007,0.833,85.3,1,0.022,0.786,swinging_strike,,0.0076,0.1057,-0.0054,1.7632,0.4041,0.4054,,,,,,,,
137,5,2,2,FF,FF,1.02,0.0,0.995,-0.091,1.041,86.9,1,-0.086,1.02,foul,,0.0107,0.0647,-0.0067,13.58,0.3954,0.3973,62.0,54.7,167.1,8077,43.1,2.71,foul,0.0
137,6,2,2,SL,CU,1.02,0.076,0.772,0.098,1.079,73.1,0,0.117,1.125,called_strike,strike,,,,,,,,,,,,,,
138,1,0,0,CH,CU,1.0,0.032,0.658,-0.236,0.555,72.0,0,-0.265,0.61,called_strike,strike,,,,,,,,,,,,,,
138,2,0,1,SL,SL,1.0,0.057,0.453,0.023,0.324,77.5,0,0.005,0.391,ball,ball,,,,,,,,,,,,,,
138,3,1,1,SL,SL,1.0,0.19,0.467,0.138,0.373,77.5,0,0.091,0.367,ball,ball,,,,,,,,,,,,,,
138,4,2,1,FF,FF,1.0,-0.03,0.627,0.086,0.627,85.4,0,0.058,0.579,called_strike,strike,,,,,,,,,,,,,,
138,5,2,2,CU,CU,1.02,0.19,0.516,-0.269,0.739,73.3,1,-0.272,0.777,in_play,,-0.0113,-0.0472,0.0304,-14.4691,0.4734,0.4739,74.6,-48.4,-26.3,6875,1.3,0.03,out,0.116
139,1,0,0,SL,SL,1.0,0.057,0.464,0.134,0.636,77.3,0,0.116,0.635,called_strike,strike,,,,,,,,,,,,,,
139,2,0,1,FF,FF,1.0,-0.19,0.85,-0.216,0.936,85.2,1,-0.173,0.929,foul,,0.0083,0.0578,-0.0616,14.5992,0.4051,0.4052,63.6,75.5,119.2,9305,34.3,3.8,foul,0.0
139,3,0,2,CU,CU,1.02,0.057,0.519,-0.2,0.602,73.4,1,-0.193,0.701,foul,,0.0265,0.0507,-0.0576,46.9643,0.4713,0.4739,76.9,51.2,108.5,8401,63.8,3.8,foul,0.0
139,4,0,2,CH,CH,1.02,0.057,0.519,-0.014,0.21,79.1,0,0.01,0.236,ball,ball,,,,,,,,,,,,,,
139,5,1,2,SL,SL,1.02,0.057,0.521,-0.096,0.48,78.9,0,-0.128,0.505,called_strike,strike,,,,,,,,,,,,,,
140,1,0,0,CH,CH,1.0,0.057,0.52,-0.21,0.589,77.3,0,-0.198,0.591,called_strike,strike,,,,,,,,,,,,,,
140,2,0,1,CH,CH,1.0,0.057,0.537,0.047,0.725,77.3,1,0.056,0.689,swinging_strike,,0.0052,0.0901,-0.0547,-4.3034,0.4494,0.4485,,,,,,,,
140,3,0,2,CU,CU,1.02,0.057,0.456,0.109,0.284,73.6,0,0.104,0.371,ball,ball,,,,,,,,,,,,,,
140,4,1,2,CH,CH,1.02,0.057,0.471,0.248,0.339,79.0,0,0.267,0.294,ball,ball,,,,,,,,,,,,,,
140,5,2,2,CU,CU,1.02,0.19,0.548,-0.009,0.477,73.5,1,-0.009,0.544,in_play,,0.0057,0.0105,0.0054,0.297,0.472,0.4741,96.9,24.8,1.7,2536,122.7,5.12,out,0.715
141,1,0,0,CH,CH,1.0,0.057,0.45,-0.031,0.341,77.5,1,0.004,0.331,swinging_strike,,0.0129,0.1161,-0.0008,11.9513,0.449,0.4486,,,,,,,,
141,2,0,1,SL,SL,1.0,0.057,0.533,-0.166,0.438,77.4,0,-0.203,0.492,ball,ball,,,,,,,,,,,,,,
141,3,1,1,FF,FF,1.0,0.0,0.85,-0.028,0.816,85.3,0,-0.004,0.817,called_strike,strike,,,,,,,,,,,,,,
141,4,1,2,CU,CU,1.02,0.057,0.529,-0.211,0.243,73.6,0,-0.21,0.289,ball,ball,,,,,,,,,,,,,,
141,5,2,2,FF,FF,1.02,0.0,0.995,0.116,0.92,86.9,1,0.098,0.856,swinging_strike,,0.0097,0.1456,-0.0537,0.8573,0.398,0.3975,,,,,,,,
142,1,0,0,FF,FF,1.0,-0.19,0.85,-0.083,0.87,85.2,1,-0.049,0.787,foul,,-0.0123,0.0515,-0.0456,-28.148,0.4021,0.4053,73.8,65.3,-86.3,8215,48.6,4.58,foul,0.0
142,2,0,1,FF,FF,1.0,0.19,0.85,0.149,1.042,85.2,1,0.148,1.037,in_play,,-0.0007,0.0379,-0.0085,-20.0505,0.4011,0.4055,87.4,50.1,-38.2,6087,77.6,6.49,out,0.02
143,1,0,0,SL,SL,1.0,0.057,0.5,-0.215,0.487,77.4,0,-0.256,0.478,called_strike,strike,,,,,,,,,,,,,,
143,2,0,1,CU,CU,1.0,0.076,0.752,-0.092,0.905,71.8,1,-0.141,0.959,foul,,-0.0147,-0.0617,0.0611,-26.8169,0.4805,0.4836,53.9,-68.3,-105.2,8038,0.7,0.04,foul,0.0
143,3,0,2,CH,CH,1.02,0.057,0.505,0.201,0.949,78.7,1,0.214,0.936,foul,,-0.0027,0.0299,-0.0247,-27.3596,0.4392,0.4399,90.9,38.8,-46.2,5050,103.8,5.72,foul,0.0
143,4,0,2,CU,CU,1.02,0.19,0.547,0.215,0.126,73.7,1,0.188,0.209,swinging_strike,,-0.0013,-0.073,0.0248,-23.3941,0.4737,0.4747,,,,,,,,
144,1,0,0,CU,CU,1.0,0.19,0.479,0.223,0.536,72.0,0,0.243,0.615,called_strike,strike,,,,,,,,,,,,,,
144,2,0,1,CH,CH,1.0,0.19,0.453,0.286,0.27,77.5,0,0.323,0.268,ball,ball,,,,,,,,,,,,,,
144,3,1,1,CH,CU,1.0,0.177,0.438,0.383,0.513,72.0,0,0.375,0.589,ball,ball,,,,,,,,,,,,,,
144,4,2,1,SL,FF,1.0,-0.142,1.048,-0.191,0.928,85.2,1,-0.222,0.865,swinging_strike,,0.0075,0.1517,0.0798,16.0563,0.4036,0.4052,,,,,,,,
144,5,2,2,CH,CH,1.02,0.19,0.482,0.227,0.039,79.1,0,0.193,0.037,ball,ball,,,,,,,,,,,,,,
144,6,3,2,SL,SL,1.01,0.19,0.538,0.121,0.651,78.1,1,0.106,0.602,swinging_strike,,-0.0042,0.0716,-0.0025,-23.5706,0.4449,0.4444,,,,,,,,
145,1,0,0,CH,CH,1.0,0.19,0.537,0.175,0.458,77.4,0,0.219,0.46,called_strike,strike,,,,,,,,,,,,,,
145,2,0,1,FF,FF,1.0,0.19,0.85,0.012,0.827,85.3,1,0.01,0.796,in_play,,-0.002,0.043,0.0285,-13.946,0.4022,0.4054,82.0,61.8,-32.0,6979,42.1,6.2,out,0.02
146,1,0,0,CU,CU,1.0,0.19,0.492,0.326,0.404,72.1,0,0.3,0.434,ball,ball,,,,,,,,,,,,,,
146,2,1,0,CU,FF,1.0,0.177,0.983,0.255,0.922,85.2,1,0.257,0.873,swinging_strike,,0.0,0.0708,0.0347,-24.9567,0.4041,0.4056,,,,,,,,
146,3,1,1,CH,CH,1.0,0.19,0.487,0.108,0.585,77.3,0,0.132,0.598,called_strike,strike,,,,,,,,,,,,,,
146,4,1,2,CU,CU,1.02,0.19,0.46,0.488,0.463,73.5,0,0.456,0.547,ball,ball,,,,,,,,,,,,,,
146,5,2,2,CH,SL,1.02,-0.063,0.772,-0.166,0.649,78.8,1,-0.183,0.67,in_play,,-0.0113,-0.0355,-0.0107,-18.5005,0.4397,0.4398,88.7,-33.1,-31.5,6479,1.6,0.03,out,0.257
147,1,0,0,CU,CU,1.0,0.19,0.513,0.116,0.597,72.0,0,0.127,0.669,called_strike,strike,,,,,,,,,,,,,,
147,2,0,1,FF,FF,1.0,0.0,0.85,0.085,0.835,85.3,0,0.096,0.807,called_strike,strike,,,,,,,,,,,,,,
147,3,0,2,SL,SL,1.02,0.19,0.485,0.569,0.396,79.0,0,0.533,0.436,ball,ball,,,,,,,,,,,,,,
147,4,1,2,SL,SL,1.02,0.19,0.469,0.415,0.843,78.7,0,0.375,0.902,ball,ball,,,,,,,,,,,,,,
147,5,2,2,SL,SL,1.02,0.057,0.492,-0.026,0.588,78.9,1,-0.01,0.565,foul,,-0.0042,0.0535,-0.0183,-16.6687,0.4392,0.4399,73.0,73.7,-85.1,8932,39.4,4.44,foul,0.0
147,6,2,2,CU,CU,1.02,0.19,0.517,0.284,0.388,73.5,0,0.294,0.415,ball,ball,,,,,,,,,,,,,,
147,7,3,2,CH,CH,1.01,0.19,0.463,0.136,0.563,78.1,0,0.173,0.566,called_strike,strike,,,,,,,,,,,,,,
148,1,0,0,CH,CH,1.0,0.19,0.523,0.212,0.328,77.5,0,0.202,0.327,ball,ball,,,,,,,,,,,,,,
148,2,1,0,CH,CH,1.0,0.057,0.464,0.319,0.436,77.4,0,0.356,0.404,ball,ball,,,,,,,,,,,,,,
148,3,2,0,CH,FF,1.0,0.177,1.024,0.155,0.909,85.2,1,0.203,0.883,foul,,-0.0028,0.0348,-0.0645,-26.8087,0.4041,0.4055,83.4,46.4,-51.5,5627,83.0,5.75,foul,0.0
148,4,2,1,CH,CH,1.0,0.19,0.454,0.211,0.278,77.5,0,0.249,0.305,ball,ball,,,,,,,,,,,,,,
148,5,3,1,CH,CH,0.99,0.19,0.538,-0.016,0.716,76.5,0,0.011,0.712,called_strike,strike,,,,,,,,,,,,,,
148,6,3,2,CH,FF,1.01,0.08,0.805,0.011,0.848,86.1,1,0.008,0.814,in_play,,0.0017,0.047,0.0088,-7.6106,0.3994,0.4014,79.5,69.8,-19.8,7741,17.7,5.85,out,0.02
149,1,0,0,FF,FF,1.0,0.0,0.85,0.121,0.793,85.3,1,0.111,0.782,foul,,0.0059,0.0696,0.0117,-6.3981,0.4068,0.4055,77.4,7.8,178.7,1110,29.7,0.97,foul,0.0
149,2,0,1,CH,CH,1.0,0.19,0.475,0.007,0.245,77.5,0,0.016,0.263,ball,ball,,,,,,,,,,,,,,
149,3,1,1,FF,FF,1.0,-0.19,0.85,-0.217,0.791,85.3,1,-0.201,0.874,swinging_strike,,-0.0067,-0.0908,-0.0474,-9.5453,0.4075,0.4052,,,,,,,,
149,4,1,2,FF,FF,1.02,0.19,0.995,-0.055,0.773,87.0,1,-0.03,0.745,swinging_strike,,0.0083,0.1124,0.007,6.0955,0.3921,0.3974,,,,,,,,
150,1,0,0,FF,FF,1.0,-0.19,0.85,0.004,0.754,85.3,1,-0.003,0.71,swinging_strike,,0.009,0.12,0.0077,5.7202,0.4043,0.4054,,,,,,,,
150,2,0,1,CU,SL,1.0,0.097,0.772,-0.026,0.733,77.3,1,-0.093,0.727,in_play,,0.0044,0.0504,0.0443,3.0343,0.447,0.4487,72.5,78.0,4.6,8308,12.3,5.14,out,0.02
151,1,0,0,SL,SL,1.0,0.057,0.52,-0.224,0.692,77.3,1,-0.264,0.732,foul,,0.0121,0.0411,0.0592,25.7725,0.4475,0.4485,79.7,56.8,55.6,6875,56.2,5.76,foul,0.0
151,2,0,1,CH,CH,1.0,0.19,0.52,0.175,0.28,77.5,0,0.189,0.286,ball,ball,,,,,,,,,,,,,,
151,3,1,1,SL,CH,1.0,0.177,0.497,0.085,0.702,77.3,1,0.126,0.696,in_play,,-0.0019,0.0243,-0.0018,-20.7746,0.4461,0.4485,93.8,35.5,-33.4,4174,114.0,5.86,out,0.416
152,1,0,0,FF,FF,1.0,-0.19,0.85,-0.172,0.774,85.3,0,-0.099,0.699,called_strike,strike,,,,,,,,,,,,,,
152,2,0,1,CH,CH,1.0,0.19,0.456,0.135,0.56,77.4,0,0.145,0.573,called_strike,strike,,,,,,,,,,,,,,
152,3,0,2,CU,CU,1.02,0.19,0.51,0.41,0.296,73.6,0,0.445,0.314,ball,ball,,,,,,,,,,,,,,
152,4,1,2,SL,CU,1.02,0.055,0.73,0.339,0.56,73.4,0,0.341,0.604,ball,ball,,,,,,,,,,,,,,
152,5,2,2,SL,SL,1.02,0.057,0.507,0.21,0.485,78.9,1,0.169,0.488,foul,,-0.0079,-0.0276,0.0516,-33.6417,0.4391,0.4403,90.8,-20.7,-54.5,5866,1.6,0.04,foul,0.0
152,6,2,2,CH,CH,1.02,0.057,0.542,0.15,0.466,78.9,1,0.126,0.457,swinging_strike,,0.0025,0.071,0.0098,-13.179,0.4381,0.44,,,,,,,,
153,1,0,0,CU,SL,1.0,-0.142,0.456,0.049,0.35,77.5,0,0.058,0.366,ball,ball,,,,,,,,,,,,,,
153,2,1,0,FF,FF,1.0,0.19,0.85,0.057,0.8,85.3,0,0.085,0.793,called_strike,strike,,,,,,,,,,,,,,
153,3,1,1,CH,FF,1.0,-0.064,0.9,-0.163,0.739,85.3,1,-0.167,0.68,foul,,-0.0035,0.0683,-0.0402,-6.0822,0.405,0.4053,70.3,22.1,-179.6,3174,41.4,1.63,foul,0.0
153,4,1,2,SL,CU,1.02,-0.142,0.427,-0.13,0.329,73.6,0,-0.127,0.376,ball,ball,,,,,,,,,,,,,,
153,5,2,2,SL,CH,1.02,0.027,0.924,0.075,0.981,78.7,1,0.064,0.97,in_play,,-0.0072,-0.001,0.02,-26.1576,0.4379,0.4397,98.6,4.4,-38.7,2247,31.9,0.79,out,0.563
154,1,0,0,CH,CH,1.0,0.057,0.47,0.131,0.361,77.5,0,0.135,0.326,ball,ball,,,,,,,,,,,,,,
154,2,1,0,CU,CU,1.0,0.057,0.482,-0.195,0.494,72.1,1,-0.216,0.524,in_play,,-0.001,0.0111,-0.0066,1.0356,0.4834,0.4835,96.6,25.5,2.5,2604,123.1,5.23,double,0.44
155,1,0,0,SL,SL,1.0,0.057,0.486,0.366,0.019,77.6,0,0.299,0.065,ball,ball,,,,,,,,,,,,,,
155,2,1,0,CH,CH,1.0,0.057,0.548,0.031,0.463,77.4,0,0.03,0.446,called_strike,strike,,,,,,,,,,,,,,
155,3,1,1,CU,CU,1.0,0.19,0.482,0.329,0.545,72.0,1,0.31,0.597,in_play,,0.0086,0.0259,-0.045,-10.1651,0.4824,0.4841,88.7,42.2,-16.4,4868,100.8,6.76,out,0.261
156,1,0,0,FF,FF,1.0,0.19,0.85,0.012,0.84,85.3,0,0.013,0.816,called_strike,strike,,,,,,,,,,,,,,
156,2,0,1,SL,SL,1.0,0.19,0.456,-0.007,0.132,77.6,0,-0.045,0.179,ball,ball,,,,,,,,,,,,,,
156,3,1,1,CU,CU,1.0,0.057,0.469,0.038,0.276,72.2,0,0.038,0.326,ball,ball,,,,,,,,,,,,,,
156,4,2,1,CU,CU,1.0,0.057,0.468,0.287,0.52,72.0,1,0.311,0.579,in_play,,0.0037,-0.0051,-0.0121,-18.5604,0.4835,0.484,97.2,6.3,-26.6,2015,36.2,0.93,single,0.546
157,1,0,0,SL,SL,1.0,0.057,0.489,-0.042,0.462,77.4,1,-0.085,0.503,in_play,,0.0078,0.0162,-0.0016,8.3933,0.4479,0.4488,96.1,30.6,12.9,3327,125.5,6.04,HR,0.0
158,1,0,0,CU,CU,1.0,0.19,0.509,0.287,0.095,72.3,0,0.266,0.138,ball,ball,,,,,,,,,,,,,,
158,2,1,0,CU,CU,1.0,0.057,0.521,-0.458,0.766,71.9,0,-0.471,0.812,ball,ball,,,,,,,,,,,,,,
158,3,2,0,CU,CH,1.0,0.01,0.828,-0.014,0.861,77.2,1,0.013,0.892,in_play,,-0.0044,-0.0087,-0.0159,-18.3982,0.4459,0.4484,97.4,-3.2,-26.7,2154,9.8,0.22,out,0.344
159,1,0,0,CU,CU,1.0,0.19,0.486,0.39,0.51,72.0,1,0.349,0.572,swinging_strike,,-0.0107,-0.0755,0.0294,-43.3646,0.4818,0.4842,,,,,,,,
159,2,0,1,CH,CH,1.0,0.057,0.526,0.232,0.479,77.4,0,0.235,0.487,called_strike,strike,,,,,,,,,,,,,,
159,3,0,2,SL,SL,1.02,0.057,0.519,0.228,0.617,78.8,1,0.196,0.621,in_play,,-0.0037,-0.0007,0.0029,-27.9539,0.4386,0.4402,100.8,8.0,-43.6,3469,42.3,1.08,out,0.59
160,1,0,0,CH,CH,1.0,0.19,0.485,0.166,0.119,77.6,0,0.18,0.177,ball,ball,,,,,,,,,,,,,,
160,2,1,0,CU,CU,1.0,0.057,0.54,-0.123,0.491,72.1,1,-0.089,0.521,in_play,,-0.008,-0.0246,-0.0203,-18.4333,0.4815,0.4835,91.5,-14.7,-27.4,3721,2.5,0.05,out,0.285
161,1,0,0,SL,SL,1.0,0.057,0.473,-0.142,0.337,77.5,0,-0.182,0.36,ball,ball,,,,,,,,,,,,,,
161,2,1,0,FF,FF,1.0,0.177,1.042,0.363,1.09,85.1,0,0.369,1.07,ball,ball,,,,,,,,,,,,,,
161,3,2,0,FF,FF,1.0,0.19,0.85,0.175,0.777,85.3,1,0.162,0.76,foul,,-0.0038,0.0376,0.0733,-26.0961,0.4038,0.4056,79.9,51.7,-54.2,6027,70.4,5.64,foul,0.0
161,4,2,1,CU,CU,1.0,-0.088,0.772,-0.192,0.389,72.1,0,-0.188,0.41,ball,ball,,,,,,,,,,,,,,
161,5,3,1,CH,FF,0.99,-0.1,0.918,0.017,0.878,84.4,1,-0.001,0.817,swinging_strike,,0.0065,0.1215,-0.0194,1.283,0.409,0.4095,,,,,,,,
161,6,3,2,CH,CH,1.01,0.19,0.528,0.298,0.861,77.9,0,0.331,0.879,ball,ball,,,,,,,,,,,,,,
162,1,0,0,FF,FF,1.0,0.0,0.85,-0.153,0.862,85.3,0,-0.123,0.866,called_strike,strike,,,,,,,,,,,,,,
162,2,0,1,CH,CH,1.0,0.19,0.487,0.071,0.414,77.4,1,0.098,0.446,in_play,,-0.0049,-0.011,-0.0601,-24.1929,0.4464,0.4487,90.9,-1.5,-36.4,2598,7.7,0.18,single,0.279
163,1,0,0,CU,CU,1.0,0.19,0.506,0.667,0.488,72.0,0,0.688,0.524,ball,ball,,,,,,,,,,,,,,
163,2,1,0,SL,SL,1.0,0.19,0.456,0.279,0.674,77.3,1,0.257,0.662,foul,,0.005,0.0651,-0.0285,-16.4268,0.4503,0.449,56.6,51.9,-167.0,9092,36.4,2.32,foul,0.0
163,3,1,1,CH,CH,1.0,0.19,0.528,0.138,0.5,77.4,0,0.184,0.535,called_strike,strike,,,,,,,,,,,,,,
163,4,1,2,SL,CU,1.02,0.177,0.559,0.053,0.831,73.3,1,0.037,0.863,in_play,,-0.001,-0.0217,-0.0219,-13.8506,0.4734,0.4741,92.4,-15.0,-20.0,3230,3.6,0.08,out,0.294
164,1,0,0,FF,FF,1.0,0.19,0.85,0.287,0.918,85.2,0,0.301,0.925,ball,ball,,,,,,,,,,,,,,
164,2,1,0,CU,FF,1.0,0.046,0.614,0.147,0.735,85.3,1,0.155,0.732,swinging_strike,,0.0134,0.0817,0.0103,3.8597,0.4031,0.4056,,,,,,,,
164,3,1,1,CU,CU,1.0,0.19,0.494,0.629,0.23,72.2,0,0.608,0.281,ball,ball,,,,,,,,,,,,,,
164,4,2,1,FF,CH,1.0,0.095,0.798,0.336,1.034,77.1,0,0.325,1.053,ball,ball,,,,,,,,,,,,,,
164,5,3,1,FF,FF,0.99,0.19,0.85,0.189,0.716,84.5,0,0.216,0.702,called_strike,strike,,,,,,,,,,,,,,
164,6,3,2,CH,CH,1.01,0.057,0.472,-0.16,0.338,78.2,0,-0.131,0.338,ball,ball,,,,,,,,,,,,,,
165,1,0,0,SL,CU,1.0,-0.082,0.772,-0.533,0.932,71.8,0,-0.541,0.957,ball,ball,,,,,,,,,,,,,,
165,2,1,0,FF,FF,1.0,-0.19,0.85,0.033,0.975,85.2,1,0.011,0.955,in_play,,-0.0039,0.0149,-0.0004,-17.3362,0.4038,0.4054,97.7,22.7,-26.9,2580,113.8,4.38,double,0.722
166,1,0,0,CH,CH,1.0,0.19,0.52,0.235,0.416,77.4,1,0.2,0.399,foul,,0.0033,0.0655,0.0474,-16.197,0.4484,0.4489,57.4,45.3,-172.7,7485,37.9,2.2,foul,0.0
166,2,0,1,CU,CU,1.0,0.19,0.501,-0.217,0.747,71.9,0,-0.179,0.814,called_strike,strike,,,,,,,,,,,,,,
166,3,0,2,FF,FF,1.02,-0.19,0.995,-0.296,0.753,87.0,1,-0.283,0.702,swinging_strike,,-0.0009,0.0783,-0.0508,3.3715,0.395,0.3973,,,,,,,,
167,1,0,0,FF,FF,1.0,0.0,0.85,0.108,0.771,85.3,1,0.124,0.772,foul,,-0.0168,-0.0425,0.0027,-46.2265,0.404,0.4055,90.3,-36.7,-82.8,8169,1.2,0.03,foul,0.0
167,2,0,1,SL,SL,1.0,0.057,0.524,0.259,0.399,77.4,0,0.205,0.429,ball,ball,,,,,,,,,,,,,,
167,3,1,1,CH,CH,1.0,0.19,0.484,0.336,0.119,77.6,0,0.351,0.173,ball,ball,,,,,,,,,,,,,,
167,4,2,1,FF,FF,1.0,-0.19,0.85,-0.231,0.877,85.2,1,-0.178,0.847,in_play,,-0.0065,0.0208,-0.0911,-10.5029,0.4052,0.4052,79.5,33.0,-18.4,3138,96.8,5.04,out,0.228
168,1,0,0,SL,CH,1.0,-0.086,0.77,-0.445,0.886,77.2,0,-0.431,0.896,ball,ball,,,,,,,,,,,,,,
168,2,1,0,CU,CU,1.0,0.19,0.499,0.257,0.65,72.0,1,0.259,0.662,foul,,-0.0124,-0.0448,-0.0412,-46.3164,0.4839,0.484,78.7,-36.5,-77.3,6952,1.0,0.03,foul,0.0
168,3,1,1,CU,CH,1.0,-0.001,0.669,0.083,0.729,77.3,1,0.061,0.705,foul,,0.0018,0.0558,0.0083,-10.576,0.4472,0.4485,67.6,81.8,-79.3,9023,29.4,4.36,foul,0.0
168,4,1,2,SL,SL,1.02,0.057,0.46,0.074,0.716,78.8,1,-0.006,0.707,swinging_strike,,0.0118,0.0971,0.0588,10.6753,0.439,0.44,,,,,,,,
169,1,0,0,SL,SL,1.0,0.057,0.496,0.102,0.588,77.3,0,0.052,0.634,called_strike,strike,,,,,,,,,,,,,,
169,2,0,1,CH,CH,1.0,0.104,0.799,-0.02,0.714,77.3,1,0.029,0.748,in_play,,-0.004,-0.0316,-0.056,-18.631,0.4465,0.4484,84.8,-29.6,-29.7,5294,1.8,0.04,single,0.218
170,1,0,0,CU,FF,1.0,-0.142,1.011,-0.027,1.064,85.2,0,0.03,1.097,called_strike,strike,,,,,,,,,,,,,,
170,2,0,1,SL,SL,1.0,0.057,0.517,-0.163,0.471,77.4,0,-0.177,0.483,called_strike,strike,,,,,,,,,,,,,,
170,3,0,2,CU,CU,1.02,0.19,0.498,0.037,0.341,73.5,0,0.03,0.415,ball,ball,,,,,,,,,,,,,,
170,4,1,2,CH,CH,1.02,0.057,0.543,0.399,0.693,78.8,0,0.421,0.665,ball,ball,,,,,,,,,,,,,,
170,5,2,2,CU,CU,1.02,0.177,0.435,0.141,0.489,73.5,0,0.14,0.524,called_strike,strike,,,,,,,,,,,,,,
171,1,0,0,FF,FF,1.0,0.0,0.85,0.03,1.02,85.2,0,0.076,0.996,called_strike,strike,,,,,,,,,,,,,,
171,2,0,1,CU,CU,1.0,0.057,0.503,0.32,0.662,71.9,0,0.331,0.701,ball,ball,,,,,,,,,,,,,,
171,3,1,1,SL,SL,1.0,0.057,0.547,0.094,0.68,77.3,0,0.048,0.693,called_strike,strike,,,,,,,,,,,,,,
171,4,1,2,FF,FF,1.02,-0.19,0.995,-0.11,1.0,86.9,1,-0.085,0.981,in_play,,-0.0004,0.0518,0.0012,-5.6421,0.3944,0.3973,74.8,77.5,-21.6,8535,18.0,5.18,out,0.02
172,1,0,0,FF,FF,1.0,0.0,0.85,-0.086,1.048,85.2,1,-0.074,1.038,in_play,,0.0012,0.0303,-0.0322,-3.5802,0.4045,0.4053,89.2,42.3,-4.8,4770,101.4,7.04,out,0.259
173,1,0,0,FF,FF,1.0,0.0,0.85,-0.214,0.691,85.3,1,-0.176,0.683,in_play,,-0.007,-0.0022,0.0205,-11.5619,0.4042,0.4053,98.3,5.8,-17.3,1152,33.4,0.83,single,0.56
174,1,0,0,CU,CU,1.0,0.19,0.542,-0.125,0.48,72.1,1,-0.132,0.546,swinging_strike,,-0.0119,-0.0913,-0.0241,-22.5712,0.4828,0.4835,,,,,,,,
174,2,0,1,SL,SL,1.0,0.057,0.493,0.234,0.516,77.4,1,0.197,0.545,foul,,-0.0029,-0.0434,0.0563,-26.6951,0.4487,0.4491,78.8,-42.8,-49.1,7588,1.0,0.02,foul,0.0
174,3,0,2,SL,SL,1.02,0.057,0.504,0.305,0.416,78.9,0,0.259,0.446,ball,ball,,,,,,,,,,,,,,
174,4,1,2,CU,CU,1.02,0.057,0.543,0.233,0.701,73.3,1,0.204,0.769,in_play,,0.0116,0.0271,0.057,-2.2408,0.4736,0.4744,86.0,43.0,-2.1,4967,95.5,6.9,out,0.21
175,1,0,0,CH,CH,1.0,0.19,0.457,0.593,0.525,77.4,0,0.603,0.523,ball,ball,,,,,,,,,,,,,,
175,2,1,0,CU,CU,1.0,0.057,0.49,0.158,0.225,72.2,0,0.168,0.279,ball,ball,,,,,,,,,,,,,,
175,3,2,0,SL,SL,1.0,0.19,0.521,0.263,0.789,77.2,1,0.252,0.826,foul,,0.012,0.0561,-0.0206,-4.2648,0.448,0.449,67.7,84.8,-77.0,9228,27.8,4.29,foul,0.0
175,4,2,1,FF,CH,1.0,-0.105,0.926,-0.135,1.051,77.1,1,-0.101,1.085,in_play,,-0.0079,-0.0502,-0.0579,-17.6093,0.4452,0.4483,71.7,-61.1,-41.2,8280,1.1,0.04,out,0.087
176,1,0,0,CU,CU,1.0,0.068,0.662,-0.089,0.525,72.0,0,-0.087,0.565,called_strike,strike,,,,,,,,,,,,,,
176,2,0,1,FF,CH,1.0,0.047,0.609,-0.046,0.441,77.4,0,-0.014,0.453,ball,ball,,,,,,,,,,,,,,
176,3,1,1,FF,FF,1.0,0.0,0.85,0.115,1.02,85.2,0,0.068,1.036,called_strike,strike,,,,,,,,,,,,,,
176,4,1,2,CU,CU,1.02,0.057,0.493,0.174,0.514,73.4,1,0.162,0.535,in_play,,0.0009,0.0044,0.0228,-18.1671,0.4737,0.4743,97.0,17.2,-27.1,2456,88.4,2.9,double,0.716
177,1,0,0,SL,SL,1.0,0.19,0.509,0.338,0.475,77.4,1,0.313,0.5,swinging_strike,,0.0148,0.0887,-0.0058,0.3587,0.4472,0.4492,,,,,,,,
177,2,0,1,CH,CH,1.0,0.19,0.463,0.134,0.248,77.5,0,0.173,0.232,ball,ball,,,,,,,,,,,,,,
177,3,1,1,SL,SL,1.0,0.19,0.454,0.013,0.546,77.4,0,0.021,0.603,called_strike,strike,,,,,,,,,,,,,,
177,4,1,2,CU,CH,1.02,-0.063,0.636,-0.056,0.447,78.9,0,-0.026,0.496,ball,ball,,,,,,,,,,,,,,
177,5,2,2,CU,CU,1.02,0.19,0.487,0.035,0.452,73.5,1,0.036,0.53,foul,,0.0182,0.0447,0.0124,19.1084,0.4735,0.4742,82.1,64.3,52.7,7869,44.1,5.58,foul,0.0
177,6,2,2,CH,CH,1.02,0.057,0.475,-0.115,0.261,79.0,0,-0.109,0.299,ball,ball,,,,,,,,,,,,,,
177,7,3,2,FF,FF,1.01,-0.19,0.995,-0.019,1.315,85.9,0,0.007,1.248,ball,ball,,,,,,,,,,,,,,
178,1,0,0,CU,CU,1.0,0.19,0.45,0.278,0.246,72.2,0,0.275,0.335,ball,ball,,,,,,,,,,,,,,
178,2,1,0,SL,SL,1.0,0.19,0.547,0.205,0.401,77.4,0,0.157,0.401,ball,ball,,,,,,,,,,,,,,
178,3,2,0,FF,FF,1.0,0.0,0.85,-0.104,0.705,85.3,1,-0.047,0.689,in_play,,-0.0008,0.0338,-0.0432,-8.546,0.4047,0.4053,86.1,50.8,-15.7,5480,74.7,6.91,out,0.02
179,1,0,0,CU,CU,1.0,0.19,0.546,-0.117,0.589,72.0,0,-0.124,0.631,called_strike,strike,,,,,,,,,,,,,,
179,2,0,1,SL,SL,1.0,0.057,0.522,0.148,0.647,77.3,0,0.093,0.673,called_strike,strike,,,,,,,,,,,,,,
179,3,0,2,FF,FF,1.02,0.0,0.995,0.172,1.122,86.8,0,0.138,1.093,ball,ball,,,,,,,,,,,,,,
179,4,1,2,CH,CH,1.02,0.19,0.505,0.209,0.605,78.8,1,0.228,0.577,foul,,-0.0015,0.0333,-0.0256,-26.0456,0.4382,0.44,89.0,46.7,-47.1,5649,89.8,6.04,foul,0.0
179,5,1,2,SL,SL,1.02,0.057,0.546,0.075,0.27,79.0,0,0.105,0.268,ball,ball,,,,,,,,,,,,,,
179,6,2,2,FF,FF,1.02,0.19,0.995,0.144,1.237,86.8,1,0.1,1.206,in_play,,0.0015,0.0454,0.0035,-13.3984,0.3934,0.3976,81.4,61.8,-30.4,7334,39.4,6.18,out,0.02
180,1,0,0,CH,CH,1.0,0.057,0.505,-0.055,0.432,77.4,0,-0.04,0.382,ball,ball,,,,,,,,,,,,,,
180,2,1,0,CH,CH,1.0,0.057,0.484,-0.005,0.46,77.4,1,0.008,0.47,in_play,,0.0057,0.0274,-0.0207,-0.6316,0.4466,0.4486,91.0,43.8,0.9,4701,100.1,7.13,out,0.247
181,1,0,0,CU,CU,1.0,0.057,0.494,0.024,0.667,72.0,0,0.012,0.685,called_strike,strike,,,,,,,,,,,,,,
181,2,0,1,CU,CU,1.0,0.057,0.542,0.093,0.883,71.8,1,0.076,0.906,in_play,,0.0064,0.0136,-0.0116,-3.5897,0.4837,0.4838,95.8,24.4,-4.4,2842,122.7,5.16,double,0.706
182,1,0,0,FF,FF,1.0,0.19,0.85,0.255,0.767,85.3,0,0.218,0.735,ball,ball,,,,,,,,,,,,,,
182,2,1,0,SL,SL,1.0,0.19,0.52,0.211,0.338,77.5,0,0.197,0.393,ball,ball,,,,,,,,,,,,,,
182,3,2,0,SL,SL,1.0,0.057,0.455,0.147,0.546,77.4,0,0.163,0.562,called_strike,strike,,,,,,,,,,,,,,
182,4,2,1,CH,CH,1.0,-0.142,0.514,-0.219,0.513,77.4,1,-0.182,0.521,in_play,,-0.0012,-0.0082,-0.0258,-1.2121,0.447,0.4484,96.0,1.5,-0.2,1501,15.6,0.37,single,0.532
183,1,0,0,CU,CU,1.0,0.057,0.518,-0.013,0.125,72.3,0,-0.013,0.15,ball,ball,,,,,,,,,,,,,,
183,2,1,0,FF,CU,1.0,-0.018,0.772,0.087,0.616,72.0,1,0.088,0.667,in_play,,-0.0007,-0.0285,-0.0143,-16.4607,0.4835,0.4837,89.7,-20.9,-24.2,4170,2.2,0.04,out,0.267
184,1,0,0,FF,CH,1.0,-0.142,0.542,-0.116,0.483,77.4,1,-0.103,0.477,swinging_strike,,0.0082,0.0743,0.0282,10.2778,0.4453,0.4484,,,,,,,,
184,2,0,1,SL,SL,1.0,0.19,0.522,0.39,0.423,77.4,0,0.34,0.445,ball,ball,,,,,,,,,,,,,,
184,3,1,1,SL,SL,1.0,0.19,0.538,0.512,0.582,77.3,0,0.467,0.582,ball,ball,,,,,,,,,,,,,,
184,4,2,1,FF,FF,1.0,0.19,0.85,0.116,0.768,85.3,1,0.063,0.749,swinging_strike,,0.0135,0.1036,0.0708,9.4593,0.404,0.4055,,,,,,,,
184,5,2,2,SL,SL,1.02,0.19,0.481,-0.026,0.519,78.9,1,-0.025,0.531,in_play,,-0.0004,0.0066,0.0516,-9.1706,0.4411,0.44,92.6,18.9,-15.8,2451,87.3,3.0,out,0.681
185,1,0,0,FF,FF,1.0,0.0,0.85,-0.016,0.717,85.3,0,-0.003,0.687,called_strike,strike,,,,,,,,,,,,,,
185,2,0,1,CU,CU,1.0,0.057,0.515,-0.124,0.64,72.0,0,-0.134,0.691,called_strike,strike,,,,,,,,,,,,,,
185,3,0,2,FF,FF,1.02,0.19,0.995,0.216,0.786,87.0,1,0.242,0.752,foul,,-0.0107,0.0026,-0.0039,-42.6953,0.398,0.3977,103.7,9.1,-64.9,4115,57.8,1.54,foul,0.0
185,4,0,2,CH,CH,1.02,0.19,0.459,0.35,0.603,78.8,0,0.357,0.622,ball,ball,,,,,,,,,,,,,,
185,5,1,2,SL,SL,1.02,0.057,0.46,0.415,0.316,79.0,0,0.394,0.285,ball,ball,,,,,,,,,,,,,,
185,6,2,2,CH,FF,1.02,0.01,0.666,-0.009,0.557,87.1,1,-0.003,0.516,in_play,,-0.0038,0.0397,-0.014,-16.4075,0.3952,0.3976,86.3,59.3,-36.0,6676,52.8,6.38,out,0.02
186,1,0,0,CH,CH,1.0,0.19,0.537,0.32,0.403,77.4,0,0.346,0.384,ball,ball,,,,,,,,,,,,,,
186,2,1,0,FF,FF,1.0,-0.19,0.85,-0.191,0.797,85.3,1,-0.229,0.769,foul,,0.0031,0.0611,0.0454,8.9842,0.4042,0.4052,59.7,72.1,157.5,9962,35.0,3.19,foul,0.0
186,3,1,1,SL,SL,1.0,0.057,0.478,0.364,0.702,77.3,0,0.309,0.7,ball,ball,,,,,,,,,,,,,,
186,4,2,1,FF,FF,1.0,0.0,0.85,-0.096,0.979,85.2,1,-0.114,0.945,in_play,,-0.0021,0.0422,0.0091,-6.9117,0.406,0.4053,83.5,60.1,-14.1,6831,39.1,6.59,out,0.02
187,1,0,0,SL,SL,1.0,0.057,0.5,-0.076,0.535,77.4,0,-0.115,0.612,called_strike,strike,,,,,,,,,,,,,,
187,2,0,1,CU,CU,1.0,0.19,0.546,0.514,0.66,71.9,0,0.502,0.734,ball,ball,,,,,,,,,,,,,,
187,3,1,1,CH,CH,1.0,0.057,0.524,0.14,0.607,77.3,0,0.116,0.551,called_strike,strike,,,,,,,,,,,,,,
187,4,1,2,SL,SL,1.02,0.057,0.466,-0.15,0.502,78.9,1,-0.151,0.501,in_play,,-0.0005,0.0256,-0.0224,-1.9324,0.4391,0.4399,92.3,42.3,-5.6,4668,105.3,7.0,out,0.292
188,1,0,0,FF,CH,1.0,-0.142,0.46,-0.086,0.528,77.4,1,-0.076,0.541,in_play,,-0.0059,-0.0229,-0.0354,-15.5862,0.4477,0.4484,91.6,-16.2,-23.1,3860,2.4,0.05,out,0.286
189,1,0,0,SL,FF,1.0,-0.066,0.619,-0.158,0.647,85.4,0,-0.167,0.67,called_strike,strike,,,,,,,,,,,,,,
189,2,0,1,CH,CH,1.0,0.19,0.527,0.331,0.432,77.4,0,0.353,0.468,ball,ball,,,,,,,,,,,,,,
189,3,1,1,CH,CH,1.0,0.057,0.512,-0.067,0.317,77.5,1,-0.041,0.351,foul,,-0.0115,-0.0638,-0.0233,-27.3214,0.4468,0.4486,56.6,-65.9,-117.8,10324,0.5,0.02,foul,0.0
189,4,1,2,FF,FF,1.02,0.19,0.995,0.263,1.085,86.8,1,0.287,1.062,foul,,-0.0061,-0.008,-0.0184,-35.4934,0.3964,0.3977,101.6,-4.6,-54.3,3897,9.9,0.22,foul,0.0
189,5,1,2,FF,FF,1.02,0.19,0.995,0.261,1.033,86.8,1,0.254,0.985,swinging_strike,,0.0072,0.0899,0.0192,-12.6753,0.3961,0.3977,,,,,,,,
190,1,0,0,CH,CH,1.0,0.19,0.549,-0.008,0.565,77.4,0,-0.007,0.545,called_strike,strike,,,,,,,,,,,,,,
190,2,0,1,CH,CH,1.0,0.177,0.482,0.15,0.445,77.4,0,0.154,0.468,ball,ball,,,,,,,,,,,,,,
190,3,1,1,SL,SL,1.0,-0.142,0.461,-0.144,0.392,77.5,0,-0.16,0.43,ball,ball,,,,,,,,,,,,,,
190,4,2,1,CU,CU,1.0,0.19,0.508,0.076,0.489,72.1,0,0.063,0.557,called_strike,strike,,,,,,,,,,,,,,
190,5,2,2,CH,CH,1.02,0.057,0.54,0.061,0.405,79.0,1,0.091,0.417,in_play,,-0.0044,0.0067,-0.0243,-22.908,0.4377,0.4399,97.5,18.6,-34.6,2257,89.1,2.94,out,0.72
191,1,0,0,CU,CU,1.0,0.19,0.46,0.368,0.241,72.2,0,0.372,0.309,ball,ball,,,,,,,,,,,,,,
191,2,1,0,CH,CH,1.0,0.057,0.537,-0.089,0.662,77.3,1,-0.1,0.642,in_play,,-0.0062,0.0119,0.0323,-14.7896,0.447,0.4484,94.9,22.6,-22.3,2308,106.3,4.03,double,0.699
192,1,0,0,CH,CH,1.0,0.19,0.45,0.461,0.521,77.4,0,0.49,0.52,ball,ball,,,,,,,,,,,,,,
192,2,1,0,CU,CU,1.0,0.057,0.468,-0.048,0.727,71.9,1,-0.043,0.795,swinging_strike,,-0.0047,-0.073,0.0315,-15.5833,0.4821,0.4836,,,,,,,,
192,3,1,1,CU,CU,1.0,0.057,0.464,0.056,0.609,72.0,0,0.037,0.63,called_strike,strike,,,,,,,,,,,,,,
192,4,1,2,SL,SL,1.02,0.057,0.525,0.505,0.431,78.9,0,0.433,0.441,ball,ball,,,,,,,,,,,,,,
192,5,2,2,CU,CU,1.02,0.19,0.549,0.184,0.746,73.3,0,0.145,0.822,called_strike,strike,,,,,,,,,,,,,,
193,1,0,0,CH,CH,1.0,0.057,0.52,-0.019,0.67,77.3,0,0.002,0.689,called_strike,strike,,,,,,,,,,,,,,
193,2,0,1,CU,CH,1.0,0.177,0.404,0.345,0.655,77.3,0,0.365,0.649,ball,ball,,,,,,,,,,,,,,
193,3,1,1,CU,CU,1.0,0.19,0.483,0.312,0.504,72.0,1,0.273,0.593,in_play,,0.0025,-0.0467,-0.0072,-20.6719,0.4819,0.4841,76.3,-44.7,-34.9,6798,1.1,0.02,out,0.133
194,1,0,0,CU,CU,1.0,0.19,0.476,0.409,0.769,71.9,0,0.395,0.834,ball,ball,,,,,,,,,,,,,,
194,2,1,0,CH,CH,1.0,0.057,0.502,-0.091,0.63,77.3,1,-0.087,0.669,in_play,,0.0033,0.0259,-0.0342,0.8747,0.4486,0.4484,90.2,39.9,3.4,4373,108.0,6.84,out,0.314
195,1,0,0,FF,FF,1.0,0.19,0.85,0.126,0.699,85.3,0,0.136,0.678,called_strike,strike,,,,,,,,,,,,,,
195,2,0,1,FF,FF,1.0,0.19,0.85,0.26,0.762,85.3,1,0.275,0.748,foul,,-0.0135,-0.0303,-0.0233,-48.1812,0.4053,0.4057,97.0,-23.3,-77.5,6761,1.8,0.05,foul,0.0
195,3,0,2,FF,SL,1.02,-0.059,0.76,-0.13,0.937,78.7,1,-0.173,0.927,in_play,,-0.0025,0.0168,0.043,-4.0632,0.4402,0.4398,92.3,27.0,-8.2,3273,115.9,5.07,out,0.382
196,1,0,0,CU,FF,1.0,-0.09,0.727,-0.239,0.854,85.3,1,-0.203,0.806,foul,,0.0023,0.0634,-0.0188,5.9485,0.4034,0.4052,60.2,62.5,172.3,8835,39.5,2.89,foul,0.0
196,2,0,1,FF,FF,1.0,-0.19,0.85,-0.186,0.884,85.2,1,-0.199,0.875,in_play,,-0.0102,-0.0127,-0.0181,-15.8042,0.402,0.4052,98.0,-8.5,-24.2,2891,5.8,0.12,out,0.35
197,1,0,0,CU,CU,1.0,0.057,0.529,0.194,0.516,72.0,0,0.193,0.572,called_strike,strike,,,,,,,,,,,,,,
197,2,0,1,CU,CU,1.0,0.057,0.485,0.15,0.463,72.1,1,0.153,0.532,in_play,,0.0048,0.0144,0.018,-10.847,0.4822,0.4838,95.5,28.8,-16.3,3250,121.3,5.45,double,0.439
198,1,0,0,CU,CU,1.0,0.057,0.458,0.13,0.493,72.1,0,0.13,0.57,called_strike,strike,,,,,,,,,,,,,,
198,2,0,1,CH,CH,1.0,0.057,0.507,0.139,0.863,77.2,1,0.151,0.865,foul,,0.0036,0.0544,0.0007,-12.7648,0.4475,0.4486,69.6,77.9,-60.3,8737,28.3,4.68,foul,0.0
198,3,0,2,SL,SL,1.02,0.19,0.473,0.339,0.433,78.9,0,0.319,0.44,ball,ball,,,,,,,,,,,,,,
198,4,1,2,CH,CH,1.02,0.19,0.519,0.166,0.947,78.7,1,0.186,0.951,in_play,,0.0007,0.0304,-0.016,-19.764,0.4377,0.4398,90.6,40.8,-33.3,5015,103.8,6.33,out,0.316
199,1,0,0,CH,CH,1.0,0.057,0.457,-0.019,0.324,77.5,0,0.005,0.339,ball,ball,,,,,,,,,,,,,,
199,2,1,0,SL,SL,1.0,0.057,0.518,0.15,0.263,77.5,0,0.124,0.284,ball,ball,,,,,,,,,,,,,,
199,3,2,0,FF,FF,1.0,0.19,0.85,0.272,0.706,85.3,0,0.228,0.689,ball,ball,,,,,,,,,,,,,,
199,4,3,0,CU,CU,0.99,0.19,0.513,0.34,0.302,71.5,0,0.336,0.364,ball,ball,,,,,,,,,,,,,,
200,1,0,0,CH,CH,1.0,0.19,0.452,0.352,0.513,77.4,0,0.354,0.5,ball,ball,,,,,,,,,,,,,,
200,2,1,0,CU,CU,1.0,0.057,0.494,0.112,0.497,72.0,1,0.114,0.51,swinging_strike,,0.0091,0.0706,0.0026,-1.0813,0.4811,0.4838,,,,,,,,
200,3,1,1,CU,CU,1.0,0.19,0.518,0.076,0.695,71.9,1,0.066,0.748,in_play,,-0.0,-0.005,0.0016,-13.9076,0.4823,0.4837,97.2,4.9,-19.9,1657,32.3,0.81,single,0.546
201,1,0,0,CU,CU,1.0,0.19,0.498,0.535,0.555,72.0,0,0.56,0.638,ball,ball,,,,,,,,,,,,,,
201,2,1,0,FF,FF,1.0,-0.19,0.85,-0.485,0.938,85.2,0,-0.466,0.928,ball,ball,,,,,,,,,,,,,,
201,3,2,0,CU,CU,1.0,0.057,0.467,0.289,0.3,72.2,0,0.289,0.357,ball,ball,,,,,,,,,,,,,,
201,4,3,0,FF,FF,0.99,-0.19,0.85,-0.261,0.983,84.4,0,-0.235,0.911,called_strike,strike,,,,,,,,,,,,,,
201,5,3,1,FF,FF,0.99,0.0,0.85,-0.081,0.805,84.4,0,-0.072,0.757,called_strike,strike,,,,,,,,,,,,,,
201,6,3,2,SL,SL,1.01,0.19,0.529,0.036,0.406,78.2,1,-0.025,0.477,foul,,-0.0028,-0.0697,0.06,-13.3306,0.4417,0.4445,67.6,-25.6,177.5,3904,0.3,0.03,foul,0.0
201,7,3,2,SL,SL,1.01,0.057,0.539,-0.001,0.493,78.2,1,-0.032,0.512,in_play,,0.0085,0.0506,0.0463,6.5667,0.4432,0.4444,72.5,80.4,26.2,8450,19.0,4.96,out,0.02
202,1,0,0,SL,SL,1.0,0.19,0.531,-0.006,0.787,77.2,0,-0.011,0.811,called_strike,strike,,,,,,,,,,,,,,
202,2,0,1,CU,CU,1.0,0.19,0.467,-0.03,0.48,72.1,1,-0.048,0.545,in_play,,0.0021,-0.0013,0.0156,-3.6184,0.4824,0.4836,96.7,11.4,-4.4,1025,68.6,2.01,single,0.714
203,1,0,0,CU,CU,1.0,0.057,0.458,-0.131,0.909,71.8,0,-0.118,0.923,called_strike,strike,,,,,,,,,,,,,,
203,2,0,1,FF,FF,1.0,-0.19,0.85,-0.353,0.799,85.3,0,-0.322,0.771,ball,ball,,,,,,,,,,,,,,
203,3,1,1,SL,SL,1.0,0.057,0.45,0.075,0.617,77.3,1,0.057,0.617,in_play,,-0.0034,0.0101,0.03,-19.3068,0.4482,0.4488,96.8,20.6,-31.8,3159,93.7,3.23,double,0.714
204,1,0,0,CH,CH,1.0,0.057,0.511,0.066,0.377,77.5,0,0.083,0.354,ball,ball,,,,,,,,,,,,,,
204,2,1,0,SL,SL,1.0,0.057,0.534,0.015,0.596,77.3,1,-0.026,0.59,in_play,,-0.0011,0.0116,-0.018,-10.386,0.4481,0.4488,96.8,23.5,-17.7,2892,109.0,4.13,double,0.715
205,1,0,0,CU,CU,1.0,0.057,0.532,0.139,0.52,72.0,1,0.148,0.572,in_play,,0.0048,-0.011,-0.0024,-10.6003,0.4837,0.4838,96.1,0.2,-14.6,1682,12.8,0.3,single,0.534
206,1,0,0,CU,CU,1.0,0.057,0.549,0.016,0.462,72.1,1,0.004,0.526,in_play,,0.0075,0.0278,0.0028,2.7385,0.4832,0.4837,91.8,45.2,6.4,5160,94.0,7.32,out,0.02
207,1,0,0,SL,SL,1.0,0.19,0.538,0.027,0.663,77.3,0,0.015,0.667,called_strike,strike,,,,,,,,,,,,,,
207,2,0,1,FF,FF,1.0,-0.19,0.85,-0.431,0.704,85.3,0,-0.419,0.676,ball,ball,,,,,,,,,,,,,,
207,3,1,1,CH,CH,1.0,0.19,0.54,0.021,0.888,77.2,0,0.059,0.929,called_strike,strike,,,,,,,,,,,,,,
207,4,1,2,CH,CH,1.02,0.177,0.336,0.4,0.303,79.0,0,0.406,0.299,ball,ball,,,,,,,,,,,,,,
207,5,2,2,CU,SL,1.02,-0.086,0.772,-0.084,0.79,78.8,1,-0.157,0.781,in_play,,-0.0058,0.0158,0.0195,-10.6855,0.4373,0.4398,96.1,26.6,-18.9,3368,115.8,4.8,out,0.396
208,1,0,0,CU,CU,1.0,0.057,0.47,-0.064,0.355,72.1,0,-0.076,0.41,ball,ball,,,,,,,,,,,,,,
208,2,1,0,CU,CU,1.0,0.057,0.46,0.254,0.256,72.2,0,0.222,0.322,ball,ball,,,,,,,,,,,,,,
208,3,2,0,SL,SL,1.0,0.19,0.528,0.02,0.513,77.4,0,-0.023,0.538,called_strike,strike,,,,,,,,,,,,,,
208,4,2,1,FF,FF,1.0,0.19,0.85,0.115,0.85,85.3,0,0.098,0.807,called_strike,strike,,,,,,,,,,,,,,
208,5,2,2,SL,SL,1.02,0.057,0.467,-0.217,0.456,78.9,1,-0.279,0.454,in_play,,-0.0032,0.0189,0.081,-0.447,0.4378,0.4399,82.8,36.0,-2.7,3644,102.1,5.64,out,0.264
209,1,0,0,SL,SL,1.0,0.057,0.518,0.041,0.13,77.6,0,0.016,0.182,ball,ball,,,,,,,,,,,,,,
209,2,1,0,FF,FF,1.0,-0.19,0.85,-0.339,0.854,85.3,1,-0.297,0.859,in_play,,-0.0028,0.0318,-0.0129,0.237,0.4052,0.4052,90.3,46.0,1.7,5156,91.2,7.27,out,0.02
210,1,0,0,CH,CH,1.0,0.057,0.491,0.011,0.598,77.3,1,0.043,0.594,foul,,0.0047,0.0627,-0.0099,-4.4632,0.449,0.4485,56.1,70.1,-171.8,10159,32.9,2.94,foul,0.0
210,2,0,1,CU,SL,1.0,0.177,0.412,0.364,0.574,77.3,0,0.329,0.59,ball,ball,,,,,,,,,,,,,,
210,3,1,1,CU,CU,1.0,0.057,0.478,-0.08,0.518,72.0,1,-0.088,0.56,in_play,,0.0034,0.0023,0.0144,1.116,0.4823,0.4836,96.9,15.4,2.9,1341,93.0,3.06,double,0.715
211,1,0,0,SL,SL,1.0,0.19,0.47,0.293,0.175,77.6,0,0.259,0.145,ball,ball,,,,,,,,,,,,,,
211,2,1,0,SL,SL,1.0,0.19,0.457,0.074,0.266,77.5,0,0.067,0.265,ball,ball,,,,,,,,,,,,,,
211,3,2,0,SL,SL,1.0,0.19,0.488,0.235,0.494,77.4,1,0.195,0.514,foul,,-0.0098,-0.0562,0.0375,-38.3814,0.4466,0.4491,69.9,-55.4,-89.7,9451,0.6,0.02,foul,0.0
211,4,2,1,FF,FF,1.0,-0.19,0.85,-0.181,0.882,85.2,1,-0.178,0.868,foul,,0.0016,0.0593,-0.0061,3.2156,0.4017,0.4052,64.0,81.8,157.5,9744,32.8,3.73,foul,0.0
211,5,2,2,CH,CH,1.02,0.19,0.491,0.041,0.816,78.7,1,0.075,0.836,in_play,,-0.0007,0.0071,-0.0512,-15.7098,0.4374,0.4397,92.6,15.3,-23.4,1694,78.7,2.57,out,0.68
212,1,0,0,CH,CH,1.0,0.057,0.498,0.238,0.468,77.4,0,0.266,0.46,called_strike,strike,,,,,,,,,,,,,,
212,2,0,1,SL,SL,1.0,0.19,0.456,0.23,0.29,77.5,0,0.148,0.297,ball,ball,,,,,,,,,,,,,,
212,3,1,1,FF,FF,1.0,-0.19,0.85,-0.273,0.806,85.3,1,-0.235,0.775,in_play,,-0.0061,0.0472,-0.0495,-6.5409,0.4038,0.4052,75.6,71.3,-20.2,7634,16.6,5.63,out,0.02
213,1,0,0,CH,CH,1.0,0.19,0.49,0.205,0.202,77.5,0,0.215,0.221,ball,ball,,,,,,,,,,,,,,
213,2,1,0,SL,SL,1.0,0.057,0.49,0.367,0.537,77.4,1,0.296,0.564,foul,,0.0096,0.0565,0.0392,-8.4351,0.4481,0.4492,66.4,81.4,-114.3,9302,32.5,4.01,foul,0.0
213,3,1,1,CU,CU,1.0,0.057,0.516,0.242,0.608,72.0,0,0.212,0.682,called_strike,strike,,,,,,,,,,,,,,
213,4,1,2,CH,CH,1.02,0.057,0.517,-0.15,0.509,78.9,0,-0.094,0.488,called_strike,strike,,,,,,,,,,,,,,
214,1,0,0,FF,FF,1.0,-0.19,0.85,-0.222,0.775,85.3,1,-0.203,0.785,foul,,0.0049,0.0538,-0.0255,10.5646,0.4029,0.4052,71.6,78.8,66.8,8858,28.0,4.66,foul,0.0
214,2,0,1,SL,SL,1.0,0.19,0.475,0.325,0.679,77.3,1,0.276,0.686,swinging_strike,,0.0141,0.099,0.0975,-0.6855,0.4494,0.4491,,,,,,,,
214,3,0,2,SL,SL,1.02,0.057,0.472,0.357,0.297,79.0,0,0.334,0.348,ball,ball,,,,,,,,,,,,,,
214,4,1,2,CH,CH,1.02,0.057,0.464,-0.07,0.737,78.8,1,-0.072,0.789,in_play,,0.0142,0.0169,-0.0179,18.6508,0.4377,0.4396,96.8,26.7,32.6,3766,118.6,5.17,HR,0.0
215,1,0,0,CU,CH,1.0,-0.01,0.8,-0.012,0.61,77.3,0,0.006,0.622,called_strike,strike,,,,,,,,,,,,,,
215,2,0,1,CH,SL,1.0,-0.142,0.513,-0.341,0.458,77.4,0,-0.348,0.454,ball,ball,,,,,,,,,,,,,,
215,3,1,1,CU,CU,1.0,-0.142,0.544,-0.125,0.527,72.0,0,-0.116,0.578,called_strike,strike,,,,,,,,,,,,,,
215,4,1,2,CH,SL,1.02,-0.041,0.696,-0.123,0.786,78.8,1,-0.157,0.821,in_play,,0.0038,0.0157,0.0509,5.8803,0.4373,0.4398,90.9,27.2,8.8,3126,116.8,5.28,out,0.39
216,1,0,0,CU,CU,1.0,0.19,0.485,0.31,0.185,72.2,0,0.324,0.238,ball,ball,,,,,,,,,,,,,,
216,2,1,0,FF,FF,1.0,0.0,0.85,-0.004,0.806,85.3,1,0.027,0.769,foul,,0.0042,0.0673,-0.0361,-4.4226,0.4047,0.4054,66.2,32.4,-180.0,4711,44.5,2.02,foul,0.0
216,3,1,1,SL,SL,1.0,0.19,0.539,0.112,0.538,77.4,0,0.052,0.549,called_strike,strike,,,,,,,,,,,,,,
216,4,1,2,SL,SL,1.02,0.057,0.497,0.196,0.446,78.9,0,0.203,0.401,ball,ball,,,,,,,,,,,,,,
216,5,2,2,CH,CH,1.02,0.057,0.531,0.199,0.318,79.0,0,0.229,0.338,ball,ball,,,,,,,,,,,,,,
216,6,3,2,SL,FF,1.01,0.055,0.89,0.153,0.84,86.1,1,0.173,0.806,foul,,-0.0068,0.0394,-0.0373,-32.0218,0.4017,0.4015,86.0,50.4,-63.9,6523,77.1,5.56,foul,0.0
216,7,3,2,SL,SL,1.01,0.057,0.459,-0.165,0.803,78.0,1,-0.191,0.78,swinging_strike,,0.0183,0.1472,0.0388,32.6785,0.4435,0.4441,,,,,,,,
217,1,0,0,CU,CU,1.0,0.057,0.523,0.366,0.602,72.0,0,0.331,0.662,ball,ball,,,,,,,,,,,,,,
217,2,1,0,CU,CU,1.0,0.057,0.48,0.204,0.449,72.1,0,0.175,0.504,ball,ball,,,,,,,,,,,,,,
217,3,2,0,CU,FF,1.0,0.061,0.661,-0.005,0.851,85.3,1,-0.005,0.861,foul,,-0.0148,-0.0341,-0.023,-35.0858,0.4026,0.4054,93.1,-31.6,-60.0,6812,1.8,0.04,foul,0.0
217,4,2,1,CH,CH,1.0,0.19,0.522,0.128,0.691,77.3,1,0.131,0.671,foul,,-0.0022,0.0435,0.0326,-21.5292,0.4457,0.4486,80.4,59.9,-48.3,7010,54.5,5.79,foul,0.0
217,5,2,2,FF,FF,1.02,-0.19,0.995,-0.159,0.832,87.0,1,-0.12,0.799,swinging_strike,,0.0002,0.0753,-0.0792,-2.5817,0.3988,0.3973,,,,,,,,
218,1,0,0,CU,CU,1.0,0.057,0.529,0.101,0.5,72.0,0,0.084,0.532,called_strike,strike,,,,,,,,,,,,,,
218,2,0,1,FF,FF,1.0,-0.19,0.85,-0.225,0.863,85.3,1,-0.248,0.814,foul,,-0.0011,0.0639,0.0368,2.8125,0.4029,0.4052,60.1,59.0,176.7,8326,40.4,2.78,foul,0.0
218,3,0,2,CH,CH,1.02,0.057,0.509,-0.117,0.337,79.0,0,-0.121,0.368,ball,ball,,,,,,,,,,,,,,
218,4,1,2,CU,CU,1.02,0.057,0.491,-0.128,1.002,73.2,1,-0.095,1.043,in_play,,0.004,0.0114,-0.0533,2.4805,0.4724,0.474,90.8,20.9,5.1,2469,108.9,4.34,double,0.667
219,1,0,0,CH,FF,1.0,0.177,0.96,0.265,1.117,85.1,1,0.258,1.095,foul,,-0.0124,0.0028,0.0107,-46.312,0.4014,0.4056,103.6,5.9,-69.6,4359,45.8,1.16,foul,0.0
219,2,0,1,CH,SL,1.0,-0.056,0.772,-0.011,0.903,77.2,0,-0.05,0.888,called_strike,strike,,,,,,,,,,,,,,
219,3,0,2,CH,CH,1.02,0.19,0.507,0.084,0.455,78.9,1,0.089,0.455,in_play,,0.0034,0.0437,0.0465,-9.4932,0.4389,0.4399,78.3,67.3,-23.8,7246,27.0,5.92,out,0.02
220,1,0,0,CU,SL,1.0,0.177,0.52,0.357,0.053,77.6,0,0.355,0.094,ball,ball,,,,,,,,,,,,,,
220,2,1,0,CH,CH,1.0,0.057,0.47,0.191,0.72,77.3,1,0.218,0.702,swinging_strike,,0.0097,0.0833,0.0026,-6.2899,0.447,0.4487,,,,,,,,
220,3,1,1,CH,CH,1.0,0.19,0.453,0.109,0.633,77.3,0,0.114,0.638,called_strike,strike,,,,,,,,,,,,,,
220,4,1,2,CH,CH,1.02,0.057,0.457,0.276,0.496,78.9,0,0.319,0.484,ball,ball,,,,,,,,,,,,,,
220,5,2,2,SL,SL,1.02,0.057,0.507,0.315,0.247,79.0,0,0.279,0.269,ball,ball,,,,,,,,,,,,,,
220,6,3,2,CU,CU,1.01,0.057,0.533,-0.142,0.349,72.8,1,-0.123,0.405,in_play,,0.0126,0.0347,0.0089,18.9417,0.4773,0.4788,89.3,52.9,39.5,6411,69.7,6.46,out,0.02
221,1,0,0,SL,SL,1.0,0.19,0.54,0.358,0.545,77.4,0,0.327,0.55,ball,ball,,,,,,,,,,,,,,
221,2,1,0,CU,SL,1.0,0.177,0.392,0.258,0.574,77.3,1,0.238,0.601,in_play,,0.0068,0.0308,-0.003,-12.4404,0.449,0.4491,91.1,46.1,-24.7,5408,92.8,6.69,out,0.02
222,1,0,0,SL,CU,1.0,0.012,0.772,-0.171,0.595,72.0,0,-0.196,0.676,called_strike,strike,,,,,,,,,,,,,,
222,2,0,1,CH,CH,1.0,0.057,0.518,-0.124,0.766,77.2,0,-0.101,0.773,called_strike,strike,,,,,,,,,,,,,,
222,3,0,2,CU,CU,1.02,0.057,0.502,0.249,0.299,73.6,0,0.233,0.362,ball,ball,,,,,,,,,,,,,,
222,4,1,2,SL,CH,1.02,-0.142,0.461,-0.385,0.108,79.1,0,-0.354,0.166,ball,ball,,,,,,,,,,,,,,
222,5,2,2,CU,CU,1.02,0.057,0.456,0.02,0.316,73.6,0,0.024,0.371,ball,ball,,,,,,,,,,,,,,
222,6,3,2,SL,SL,1.01,0.057,0.519,-0.058,0.455,78.2,1,-0.113,0.481,foul,,-0.0109,-0.0676,0.0127,-21.955,0.4429,0.4443,57.5,-52.3,-170.0,7777,0.2,0.02,foul,0.0
222,7,3,2,SL,SL,1.01,0.19,0.462,0.105,0.418,78.2,1,0.066,0.405,foul,,-0.0148,-0.0245,0.0023,-39.3659,0.4453,0.4445,97.7,-15.5,-61.4,5818,1.9,0.04,foul,0.0
222,8,3,2,FF,FF,1.01,-0.19,0.995,-0.134,1.127,86.0,1,-0.096,1.097,foul,,0.0035,0.067,-0.0499,1.7321,0.401,0.4012,64.3,38.1,178.6,5459,45.1,2.23,foul,0.0
222,9,3,2,SL,SL,1.01,0.057,0.508,-0.129,0.36,78.2,0,-0.144,0.347,ball,ball,,,,,,,,,,,,,,
223,1,0,0,CU,CU,1.0,0.057,0.517,0.213,0.623,72.0,1,0.193,0.715,swinging_strike,,-0.0073,-0.0839,0.0146,-34.0087,0.4814,0.4839,,,,,,,,
223,2,0,1,FF,CH,1.0,0.177,0.325,0.084,0.406,77.4,0,0.125,0.406,ball,ball,,,,,,,,,,,,,,
223,3,1,1,FF,FF,1.0,0.19,0.85,0.224,0.719,85.3,0,0.257,0.669,called_strike,strike,,,,,,,,,,,,,,
223,4,1,2,CH,CH,1.02,0.057,0.496,0.266,0.776,78.8,1,0.283,0.776,foul,,-0.0069,-0.0274,-0.0499,-36.8689,0.4402,0.44,90.6,-22.3,-57.9,5285,2.1,0.05,foul,0.0
223,5,1,2,SL,SL,1.02,0.19,0.462,0.433,0.575,78.9,0,0.413,0.583,ball,ball,,,,,,,,,,,,,,
223,6,2,2,CU,CU,1.02,0.19,0.531,0.379,0.521,73.4,0,0.361,0.555,ball,ball,,,,,,,,,,,,,,
223,7,3,2,CH,CH,1.01,0.19,0.465,0.037,0.58,78.1,1,0.049,0.634,in_play,,-0.005,-0.0243,-0.0297,-21.4568,0.4446,0.4441,92.5,-18.6,-32.5,4289,2.3,0.05,out,0.295
224,1,0,0,CH,CH,1.0,0.057,0.511,0.142,0.491,77.4,1,0.163,0.505,foul,,0.0071,0.0567,-0.0637,-7.457,0.4479,0.4487,62.3,83.0,-134.2,9090,29.9,3.89,foul,0.0
224,2,0,1,SL,CU,1.0,-0.009,0.772,-0.231,0.615,72.0,0,-0.241,0.681,called_strike,strike,,,,,,,,,,,,,,
224,3,0,2,FF,FF,1.02,-0.19,0.995,-0.168,1.096,86.8,0,-0.11,1.087,ball,ball,,,,,,,,,,,,,,
224,4,1,2,SL,SL,1.02,0.19,0.533,0.203,0.408,79.0,1,0.202,0.399,foul,,-0.0092,-0.0271,-0.0476,-37.7999,0.4395,0.4403,92.6,-18.9,-60.6,5990,1.5,0.03,foul,0.0
224,5,1,2,CU,CU,1.02,0.057,0.479,0.236,0.554,73.4,1,0.216,0.609,swinging_strike,,-0.0089,-0.0762,0.0063,-38.1356,0.4731,0.4744,,,,,,,,
225,1,0,0,CH,CH,1.0,0.057,0.549,0.028,0.62,77.3,1,0.034,0.636,foul,,0.0113,0.0543,-0.0241,7.3851,0.4474,0.4485,69.2,81.8,60.9,8889,24.8,4.56,foul,0.0
225,2,0,1,CU,CU,1.0,0.19,0.464,-0.003,0.331,72.1,0,-0.021,0.389,ball,ball,,,,,,,,,,,,,,
225,3,1,1,CU,CU,1.0,0.177,0.507,0.504,0.249,72.2,0,0.493,0.332,ball,ball,,,,,,,,,,,,,,
225,4,2,1,FF,FF,1.0,-0.19,0.85,0.066,1.004,85.2,1,0.119,0.977,swinging_strike,,0.021,0.1178,-0.0766,19.0524,0.4055,0.4054,,,,,,,,
225,5,2,2,SL,SL,1.02,0.057,0.515,0.087,0.292,79.0,0,0.052,0.28,ball,ball,,,,,,,,,,,,,,
225,6,3,2,CU,FF,1.01,0.045,0.836,0.23,0.939,86.1,1,0.259,0.934,in_play,,0.0142,0.0538,-0.0259,-0.6191,0.3996,0.4016,71.3,83.0,11.9,8838,20.9,4.78,out,0.02
226,1,0,0,CH,CH,1.0,-0.009,0.616,0.075,0.503,77.4,1,0.128,0.525,foul,,-0.0078,-0.0345,-0.0516,-30.9382,0.4469,0.4486,85.5,-29.2,-50.6,5922,1.3,0.03,foul,0.0
226,2,0,1,FF,CH,1.0,-0.142,0.473,-0.132,0.533,77.4,0,-0.111,0.562,called_strike,strike,,,,,,,,,,,,,,
226,3,0,2,SL,SL,1.02,0.057,0.491,0.294,0.65,78.8,1,0.32,0.677,foul,,-0.0034,0.0037,-0.0073,-30.8547,0.4384,0.4403,101.1,11.6,-48.2,3668,58.7,1.61,foul,0.0
226,4,0,2,CU,CU,1.02,0.057,0.542,0.367,0.902,73.2,1,0.326,0.942,in_play,,-0.0008,-0.0251,0.0776,-26.3494,0.4747,0.4746,82.4,-20.3,-40.9,4109,2.7,0.07,out,0.194
227,1,0,0,SL,SL,1.0,0.19,0.467,-0.102,0.622,77.3,0,-0.13,0.65,called_strike,strike,,,,,,,,,,,,,,
227,2,0,1,CU,CU,1.0,0.19,0.516,0.116,0.363,72.1,0,0.122,0.397,ball,ball,,,,,,,,,,,,,,
227,3,1,1,CH,CH,1.0,0.177,0.45,0.032,0.275,77.5,0,0.028,0.269,ball,ball,,,,,,,,,,,,,,
227,4,2,1,CU,FF,1.0,-0.142,0.993,-0.234,0.987,85.2,1,-0.235,0.972,in_play,,0.0002,0.0463,-0.0014,4.2125,0.4031,0.4052,80.1,66.7,14.2,7572,14.6,6.09,out,0.02
228,1,0,0,CH,CH,1.0,0.057,0.5,0.297,0.737,77.3,0,0.309,0.707,ball,ball,,,,,,,,,,,,,,
228,2,1,0,CU,CU,1.0,0.19,0.508,0.453,0.513,72.0,0,0.435,0.586,ball,ball,,,,,,,,,,,,,,
228,3,2,0,FF,FF,1.0,0.19,0.85,-0.032,0.808,85.3,0,-0.005,0.794,called_strike,strike,,,,,,,,,,,,,,
228,4,2,1,CH,CH,1.0,0.19,0.514,0.237,0.371,77.5,0,0.272,0.392,ball,ball,,,,,,,,,,,,,,
228,5,3,1,FF,FF,0.99,0.19,0.85,0.111,0.932,84.4,0,0.111,0.9,called_strike,strike,,,,,,,,,,,,,,
228,6,3,2,CH,CH,1.01,0.057,0.488,0.3,0.307,78.2,0,0.322,0.301,ball,ball,,,,,,,,,,,,,,
229,1,0,0,CU,CU,1.0,0.19,0.45,0.283,0.812,71.9,0,0.271,0.885,ball,ball,,,,,,,,,,,,,,
229,2,1,0,FF,FF,1.0,0.0,0.85,-0.135,0.976,85.2,0,-0.147,0.996,called_strike,strike,,,,,,,,,,,,,,
229,3,1,1,SL,SL,1.0,0.19,0.533,0.225,0.446,77.4,0,0.2,0.464,ball,ball,,,,,,,,,,,,,,
229,4,2,1,FF,FF,1.0,0.19,0.85,0.153,0.676,85.3,0,0.126,0.642,called_strike,strike,,,,,,,,,,,,,,
229,5,2,2,SL,SL,1.02,0.034,0.723,-0.197,0.594,78.9,1,-0.225,0.595,in_play,,0.0034,0.0215,-0.0172,9.2414,0.4393,0.4398,94.2,36.3,14.4,4078,118.8,6.79,out,0.414
230,1,0,0,FF,CU,1.0,0.09,0.772,0.169,0.669,71.9,0,0.171,0.759,called_strike,strike,,,,,,,,,,,,,,
230,2,0,1,FF,CU,1.0,-0.095,0.76,-0.119,0.536,72.0,1,-0.109,0.612,in_play,,0.0111,0.022,-0.0081,15.4867,0.4811,0.4835,94.6,36.1,27.3,4403,115.1,6.39,out,0.409
231,1,0,0,CH,CH,1.0,0.19,0.465,0.129,0.334,77.5,0,0.14,0.327,ball,ball,,,,,,,,,,,,,,
231,2,1,0,FF,FF,1.0,0.0,0.85,-0.115,0.863,85.3,1,-0.1,0.823,in_play,,0.0001,0.0345,0.0035,-3.8637,0.4013,0.4053,89.0,50.1,-5.8,5615,76.5,7.23,out,0.02
232,1,0,0,CH,CH,1.0,0.057,0.505,-0.26,0.55,77.4,0,-0.273,0.547,ball,ball,,,,,,,,,,,,,,
232,2,1,0,FF,FF,1.0,0.0,0.85,-0.26,0.72,85.3,1,-0.278,0.714,in_play,,-0.0082,-0.0213,0.0501,-9.0464,0.4048,0.4052,90.8,-18.0,-13.9,3954,2.8,0.06,out,0.278
233,1,0,0,FF,FF,1.0,0.19,0.85,0.357,0.805,85.3,0,0.359,0.757,ball,ball,,,,,,,,,,,,,,
233,2,1,0,CU,CU,1.0,0.057,0.547,0.402,0.678,71.9,0,0.379,0.735,ball,ball,,,,,,,,,,,,,,
233,3,2,0,FF,FF,1.0,-0.19,0.85,-0.364,0.715,85.3,0,-0.379,0.682,ball,ball,,,,,,,,,,,,,,
233,4,3,0,FF,FF,0.99,0.064,0.619,0.172,0.574,84.5,0,0.263,0.557,called_strike,strike,,,,,,,,,,,,,,
233,5,3,1,CU,CU,0.99,0.19,0.492,0.196,0.445,71.4,0,0.199,0.507,called_strike,strike,,,,,,,,,,,,,,
233,6,3,2,FF,FF,1.01,0.19,0.995,0.235,1.133,86.0,0,0.224,1.16,ball,ball,,,,,,,,,,,,,,
234,1,0,0,CU,CU,1.0,0.19,0.478,0.186,0.503,72.0,0,0.15,0.572,called_strike,strike,,,,,,,,,,,,,,
234,2,0,1,SL,SL,1.0,0.035,0.613,0.068,0.654,77.3,1,0.046,0.644,foul,,0.0083,0.0658,-0.005,1.4837,0.4484,0.4488,56.1,49.4,-179.9,8830,35.7,2.21,foul,0.0
234,3,0,2,FF,FF,1.02,-0.142,0.987,-0.239,1.018,86.9,1,-0.27,0.99,in_play,,0.0039,0.0418,-0.0009,11.7878,0.3953,0.3972,85.0,58.2,29.6,7017,45.0,6.49,out,0.02
235,1,0,0,SL,SL,1.0,0.057,0.456,0.083,0.177,77.6,0,0.025,0.205,ball,ball,,,,,,,,,,,,,,
235,2,1,0,SL,SL,1.0,0.19,0.515,-0.073,0.382,77.5,0,-0.102,0.428,ball,ball,,,,,,,,,,,,,,
235,3,2,0,FF,FF,1.0,-0.19,0.85,-0.14,0.524,85.4,0,-0.118,0.539,called_strike,strike,,,,,,,,,,,,,,
235,4,2,1,FF,FF,1.0,0.0,0.85,0.255,0.903,85.2,1,0.267,0.856,foul,,-0.0003,0.0331,0.0175,-25.5082,0.4052,0.4056,90.6,44.4,-45.7,5500,93.8,6.22,foul,0.0
235,5,2,2,SL,FF,1.02,-0.142,0.953,-0.166,0.811,87.0,1,-0.186,0.796,in_play,,0.0057,0.0465,0.0225,10.7559,0.3931,0.3973,80.2,67.8,35.4,7810,24.7,5.79,out,0.02
236,1,0,0,CU,CU,1.0,0.057,0.541,-0.002,0.263,72.2,0,-0.009,0.293,ball,ball,,,,,,,,,,,,,,
236,2,1,0,FF,FF,1.0,0.19,0.85,0.07,1.099,85.1,1,0.071,1.075,swinging_strike,,0.0079,0.0706,0.0092,-0.671,0.4025,0.4054,,,,,,,,
236,3,1,1,CU,FF,1.0,0.071,0.883,-0.034,1.076,85.1,1,0.022,1.066,foul,,0.0169,0.0613,-0.0392,17.7519,0.405,0.4053,60.6,69.0,137.6,9893,36.9,3.27,foul,0.0
236,4,1,2,SL,SL,1.02,0.19,0.5,0.337,0.36,79.0,0,0.31,0.409,ball,ball,,,,,,,,,,,,,,
236,5,2,2,SL,SL,1.02,0.057,0.496,-0.124,0.648,78.8,1,-0.102,0.72,foul,,-0.0028,-0.0678,-0.0314,-8.8022,0.4391,0.4398,58.6,-49.4,178.6,7122,0.1,0.03,foul,0.0
236,6,2,2,CU,CU,1.02,0.19,0.519,0.323,0.531,73.4,0,0.317,0.607,ball,ball,,,,,,,,,,,,,,
236,7,3,2,SL,SL,1.01,0.19,0.541,0.175,0.508,78.1,1,0.13,0.47,foul,,0.0009,0.0656,0.0961,-16.1301,0.4441,0.4445,57.1,40.1,-173.0,7727,35.2,1.92,foul,0.0
236,8,3,2,CU,CU,1.01,0.19,0.467,0.67,0.785,72.6,0,0.671,0.816,ball,ball,,,,,,,,,,,,,,
237,1,0,0,SL,SL,1.0,0.19,0.47,0.424,0.323,77.5,0,0.39,0.364,ball,ball,,,,,,,,,,,,,,
237,2,1,0,SL,SL,1.0,0.19,0.508,0.223,0.607,77.3,1,0.196,0.637,foul,,-0.0056,-0.0245,-0.0212,-31.2172,0.4475,0.449,95.2,-18.3,-49.1,5427,2.1,0.05,foul,0.0
237,3,1,1,CU,CU,1.0,0.057,0.47,0.24,0.465,72.1,1,0.214,0.521,in_play,,0.0069,0.0401,0.0191,-10.8564,0.4841,0.484,84.1,61.2,-23.2,7081,40.5,6.41,out,0.02
238,1,0,0,SL,SL,1.0,0.19,0.545,-0.082,0.464,77.4,1,-0.117,0.48,in_play,,-0.0059,-0.0054,0.0349,-13.0992,0.4474,0.4487,95.8,5.2,-21.1,2596,28.4,0.71,single,0.53
239,1,0,0,FF,FF,1.0,0.19,0.85,0.22,0.833,85.3,1,0.216,0.816,in_play,,0.003,0.037,0.0163,-17.7085,0.4028,0.4056,87.5,51.9,-33.7,6024,72.7,6.62,out,0.02
240,1,0,0,CH,CH,1.0,0.19,0.473,0.161,0.363,77.5,0,0.196,0.358,ball,ball,,,,,,,,,,,,,,
240,2,1,0,CH,CH,1.0,0.19,0.49,0.277,0.718,77.3,0,0.281,0.696,ball,ball,,,,,,,,,,,,,,
240,3,2,0,FF,FF,1.0,0.19,0.85,0.133,1.049,85.2,0,0.158,1.017,called_strike,strike,,,,,,,,,,,,,,
240,4,2,1,CU,CU,1.0,0.19,0.495,0.294,0.3,72.2,0,0.262,0.374,ball,ball,,,,,,,,,,,,,,
240,5,3,1,CU,FF,0.99,0.086,0.853,0.008,0.81,84.4,0,0.029,0.783,called_strike,strike,,,,,,,,,,,,,,
240,6,3,2,SL,SL,1.01,0.19,0.51,0.314,0.588,78.1,0,0.264,0.615,ball,ball,,,,,,,,,,,,,,
241,1,0,0,FF,FF,1.0,0.19,0.85,0.254,0.806,85.3,0,0.248,0.7,ball,ball,,,,,,,,,,,,,,
241,2,1,0,SL,SL,1.0,0.19,0.494,0.199,0.27,77.5,0,0.193,0.268,ball,ball,,,,,,,,,,,,,,
241,3,2,0,FF,FF,1.0,0.0,0.85,-0.053,0.971,85.2,1,-0.029,0.959,swinging_strike,,0.0123,0.0728,-0.0707,12.8476,0.4015,0.4053,,,,,,,,
241,4,2,1,FF,FF,1.0,-0.19,0.85,-0.248,0.699,85.3,0,-0.234,0.65,ball,ball,,,,,,,,,,,,,,
241,5,3,1,CU,CU,0.99,0.057,0.504,0.158,0.734,71.2,1,0.133,0.782,foul,,0.0162,0.0603,0.0303,9.9407,0.4857,0.4887,61.1,75.5,145.8,10062,34.3,3.39,foul,0.0
241,6,3,2,CH,CH,1.01,0.057,0.498,-0.154,0.566,78.1,1,-0.164,0.562,in_play,,-0.0115,-0.0359,0.0103,-20.0009,0.4399,0.4439,88.0,-32.5,-32.5,6000,1.5,0.03,out,0.25
242,1,0,0,FF,FF,1.0,-0.19,0.85,-0.303,0.602,85.4,1,-0.298,0.59,in_play,,0.0001,0.0167,-0.0135,5.2558,0.4027,0.4053,96.6,29.4,10.3,2928,124.1,5.71,HR,0.0
243,1,0,0,SL,SL,1.0,-0.02,0.772,-0.178,0.956,77.1,0,-0.206,0.943,called_strike,strike,,,,,,,,,,,,,,
243,2,0,1,FF,CU,1.0,-0.142,0.447,-0.199,0.312,72.2,0,-0.211,0.369,ball,ball,,,,,,,,,,,,,,
243,3,1,1,SL,SL,1.0,0.19,0.455,0.395,0.706,77.3,0,0.363,0.733,ball,ball,,,,,,,,,,,,,,
243,4,2,1,FF,FF,1.0,0.19,0.85,0.272,1.04,85.2,1,0.266,0.909,swinging_strike,,0.0008,0.1315,-0.0062,-23.6468,0.4046,0.4056,,,,,,,,
243,5,2,2,CH,CH,1.02,0.057,0.486,0.061,0.349,79.0,0,0.027,0.36,ball,ball,,,,,,,,,,,,,,
243,6,3,2,CH,CH,1.01,0.057,0.503,-0.079,0.636,78.1,1,-0.066,0.609,in_play,,0.0003,0.0381,0.0023,-5.632,0.4453,0.444,85.7,56.7,-10.3,6349,53.0,6.87,out,0.02
244,1,0,0,FF,FF,1.0,-0.19,0.85,-0.132,0.982,85.2,0,-0.108,0.949,called_strike,strike,,,,,,,,,,,,,,
244,2,0,1,FF,FF,1.0,-0.19,0.85,-0.139,0.884,85.2,1,-0.164,0.816,swinging_strike,,0.0095,0.1392,0.0369,16.0195,0.4053,0.4052,,,,,,,,
244,3,0,2,CU,CU,1.02,0.19,0.545,0.228,0.489,73.5,1,0.24,0.54,in_play,,0.0008,0.0141,0.0083,-22.7849,0.4741,0.4744,97.2,27.1,-35.3,3726,112.6,4.59,out,0.41
245,1,0,0,SL,SL,1.0,0.19,0.461,0.269,0.178,77.6,0,0.23,0.213,ball,ball,,,,,,,,,,,,,,
245,2,1,0,CU,CU,1.0,0.19,0.526,0.268,0.336,72.1,0,0.302,0.373,ball,ball,,,,,,,,,,,,,,
245,3,2,0,SL,SL,1.0,0.057,0.482,-0.066,0.196,77.6,0,-0.079,0.252,ball,ball,,,,,,,,,,,,,,
245,4,3,0,SL,SL,0.99,0.057,0.478,0.066,0.646,76.6,0,0.008,0.66,called_strike,strike,,,,,,,,,,,,,,
245,5,3,1,FF,FF,0.99,0.19,0.85,0.137,1.0,84.3,1,0.157,0.991,in_play,,0.0064,0.0488,-0.0471,-8.3565,0.4101,0.4096,74.0,71.5,-23.3,7774,16.6,5.53,out,0.02
246,1,0,0,SL,SL,1.0,0.057,0.528,0.079,0.392,77.4,0,0.071,0.417,ball,ball,,,,,,,,,,,,,,
246,2,1,0,CH,CH,1.0,0.19,0.49,0.069,0.363,77.5,0,0.06,0.365,ball,ball,,,,,,,,,,,,,,
246,3,2,0,CH,CH,1.0,0.057,0.549,0.005,0.532,77.4,0,0.002,0.525,called_strike,strike,,,,,,,,,,,,,,
246,4,2,1,FF,FF,1.0,0.19,0.85,0.111,0.911,85.2,0,0.108,0.896,called_strike,strike,,,,,,,,,,,,,,
246,5,2,2,SL,SL,1.02,-0.065,0.772,-0.358,0.389,79.0,0,-0.379,0.372,ball,ball,,,,,,,,,,,,,,
246,6,3,2,SL,SL,1.01,0.19,0.507,0.39,0.209,78.3,0,0.352,0.226,ball,ball,,,,,,,,,,,,,,
247,1,0,0,CU,CU,1.0,0.19,0.509,0.397,0.626,72.0,1,0.372,0.672,foul,,-0.0112,-0.061,0.0166,-44.259,0.4839,0.4842,59.0,-55.1,-108.8,8205,0.4,0.03,foul,0.0
247,2,0,1,CU,SL,1.0,-0.142,0.464,0.016,0.55,77.4,1,-0.014,0.59,foul,,0.0108,0.063,0.0071,9.4718,0.4482,0.4488,56.8,66.8,171.2,10419,34.2,2.79,foul,0.0
247,3,0,2,CU,CU,1.02,0.19,0.511,0.342,0.582,73.4,0,0.323,0.627,ball,ball,,,,,,,,,,,,,,
247,4,1,2,SL,SL,1.02,0.19,0.499,0.45,0.59,78.9,0,0.4,0.615,ball,ball,,,,,,,,,,,,,,
247,5,2,2,CU,CU,1.02,0.19,0.514,0.098,0.718,73.3,1,0.108,0.777,in_play,,0.0113,0.0103,-0.0047,3.0192,0.4741,0.4742,96.9,22.1,6.3,2425,119.5,4.73,out,0.715
248,1,0,0,CH,CH,1.0,0.057,0.454,0.095,0.651,77.3,1,0.11,0.657,in_play,,0.0001,0.0112,-0.008,-16.4237,0.4458,0.4486,97.1,21.5,-24.2,2255,106.1,3.88,out,0.717
249,1,0,0,CU,CU,1.0,0.057,0.543,0.278,0.504,72.0,0,0.283,0.578,ball,ball,,,,,,,,,,,,,,
249,2,1,0,CH,CH,1.0,0.057,0.478,-0.303,0.329,77.5,0,-0.266,0.367,ball,ball,,,,,,,,,,,,,,
249,3,2,0,CU,CU,1.0,0.19,0.454,0.448,0.713,71.9,0,0.484,0.742,ball,ball,,,,,,,,,,,,,,
249,4,3,0,SL,FF,0.99,-0.08,0.848,-0.028,0.82,84.4,0,-0.043,0.812,called_strike,strike,,,,,,,,,,,,,,
249,5,3,1,CU,FF,0.99,-0.1,0.732,-0.159,0.845,84.4,0,-0.166,0.84,called_strike,strike,,,,,,,,,,,,,,
249,6,3,2,CU,CU,1.01,0.19,0.547,0.474,0.534,72.7,0,0.458,0.608,ball,ball,,,,,,,,,,,,,,
250,1,0,0,FF,FF,1.0,0.0,0.85,-0.249,0.883,85.2,0,-0.215,0.825,called_strike,strike,,,,,,,,,,,,,,
250,2,0,1,SL,SL,1.0,0.057,0.541,-0.109,0.243,77.5,0,-0.178,0.285,ball,ball,,,,,,,,,,,,,,
250,3,1,1,CU,CU,1.0,0.19,0.468,0.15,0.232,72.2,0,0.139,0.286,ball,ball,,,,,,,,,,,,,,
250,4,2,1,CH,FF,1.0,-0.142,0.941,-0.136,0.738,85.3,0,-0.119,0.683,called_strike,strike,,,,,,,,,,,,,,
250,5,2,2,CH,CH,1.02,0.19,0.522,0.477,0.502,78.9,0,0.517,0.509,ball,ball,,,,,,,,,,,,,,
250,6,3,2,CU,CU,1.01,0.19,0.542,0.266,0.142,73.0,0,0.294,0.186,ball,ball,,,,,,,,,,,,,,
251,1,0,0,CH,CH,1.0,0.057,0.471,0.201,0.473,77.4,0,0.202,0.479,called_strike,strike,,,,,,,,,,,,,,
251,2,0,1,CU,CU,1.0,0.057,0.512,0.174,0.724,71.9,1,0.15,0.768,in_play,,-0.0025,0.0137,0.0004,-23.2535,0.4831,0.4838,97.1,24.1,-35.6,3595,108.8,4.17,double,0.717
252,1,0,0,CH,CH,1.0,0.057,0.53,-0.012,0.642,77.3,0,-0.004,0.642,called_strike,strike,,,,,,,,,,,,,,
252,2,0,1,CU,CU,1.0,0.057,0.484,-0.063,0.559,72.0,1,-0.074,0.635,foul,,-0.01,-0.0524,0.0565,-22.7363,0.4825,0.4836,66.1,-54.6,-47.3,7516,1.0,0.03,foul,0.0
252,3,0,2,SL,SL,1.02,0.19,0.485,0.397,0.371,79.0,0,0.36,0.395,ball,ball,,,,,,,,,,,,,,
252,4,1,2,FF,FF,1.02,-0.19,0.995,-0.206,1.048,86.8,0,-0.212,1.051,called_strike,strike,,,,,,,,,,,,,,
253,1,0,0,SL,SL,1.0,0.19,0.458,0.149,0.256,77.5,0,0.108,0.291,ball,ball,,,,,,,,,,,,,,
253,2,1,0,CU,CU,1.0,0.057,0.465,0.094,0.404,72.1,0,0.087,0.444,ball,ball,,,,,,,,,,,,,,
253,3,2,0,CH,FF,1.0,0.054,0.811,0.017,0.843,85.3,1,0.061,0.831,in_play,,-0.0039,-0.012,0.0101,-20.4072,0.4045,0.4054,99.0,-7.1,-31.1,3024,6.3,0.13,single,0.36
254,1,0,0,SL,SL,1.0,0.057,0.524,-0.092,0.332,77.5,0,-0.134,0.314,ball,ball,,,,,,,,,,,,,,
254,2,1,0,SL,SL,1.0,0.057,0.488,-0.072,0.078,77.6,0,-0.081,0.084,ball,ball,,,,,,,,,,,,,,
254,3,2,0,CU,CH,1.0,-0.096,0.764,-0.166,0.783,77.2,0,-0.16,0.804,called_strike,strike,,,,,,,,,,,,,,
254,4,2,1,FF,FF,1.0,-0.19,0.85,-0.308,0.803,85.3,1,-0.255,0.779,foul,,0.0034,0.0549,-0.0632,10.9251,0.4027,0.4052,66.6,79.9,92.7,8893,29.7,4.26,foul,0.0
254,5,2,2,CU,CU,1.02,0.19,0.538,0.131,0.493,73.5,1,0.13,0.521,in_play,,-0.0027,-0.026,0.0086,-22.3868,0.4736,0.4743,92.0,-16.4,-33.3,4087,2.2,0.04,single,0.29
255,1,0,0,CU,CU,1.0,0.057,0.527,0.215,0.624,72.0,1,0.201,0.69,foul,,-0.0042,-0.0335,0.0433,-29.0769,0.4827,0.4839,85.1,-26.8,-45.2,5235,1.6,0.04,foul,0.0
255,2,0,1,FF,SL,1.0,0.065,0.772,0.21,0.771,77.2,1,0.182,0.742,foul,,-0.0104,-0.0066,0.0176,-38.6056,0.4489,0.4489,101.4,-0.3,-58.9,4425,13.9,0.32,foul,0.0
255,3,0,2,FF,FF,1.02,0.19,0.995,-0.015,0.933,86.9,1,-0.034,0.874,swinging_strike,,-0.0024,0.0861,-0.0041,-12.0752,0.396,0.3974,,,,,,,,
256,1,0,0,CH,CH,1.0,0.057,0.549,0.011,0.341,77.5,0,0.05,0.338,ball,ball,,,,,,,,,,,,,,
256,2,1,0,FF,FF,1.0,0.0,0.85,-0.133,0.732,85.3,0,-0.129,0.665,called_strike,strike,,,,,,,,,,,,,,
256,3,1,1,CU,SL,1.0,0.177,0.496,0.24,0.514,77.4,1,0.217,0.548,swinging_strike,,-0.0102,-0.0727,-0.0135,-40.3921,0.4472,0.4491,,,,,,,,
256,4,1,2,CH,CH,1.02,0.19,0.523,-0.086,0.701,78.8,0,-0.104,0.681,called_strike,strike,,,,,,,,,,,,,,
257,1,0,0,CH,CU,1.0,0.105,0.772,0.241,0.566,72.0,0,0.223,0.612,ball,ball,,,,,,,,,,,,,,
257,2,1,0,SL,SL,1.0,0.057,0.479,0.294,0.492,77.4,0,0.223,0.528,ball,ball,,,,,,,,,,,,,,
257,3,2,0,FF,FF,1.0,0.19,0.85,0.34,0.828,85.3,1,0.303,0.838,foul,,-0.0044,0.0061,0.0327,-32.5759,0.4039,0.4058,99.1,12.5,-49.9,3034,70.7,2.09,foul,0.0
257,4,2,1,SL,SL,1.0,0.19,0.5,0.418,0.361,77.5,0,0.372,0.369,ball,ball,,,,,,,,,,,,,,
257,5,3,1,FF,FF,0.99,-0.19,0.85,-0.185,0.857,84.4,0,-0.209,0.813,called_strike,strike,,,,,,,,,,,,,,
257,6,3,2,CU,CU,1.01,0.19,0.533,-0.028,0.411,72.8,1,-0.068,0.487,swinging_strike,,-0.0096,-0.086,0.0223,-22.5582,0.4764,0.4789,,,,,,,,
258,1,0,0,SL,SL,1.0,0.057,0.525,-0.02,0.519,77.4,0,-0.044,0.536,called_strike,strike,,,,,,,,,,,,,,
258,2,0,1,CH,CH,1.0,0.057,0.535,0.22,0.325,77.5,0,0.246,0.339,ball,ball,,,,,,,,,,,,,,
258,3,1,1,CU,CH,1.0,-0.01,0.662,-0.109,0.59,77.3,1,-0.101,0.591,in_play,,-0.0044,0.0129,-0.0467,-11.6477,0.4441,0.4484,92.2,24.7,-17.5,2379,108.1,4.37,double,0.678
259,1,0,0,CH,CH,1.0,0.19,0.513,0.042,0.332,77.5,0,0.06,0.342,ball,ball,,,,,,,,,,,,,,
259,2,1,0,CU,CU,1.0,0.057,0.51,0.528,0.554,72.0,0,0.53,0.603,ball,ball,,,,,,,,,,,,,,
259,3,2,0,CU,CU,1.0,0.19,0.467,0.066,0.391,72.1,1,0.071,0.442,in_play,,-0.0045,-0.0314,-0.053,-21.9508,0.4831,0.4838,84.0,-22.5,-33.8,4632,1.5,0.03,out,0.21
260,1,0,0,CU,CU,1.0,0.19,0.52,0.105,0.655,72.0,0,0.113,0.724,called_strike,strike,,,,,,,,,,,,,,
260,2,0,1,CH,CH,1.0,0.057,0.522,0.094,0.381,77.5,0,0.146,0.412,ball,ball,,,,,,,,,,,,,,
260,3,1,1,SL,CH,1.0,-0.142,0.498,-0.205,0.599,77.3,0,-0.196,0.611,called_strike,strike,,,,,,,,,,,,,,
260,4,1,2,SL,SL,1.02,0.19,0.455,0.056,0.522,78.9,1,0.026,0.586,in_play,,-0.0021,-0.0533,-0.0223,-15.1657,0.4377,0.4401,71.8,-62.3,-34.1,9037,0.8,0.02,out,0.088
261,1,0,0,SL,SL,1.0,0.057,0.538,0.07,0.56,77.4,0,0.087,0.562,called_strike,strike,,,,,,,,,,,,,,
261,2,0,1,SL,SL,1.0,0.057,0.513,0.125,0.548,77.4,0,0.084,0.575,called_strike,strike,,,,,,,,,,,,,,
261,3,0,2,CH,FF,1.02,0.177,1.058,-0.019,1.055,86.8,1,-0.012,1.063,in_play,,0.0004,-0.0077,-0.0137,-8.6962,0.3976,0.3974,98.7,-4.7,-12.3,1854,9.5,0.21,single,0.357
262,1,0,0,CU,CU,1.0,0.057,0.538,0.068,0.633,72.0,0,0.069,0.704,called_strike,strike,,,,,,,,,,,,,,
262,2,0,1,CU,CU,1.0,0.057,0.454,0.122,0.879,71.8,0,0.119,0.897,called_strike,strike,,,,,,,,,,,,,,
262,3,0,2,CU,CU,1.02,0.19,0.542,0.712,0.26,73.6,0,0.704,0.327,ball,ball,,,,,,,,,,,,,,
262,4,1,2,CU,CU,1.02,0.057,0.505,-0.139,0.837,73.3,1,-0.157,0.879,foul,,0.0162,0.045,0.0377,27.2113,0.4702,0.474,80.8,58.2,65.9,7788,58.2,5.27,foul,0.0
262,5,1,2,CU,FF,1.02,-0.142,0.966,-0.2,0.925,86.9,1,-0.183,0.937,foul,,0.0094,0.0448,0.0151,17.03,0.3932,0.3973,82.7,61.4,45.8,7570,42.5,5.91,foul,0.0
262,6,1,2,CH,CH,1.02,0.19,0.488,0.15,0.617,78.8,1,0.136,0.65,foul,,-0.0059,-0.0539,-0.012,-28.1629,0.4389,0.4399,72.8,-58.3,-65.5,8922,0.8,0.02,foul,0.0
262,7,1,2,CH,CH,1.02,0.057,0.49,-0.083,0.39,79.0,0,-0.059,0.383,ball,ball,,,,,,,,,,,,,,
262,8,2,2,SL,SL,1.02,0.177,0.442,-0.054,0.116,79.1,0,-0.06,0.142,ball,ball,,,,,,,,,,,,,,
262,9,3,2,CH,CH,1.01,0.057,0.544,-0.21,0.493,78.2,1,-0.192,0.5,foul,,0.0023,0.0683,-0.0012,5.2926,0.4421,0.444,63.1,23.8,179.8,4770,34.0,1.47,foul,0.0
262,10,3,2,SL,SL,1.01,0.19,0.536,0.356,0.354,78.2,0,0.342,0.393,ball,ball,,,,,,,,,,,,,,
263,1,0,0,SL,SL,1.0,0.19,0.457,0.247,0.508,77.4,1,0.21,0.5,foul,,-0.0076,0.0134,0.0269,-35.4685,0.4485,0.4491,99.1,22.4,-56.9,4295,91.3,3.12,foul,0.0
263,2,0,1,CU,CU,1.0,0.19,0.454,0.271,0.189,72.2,0,0.249,0.28,ball,ball,,,,,,,,,,,,,,
263,3,1,1,FF,FF,1.0,0.19,0.85,0.162,0.937,85.2,1,0.147,0.908,swinging_strike,,0.0035,0.0702,0.0037,-12.6891,0.4059,0.4055,,,,,,,,
263,4,1,2,SL,SL,1.02,0.19,0.463,0.14,0.328,79.0,0,0.136,0.383,ball,ball,,,,,,,,,,,,,,
263,5,2,2,FF,FF,1.02,0.19,0.995,0.024,0.796,87.0,1,0.029,0.731,swinging_strike,,0.0009,0.103,-0.0448,-10.2194,0.397,0.3975,,,,,,,,
264,1,0,0,SL,SL,1.0,0.057,0.484,0.131,0.511,77.4,0,0.083,0.508,called_strike,strike,,,,,,,,,,,,,,
264,2,0,1,FF,FF,1.0,-0.19,0.85,-0.207,0.883,85.2,1,-0.223,0.875,in_play,,-0.0088,0.0055,0.0571,-11.9529,0.404,0.4052,91.9,12.9,-18.5,1125,68.3,2.13,single,0.675
265,1,0,0,SL,SL,1.0,0.057,0.53,0.206,0.647,77.3,0,0.176,0.688,called_strike,strike,,,,,,,,,,,,,,
265,2,0,1,CU,CU,1.0,0.19,0.535,0.25,0.574,72.0,0,0.236,0.606,ball,ball,,,,,,,,,,,,,,
265,3,1,1,CH,CH,1.0,0.19,0.519,-0.012,0.366,77.5,0,0.02,0.33,ball,ball,,,,,,,,,,,,,,
265,4,2,1,CU,CU,1.0,0.19,0.506,-0.203,0.711,71.9,1,-0.214,0.75,in_play,,0.0063,0.0107,0.0251,13.5352,0.483,0.4834,95.9,22.5,22.5,2749,113.9,4.49,out,0.708
266,1,0,0,FF,SL,1.0,-0.034,0.715,-0.327,0.926,77.2,0,-0.377,0.955,ball,ball,,,,,,,,,,,,,,
266,2,1,0,FF,FF,1.0,-0.19,0.85,-0.165,0.971,85.2,1,-0.155,0.952,in_play,,0.0008,0.0439,-0.0199,0.5472,0.4024,0.4052,81.5,63.3,3.9,7144,23.6,6.4,out,0.02
267,1,0,0,CH,CH,1.0,0.057,0.531,0.123,0.502,77.4,0,0.151,0.461,called_strike,strike,,,,,,,,,,,,,,
267,2,0,1,CU,SL,1.0,-0.063,0.772,-0.081,0.859,77.2,1,-0.11,0.901,in_play,,-0.0092,-0.0414,-0.0329,-19.3271,0.4477,0.4486,82.6,-43.9,-35.1,7340,1.4,0.03,out,0.196
268,1,0,0,CU,CU,1.0,0.19,0.541,0.192,0.673,71.9,0,0.184,0.729,called_strike,strike,,,,,,,,,,,,,,
268,2,0,1,CU,CU,1.0,0.057,0.543,0.272,0.502,72.0,0,0.273,0.54,ball,ball,,,,,,,,,,,,,,
268,3,1,1,CH,CH,1.0,0.177,0.491,0.289,0.524,77.4,0,0.259,0.525,ball,ball,,,,,,,,,,,,,,
268,4,2,1,FF,CU,1.0,-0.007,0.646,-0.09,0.636,72.0,0,-0.076,0.707,called_strike,strike,,,,,,,,,,,,,,
268,5,2,2,CU,CU,1.02,0.19,0.532,0.495,0.586,73.4,0,0.47,0.631,ball,ball,,,,,,,,,,,,,,
268,6,3,2,SL,SL,1.01,0.19,0.468,0.038,0.515,78.1,1,0.039,0.523,in_play,,0.0034,0.0221,0.007,-6.4832,0.4454,0.4444,94.6,37.1,-12.6,4162,116.9,6.46,out,0.395
269,1,0,0,SL,FF,1.0,0.177,1.087,0.265,1.061,85.1,1,0.263,1.047,swinging_strike,,0.0156,0.0709,0.0243,1.7814,0.4032,0.4056,,,,,,,,
269,2,0,1,FF,FF,1.0,0.0,0.85,0.034,0.934,85.2,0,0.017,0.923,called_strike,strike,,,,,,,,,,,,,,
269,3,0,2,CU,CU,1.02,0.057,0.51,-0.131,0.534,73.4,1,-0.09,0.569,in_play,,0.0011,-0.0162,-0.0296,-2.8298,0.472,0.474,93.1,-5.5,-3.1,1990,5.4,0.12,single,0.301
270,1,0,0,SL,SL,1.0,0.057,0.498,0.024,0.395,77.4,0,0.022,0.42,ball,ball,,,,,,,,,,,,,,
270,2,1,0,FF,FF,1.0,0.0,0.85,-0.134,0.951,85.2,1,-0.086,0.899,swinging_strike,,-0.0019,0.0846,-0.0542,-8.1491,0.4058,0.4052,,,,,,,,
270,3,1,1,CU,CU,1.0,0.19,0.523,0.199,0.505,72.0,1,0.196,0.567,swinging_strike,,-0.0099,-0.105,0.0003,-38.7508,0.4828,0.4839,,,,,,,,
270,4,1,2,SL,SL,1.02,0.057,0.492,0.251,0.255,79.0,0,0.221,0.302,ball,ball,,,,,,,,,,,,,,
270,5,2,2,CU,CU,1.02,0.057,0.466,0.236,0.595,73.4,0,0.255,0.667,called_strike,strike,,,,,,,,,,,,,,
271,1,0,0,CU,CU,1.0,0.057,0.51,0.155,0.533,72.0,1,0.118,0.562,swinging_strike,,0.01,0.0708,0.0425,0.1814,0.483,0.4838,,,,,,,,
271,2,0,1,SL,CH,1.0,0.177,0.449,0.015,0.464,77.4,0,0.032,0.449,called_strike,strike,,,,,,,,,,,,,,
271,3,0,2,SL,SL,1.02,0.057,0.508,0.067,0.65,78.8,1,0.009,0.686,in_play,,-0.0054,-0.0247,0.0687,-19.7552,0.4399,0.44,85.7,-20.4,-32.8,4968,2.3,0.05,out,0.227
272,1,0,0,SL,SL,1.0,0.19,0.515,0.258,0.382,77.5,1,0.206,0.408,in_play,,-0.0016,-0.0078,0.0425,-24.9992,0.4475,0.4492,95.9,2.4,-39.1,3446,16.5,0.4,out,0.53
273,1,0,0,FF,FF,1.0,-0.19,0.85,-0.189,0.648,85.4,0,-0.146,0.641,called_strike,strike,,,,,,,,,,,,,,
273,2,0,1,CU,CU,1.0,0.057,0.548,-0.007,0.813,71.9,1,0.0,0.888,in_play,,-0.001,-0.0436,-0.0347,-11.7394,0.4806,0.4836,77.2,-44.0,-18.9,6273,1.4,0.04,out,0.142
274,1,0,0,CU,CH,1.0,0.177,0.419,-0.079,0.461,77.4,1,-0.059,0.43,in_play,,-0.0118,0.0012,-0.018,-26.8,0.4475,0.4485,98.6,12.0,-40.0,2297,60.8,1.71,single,0.729
275,1,0,0,CU,CU,1.0,0.057,0.453,0.075,0.37,72.1,0,0.062,0.433,ball,ball,,,,,,,,,,,,,,
275,2,1,0,CH,CH,1.0,0.057,0.478,0.177,0.49,77.4,1,0.213,0.508,in_play,,-0.0034,-0.0096,-0.0182,-28.5361,0.4464,0.4487,98.0,-0.4,-41.9,2807,10.7,0.25,single,0.35
276,1,0,0,CU,FF,1.0,-0.012,0.929,-0.18,0.958,85.2,0,-0.122,0.953,called_strike,strike,,,,,,,,,,,,,,
276,2,0,1,SL,SL,1.0,0.177,0.485,0.471,0.503,77.4,0,0.444,0.535,ball,ball,,,,,,,,,,,,,,
276,3,1,1,CU,CU,1.0,0.19,0.53,0.305,0.575,72.0,1,0.294,0.656,in_play,,0.0074,-0.0181,0.0315,-12.2658,0.482,0.484,92.3,-8.7,-16.9,2564,4.0,0.09,single,0.293
277,1,0,0,CH,CH,1.0,0.057,0.493,-0.064,0.21,77.5,0,-0.004,0.25,ball,ball,,,,,,,,,,,,,,
277,2,1,0,CH,CH,1.0,0.19,0.479,0.08,0.752,77.3,1,0.132,0.745,in_play,,0.0013,0.0144,-0.054,-15.6596,0.4469,0.4485,90.6,24.6,-23.9,2592,104.7,4.25,double,0.665
278,1,0,0,CH,CH,1.0,0.19,0.478,0.171,0.594,77.3,1,0.173,0.587,in_play,,0.0046,0.0418,0.0174,-12.3388,0.4468,0.4487,82.4,61.1,-26.2,6845,43.8,6.34,out,0.02
279,1,0,0,FF,FF,1.0,-0.19,0.85,-0.251,0.75,85.3,0,-0.198,0.688,called_strike,strike,,,,,,,,,,,,,,
279,2,0,1,CU,CU,1.0,0.057,0.491,0.103,0.506,72.0,0,0.119,0.561,called_strike,strike,,,,,,,,,,,,,,
279,3,0,2,CU,CU,1.02,0.19,0.471,0.057,0.408,73.5,1,0.028,0.47,in_play,,-0.0003,0.0031,-0.0109,-12.1971,0.4721,0.4743,97.5,16.8,-17.8,1957,90.8,2.97,double,0.72
280,1,0,0,CU,CU,1.0,0.19,0.526,0.082,0.454,72.1,0,0.071,0.477,ball,ball,,,,,,,,,,,,,,
280,2,1,0,FF,FF,1.0,0.0,0.85,0.011,0.971,85.2,0,0.018,0.981,called_strike,strike,,,,,,,,,,,,,,
280,3,1,1,CH,CH,1.0,0.057,0.532,0.189,0.724,77.3,1,0.237,0.689,foul,,-0.0031,0.048,-0.0575,-29.4501,0.4506,0.4487,74.2,61.5,-74.7,7540,53.1,4.88,foul,0.0
280,4,1,2,CU,CU,1.02,0.19,0.497,0.13,0.571,73.4,1,0.127,0.634,foul,,-0.0073,-0.0648,0.0011,-30.0748,0.4704,0.4743,55.5,-62.7,-138.9,6548,0.3,0.03,foul,0.0
280,5,1,2,SL,CH,1.02,0.177,0.5,0.029,0.247,79.0,0,0.039,0.228,ball,ball,,,,,,,,,,,,,,
280,6,2,2,FF,FF,1.02,-0.19,0.995,-0.052,1.081,86.8,1,-0.018,1.037,foul,,-0.0028,0.0578,-0.0677,-13.7805,0.3956,0.3974,63.0,77.5,-122.2,9244,33.8,3.81,foul,0.0
280,7,2,2,CU,SL,1.02,-0.065,0.755,0.004,0.811,78.7,1,-0.027,0.808,swinging_strike,,0.0084,0.0787,0.065,5.9703,0.4393,0.4399,,,,,,,,
281,1,0,0,SL,SL,1.0,0.057,0.472,0.27,0.596,77.3,1,0.263,0.611,in_play,,0.0025,0.0171,0.0021,-20.7439,0.4481,0.4491,97.3,28.2,-34.7,3832,111.5,4.59,out,0.396
282,1,0,0,CH,CH,1.0,0.19,0.522,-0.021,0.509,77.4,1,-0.016,0.555,in_play,,-0.005,-0.0299,0.0022,-17.6305,0.4465,0.4485,91.2,-24.7,-26.8,5007,1.7,0.03,out,0.282
283,1,0,0,CH,CH,1.0,0.057,0.495,0.055,0.53,77.4,1,0.053,0.522,in_play,,0.0017,0.0458,0.0275,-10.3024,0.4478,0.4486,78.2,68.6,-27.1,7499,26.4,5.81,out,0.02
284,1,0,0,CH,SL,1.0,0.033,0.772,0.302,0.651,77.3,1,0.255,0.637,swinging_strike,,0.0128,0.0877,0.0427,-3.067,0.447,0.4491,,,,,,,,
284,2,0,1,CU,CU,1.0,0.19,0.482,0.201,0.231,72.2,0,0.169,0.283,ball,ball,,,,,,,,,,,,,,
284,3,1,1,CU,CU,1.0,0.057,0.545,-0.026,0.387,72.1,0,-0.046,0.43,ball,ball,,,,,,,,,,,,,,
284,4,2,1,FF,FF,1.0,-0.19,0.85,-0.032,0.749,85.3,0,-0.051,0.722,called_strike,strike,,,,,,,,,,,,,,
284,5,2,2,CH,CH,1.02,0.19,0.505,0.249,0.357,79.0,0,0.268,0.341,ball,ball,,,,,,,,,,,,,,
284,6,3,2,SL,SL,1.01,0.057,0.548,-0.057,0.468,78.2,0,-0.074,0.477,called_strike,strike,,,,,,,,,,,,,,
285,1,0,0,FF,FF,1.0,0.087,0.685,0.108,0.85,85.3,1,0.162,0.76,swinging_strike,,0.0018,0.1258,-0.041,-16.5033,0.4038,0.4055,,,,,,,,
285,2,0,1,SL,SL,1.0,0.19,0.47,0.108,0.333,77.5,0,0.048,0.367,ball,ball,,,,,,,,,,,,,,
285,3,1,1,CH,CH,1.0,0.19,0.495,0.422,0.546,77.4,0,0.44,0.557,ball,ball,,,,,,,,,,,,,,
285,4,2,1,FF,FF,1.0,0.0,0.85,0.145,0.863,85.2,1,0.125,0.842,foul,,0.0003,0.0476,0.0399,-16.854,0.4035,0.4055,76.9,67.8,-46.9,7670,34.9,5.5,foul,0.0
285,5,2,2,CU,CU,1.02,-0.142,0.405,-0.014,0.153,73.7,0,-0.037,0.198,ball,ball,,,,,,,,,,,,,,
285,6,3,2,SL,SL,1.01,0.19,0.474,0.204,0.529,78.1,1,0.173,0.541,foul,,0.0078,0.0559,0.0171,-6.8785,0.4425,0.4446,68.8,82.7,-103.7,9325,32.5,4.16,foul,0.0
285,7,3,2,CU,CU,1.01,0.057,0.534,0.122,0.329,72.8,1,0.126,0.395,in_play,,0.0,-0.0433,-0.028,-17.429,0.476,0.4791,78.5,-38.2,-28.2,6213,1.0,0.02,out,0.155
286,1,0,0,SL,SL,1.0,0.19,0.458,0.16,0.837,77.2,0,0.108,0.872,called_strike,strike,,,,,,,,,,,,,,
286,2,0,1,FF,FF,1.0,0.0,0.85,0.11,1.178,85.1,0,0.072,1.111,ball,ball,,,,,,,,,,,,,,
286,3,1,1,CH,SL,1.0,0.177,0.526,0.169,0.388,77.4,0,0.117,0.391,ball,ball,,,,,,,,,,,,,,
286,4,2,1,CU,CU,1.0,0.057,0.452,0.091,0.187,72.2,0,0.092,0.24,ball,ball,,,,,,,,,,,,,,
286,5,3,1,CH,CH,0.99,0.057,0.506,0.074,0.742,76.5,1,0.086,0.778,foul,,-0.0092,-0.0476,-0.0273,-30.9695,0.4534,0.453,78.5,-48.4,-59.7,7881,1.1,0.03,foul,0.0
286,6,3,2,SL,SL,1.01,0.065,0.757,-0.025,0.536,78.1,1,-0.072,0.559,foul,,0.0113,0.0526,0.0383,13.6607,0.4436,0.4443,71.4,79.2,68.5,8762,28.8,4.65,foul,0.0
286,7,3,2,CH,CH,1.01,0.057,0.508,-0.049,0.519,78.1,0,-0.03,0.484,called_strike,strike,,,,,,,,,,,,,,
287,1,0,0,CU,CU,1.0,0.057,0.45,0.141,0.679,71.9,0,0.149,0.708,called_strike,strike,,,,,,,,,,,,,,
287,2,0,1,SL,SL,1.0,0.057,0.451,0.109,0.351,77.5,0,0.083,0.399,ball,ball,,,,,,,,,,,,,,
287,3,1,1,CH,CH,1.0,0.057,0.519,-0.307,0.308,77.5,0,-0.297,0.281,ball,ball,,,,,,,,,,,,,,
287,4,2,1,SL,SL,1.0,0.057,0.469,0.25,0.352,77.5,0,0.198,0.362,ball,ball,,,,,,,,,,,,,,
287,5,3,1,FF,FF,0.99,0.19,0.85,0.27,0.818,84.4,0,0.243,0.797,ball,ball,,,,,,,,,,,,,,
288,1,0,0,CH,FF,1.0,-0.026,0.699,-0.053,0.571,85.4,1,-0.013,0.554,in_play,,-0.0032,0.0155,-0.0641,-14.8103,0.4057,0.4055,89.0,28.4,-24.2,2648,106.8,4.74,out,0.325
289,1,0,0,CU,CU,1.0,0.19,0.479,0.243,0.235,72.2,0,0.235,0.296,ball,ball,,,,,,,,,,,,,,
289,2,1,0,SL,SL,1.0,0.19,0.514,0.023,0.537,77.4,1,-0.008,0.506,foul,,-0.013,-0.0097,0.0264,-31.8457,0.4476,0.4488,99.1,-0.9,-49.4,4124,10.4,0.23,foul,0.0
289,3,1,1,SL,CU,1.0,0.177,0.443,0.073,0.468,72.1,1,0.059,0.5,in_play,,0.0031,0.039,0.0048,-8.2125,0.484,0.4837,85.4,60.1,-17.2,6922,41.5,6.61,out,0.02
290,1,0,0,SL,SL,1.0,0.19,0.484,0.332,0.533,77.4,1,0.28,0.528,swinging_strike,,0.0084,0.0955,0.0057,-10.625,0.4486,0.4492,,,,,,,,
290,2,0,1,CH,CH,1.0,0.19,0.525,-0.06,0.461,77.4,1,-0.073,0.423,in_play,,-0.0059,0.0465,0.0256,-15.7436,0.4471,0.4485,78.1,68.4,-44.3,7604,36.3,5.55,out,0.02
291,1,0,0,FF,FF,1.0,0.19,0.85,0.042,0.804,85.3,0,0.055,0.77,called_strike,strike,,,,,,,,,,,,,,
291,2,0,1,CU,CH,1.0,0.05,0.658,0.076,0.713,77.3,1,0.128,0.713,in_play,,-0.0021,0.0341,-0.0592,-21.2792,0.4454,0.4485,82.9,47.8,-39.8,5518,82.5,6.02,out,0.02
292,1,0,0,CH,SL,1.0,0.046,0.772,0.131,0.94,77.2,1,0.131,0.935,swinging_strike,,0.0113,0.0764,-0.0033,1.7101,0.4503,0.4488,,,,,,,,
292,2,0,1,FF,FF,1.0,0.0,0.85,0.046,0.855,85.3,0,0.098,0.761,called_strike,strike,,,,,,,,,,,,,,
292,3,0,2,CH,CH,1.02,0.057,0.501,0.19,0.666,78.8,1,0.255,0.684,foul,,0.007,0.0674,-0.1011,-12.9185,0.437,0.4399,60.8,28.3,-177.7,5268,35.5,1.65,foul,0.0
292,4,0,2,CU,CU,1.02,0.19,0.502,-0.351,0.658,73.4,0,-0.363,0.69,ball,ball,,,,,,,,,,,,,,
292,5,1,2,SL,SL,1.02,0.057,0.477,0.053,0.443,78.9,1,0.042,0.498,swinging_strike,,0.0129,0.0757,0.0326,9.6475,0.4385,0.4401,,,,,,,,
293,1,0,0,CH,CH,1.0,0.057,0.479,0.011,0.415,77.4,0,0.028,0.409,ball,ball,,,,,,,,,,,,,,
293,2,1,0,CU,CU,1.0,0.057,0.539,0.177,0.163,72.2,0,0.153,0.213,ball,ball,,,,,,,,,,,,,,
293,3,2,0,SL,CH,1.0,0.086,0.773,-0.011,0.694,77.3,0,-0.008,0.715,called_strike,strike,,,,,,,,,,,,,,
293,4,2,1,FF,FF,1.0,0.19,0.85,0.164,0.766,85.3,0,0.155,0.718,called_strike,strike,,,,,,,,,,,,,,
293,5,2,2,CH,SL,1.02,-0.086,0.772,-0.175,0.697,78.8,1,-0.209,0.733,in_play,,0.0029,0.0378,0.059,7.4228,0.4397,0.4398,80.6,57.6,13.6,6378,44.7,6.61,out,0.02
294,1,0,0,CH,CH,1.0,0.19,0.513,0.372,0.34,77.5,0,0.387,0.346,ball,ball,,,,,,,,,,,,,,
294,2,1,0,SL,SL,1.0,0.057,0.475,-0.115,0.338,77.5,0,-0.15,0.376,ball,ball,,,,,,,,,,,,,,
294,3,2,0,FF,FF,1.0,-0.039,0.636,-0.016,0.541,85.4,0,-0.031,0.542,called_strike,strike,,,,,,,,,,,,,,
294,4,2,1,SL,SL,1.0,0.057,0.457,-0.328,0.649,77.3,0,-0.379,0.659,ball,ball,,,,,,,,,,,,,,
294,5,3,1,CU,CU,0.99,0.057,0.483,-0.013,0.811,71.2,0,-0.012,0.869,called_strike,strike,,,,,,,,,,,,,,
294,6,3,2,CU,CU,1.01,0.057,0.521,-0.216,0.678,72.7,1,-0.171,0.741,in_play,,0.01,0.025,-0.0103,17.362,0.476,0.4786,93.7,38.2,30.9,4852,109.7,6.48,out,0.367
295,1,0,0,FF,CU,1.0,-0.038,0.749,-0.182,0.584,72.0,1,-0.192,0.637,in_play,,-0.0098,-0.0548,0.0156,-15.4786,0.4824,0.4835,65.8,-60.0,-33.5,7924,1.0,0.02,out,0.028
296,1,0,0,CH,CH,1.0,0.19,0.477,0.239,0.48,77.4,0,0.226,0.493,called_strike,strike,,,,,,,,,,,,,,
296,2,0,1,FF,FF,1.0,-0.19,0.85,-0.321,0.918,85.2,0,-0.359,0.871,ball,ball,,,,,,,,,,,,,,
296,3,1,1,SL,SL,1.0,0.19,0.525,0.169,0.178,77.6,0,0.123,0.192,ball,ball,,,,,,,,,,,,,,
296,4,2,1,FF,FF,1.0,-0.19,0.85,-0.175,0.935,85.2,0,-0.175,0.935,called_strike,strike,,,,,,,,,,,,,,
296,5,2,2,CU,FF,1.02,-0.142,1.07,-0.199,0.963,86.9,1,-0.221,0.912,in_play,,-0.0061,0.0314,0.0026,-7.3307,0.3995,0.3973,91.2,45.0,-12.5,5110,95.8,7.19,double,0.215
297,1,0,0,FF,FF,1.0,0.0,0.85,-0.091,0.812,85.3,1,-0.053,0.76,in_play,,-0.0025,0.0495,-0.0259,-11.1445,0.4052,0.4053,76.1,73.4,-37.9,8079,24.7,5.35,out,0.02
298,1,0,0,CH,CH,1.0,-0.142,0.475,-0.201,0.347,77.5,0,-0.18,0.346,ball,ball,,,,,,,,,,,,,,
298,2,1,0,FF,FF,1.0,0.177,0.947,0.058,0.805,85.3,0,0.061,0.785,called_strike,strike,,,,,,,,,,,,,,
298,3,1,1,SL,SL,1.0,-0.017,0.605,0.04,0.58,77.3,1,-0.023,0.599,swinging_strike,,0.0097,0.0773,0.0431,8.1001,0.4466,0.4488,,,,,,,,
298,4,1,2,CH,CH,1.02,0.057,0.477,-0.083,0.628,78.8,1,-0.051,0.689,swinging_strike,,-0.0183,-0.1338,-0.0163,-38.3513,0.4367,0.4396,,,,,,,,
299,1,0,0,CH,CH,1.0,0.19,0.452,0.172,0.442,77.4,0,0.162,0.424,ball,ball,,,,,,,,,,,,,,
299,2,1,0,CU,CU,1.0,0.19,0.464,0.132,0.12,72.3,0,0.124,0.186,ball,ball,,,,,,,,,,,,,,
299,3,2,0,FF,FF,1.0,0.0,0.85,-0.048,0.774,85.3,1,-0.058,0.758,in_play,,-0.0029,0.0285,0.0072,-11.4509,0.4039,0.4053,92.4,42.0,-19.3,4632,105.3,6.92,double,0.303
